Transaction ID,Quantity,Price Per Unit,Total Spent,Transaction Date,Month,Day,Weekday,Item_Coffee,Item_Cookie,Item_Juice,Item_Salad,Item_Sandwich,Item_Smoothie,Item_Tea,Payment Method_Credit Card,Payment Method_Digital Wallet,Location_Takeaway
TXN_1000555,1.0,1.5,1.5,2023-10-19,10,19,3,0,0,0,0,0,0,1,1,0,0
TXN_1002457,5.0,1.0,5.0,2023-09-29,9,29,4,0,1,0,0,0,0,0,0,1,1
TXN_1003246,2.0,3.0,6.0,2023-02-15,2,15,2,0,0,1,0,0,0,0,0,1,0
TXN_1004184,1.0,4.0,4.0,2023-05-18,5,18,3,0,0,0,0,0,1,0,1,0,0
TXN_1004563,5.0,1.5,7.5,2023-10-28,10,28,5,0,0,0,0,0,0,1,1,0,0
TXN_1005331,1.0,2.0,2.0,2023-11-04,11,4,5,1,0,0,0,0,0,0,0,1,1
TXN_1005377,5.0,3.0,15.0,2023-06-03,6,3,5,0,0,0,0,0,0,0,0,1,1
TXN_1005472,4.0,2.0,8.0,2023-04-21,4,21,4,1,0,0,0,0,0,0,1,0,1
TXN_1006942,1.0,5.0,5.0,2023-11-30,11,30,3,0,0,0,1,0,0,0,1,0,0
TXN_1007347,4.0,5.0,20.0,2023-08-28,8,28,0,0,0,0,1,0,0,0,0,1,0
TXN_1009421,4.0,1.0,4.0,2023-02-21,2,21,1,0,1,0,0,0,0,0,0,0,1
TXN_1010950,1.0,1.0,1.0,2023-01-07,1,7,5,0,1,0,0,0,0,0,0,1,1
TXN_1011236,1.0,3.0,3.0,2023-02-08,2,8,2,0,0,0,0,0,0,0,0,0,0
TXN_1012349,4.0,3.0,12.0,2023-07-08,7,8,5,0,0,0,0,0,0,0,0,0,0
TXN_1015883,4.0,1.0,4.0,2023-10-16,10,16,0,0,1,0,0,0,0,0,0,0,0
TXN_1016246,1.0,2.0,2.0,2023-01-19,1,19,3,1,0,0,0,0,0,0,0,1,1
TXN_1018470,3.0,3.0,9.0,2023-01-14,1,14,5,0,0,1,0,0,0,0,0,1,1
TXN_1018880,5.0,4.0,20.0,2023-07-15,7,15,5,0,0,0,0,0,1,0,0,1,0
TXN_1020478,1.0,2.0,2.0,2023-03-09,3,9,3,1,0,0,0,0,0,0,0,1,1
TXN_1020983,1.0,3.0,3.0,2023-03-23,3,23,3,0,0,1,0,0,0,0,0,1,0
TXN_1021087,1.0,4.0,4.0,2023-11-01,11,1,2,0,0,0,0,1,0,0,0,1,1
TXN_1022220,3.0,3.0,9.0,2023-08-03,8,3,3,0,0,1,0,0,0,0,0,1,1
TXN_1022523,4.0,5.0,20.0,2023-11-25,11,25,5,0,0,0,1,0,0,0,0,0,0
TXN_1025152,4.0,1.0,4.0,2023-08-19,8,19,5,0,1,0,0,0,0,0,0,0,0
TXN_1026050,1.0,3.0,3.0,2023-04-23,4,23,6,0,0,0,0,0,0,0,0,1,0
TXN_1026827,4.0,1.0,4.0,2023-01-02,1,2,0,0,1,0,0,0,0,0,0,1,0
TXN_1030539,3.0,3.0,9.0,2023-11-06,11,6,0,0,0,0,0,0,0,0,0,1,1
TXN_1031802,4.0,1.0,4.0,2023-06-27,6,27,1,0,1,0,0,0,0,0,0,1,0
TXN_1034067,3.0,4.0,12.0,2023-01-07,1,7,5,0,0,0,0,0,1,0,0,1,0
TXN_1034651,3.0,4.0,12.0,2023-07-06,7,6,3,0,0,0,0,1,0,0,1,0,1
TXN_1035504,2.0,4.0,8.0,2023-03-30,3,30,3,0,0,0,0,0,1,0,0,1,1
TXN_1037464,5.0,4.0,20.0,2023-02-14,2,14,1,0,0,0,0,0,1,0,0,1,0
TXN_1038397,3.0,1.0,3.0,2023-05-20,5,20,5,0,1,0,0,0,0,0,0,1,0
TXN_1039367,3.0,4.0,12.0,2023-03-12,3,12,6,0,0,0,0,1,0,0,0,0,1
TXN_1040764,3.0,2.0,6.0,2023-07-27,7,27,3,1,0,0,0,0,0,0,0,0,1
TXN_1041891,5.0,1.0,5.0,2023-08-09,8,9,2,0,1,0,0,0,0,0,0,1,0
TXN_1045022,4.0,4.0,16.0,2023-10-13,10,13,4,0,0,0,0,1,0,0,1,0,1
TXN_1046384,1.0,4.0,4.0,2023-06-09,6,9,4,0,0,0,0,0,1,0,0,0,0
TXN_1046394,1.0,4.0,4.0,2023-04-29,4,29,5,0,0,0,0,0,1,0,0,0,0
TXN_1046659,3.0,4.0,12.0,2023-12-14,12,14,3,0,0,0,0,0,1,0,0,1,1
TXN_1047204,3.0,1.0,3.0,2023-04-13,4,13,3,0,1,0,0,0,0,0,0,1,1
TXN_1047450,2.0,2.0,4.0,2023-11-19,11,19,6,1,0,0,0,0,0,0,0,0,0
TXN_1048284,2.0,5.0,10.0,2023-08-19,8,19,5,0,0,0,1,0,0,0,0,0,0
TXN_1048616,1.0,1.5,1.5,2023-10-10,10,10,1,0,0,0,0,0,0,1,0,0,1
TXN_1049697,3.0,1.5,4.5,2023-10-08,10,8,6,0,0,0,0,0,0,1,0,0,0
TXN_1050083,5.0,3.0,15.0,2023-06-28,6,28,2,0,0,0,0,0,0,0,1,0,1
TXN_1050323,1.0,3.0,3.0,2023-03-10,3,10,4,0,0,1,0,0,0,0,0,1,0
TXN_1054912,3.0,4.0,12.0,2023-08-02,8,2,2,0,0,0,0,1,0,0,0,0,0
TXN_1054915,5.0,1.0,5.0,2023-01-22,1,22,6,0,1,0,0,0,0,0,0,1,0
TXN_1056256,4.0,3.0,12.0,2023-12-04,12,4,0,0,0,0,0,0,0,0,0,1,0
TXN_1056277,5.0,1.0,5.0,2023-02-06,2,6,0,0,1,0,0,0,0,0,0,1,1
TXN_1057209,5.0,1.0,5.0,2023-09-17,9,17,6,0,1,0,0,0,0,0,1,0,0
TXN_1057760,4.0,3.0,12.0,2023-02-20,2,20,0,0,0,1,0,0,0,0,1,0,1
TXN_1058466,3.0,1.0,3.0,2023-12-07,12,7,3,0,1,0,0,0,0,0,0,1,1
TXN_1058927,4.0,4.0,16.0,2023-07-08,7,8,5,0,0,0,0,1,0,0,0,0,1
TXN_1058957,2.0,3.0,6.0,2023-03-21,3,21,1,0,0,1,0,0,0,0,0,0,0
TXN_1059293,5.0,4.0,20.0,2023-12-04,12,4,0,0,0,0,0,0,1,0,0,1,0
TXN_1062822,2.0,3.0,6.0,2023-06-28,6,28,2,0,0,1,0,0,0,0,1,0,1
TXN_1063342,5.0,4.0,20.0,2023-01-13,1,13,4,0,0,0,0,1,0,0,0,1,0
TXN_1063366,3.0,3.0,9.0,2023-03-20,3,20,0,0,0,1,0,0,0,0,0,1,1
TXN_1063524,5.0,4.0,20.0,2023-11-09,11,9,3,0,0,0,0,0,1,0,1,0,1
TXN_1064565,4.0,3.0,12.0,2023-03-14,3,14,1,0,0,1,0,0,0,0,0,1,0
TXN_1065721,4.0,4.0,16.0,2023-12-06,12,6,2,0,0,0,0,1,0,0,0,0,1
TXN_1066604,5.0,4.0,20.0,2023-05-18,5,18,3,0,0,0,0,1,0,0,1,0,0
TXN_1067052,4.0,1.5,6.0,2023-02-18,2,18,5,0,0,0,0,0,0,1,0,1,1
TXN_1068317,3.0,3.0,9.0,2023-03-16,3,16,3,0,0,1,0,0,0,0,0,1,1
TXN_1072232,1.0,4.0,4.0,2023-01-07,1,7,5,0,0,0,0,1,0,0,0,1,0
TXN_1072678,2.0,3.0,6.0,2023-05-30,5,30,1,0,0,1,0,0,0,0,0,0,0
TXN_1072984,4.0,1.5,6.0,2023-01-11,1,11,2,0,0,0,0,0,0,1,0,1,0
TXN_1074435,1.0,2.0,2.0,2023-11-25,11,25,5,1,0,0,0,0,0,0,0,1,0
TXN_1075183,2.0,1.5,3.0,2023-01-09,1,9,0,0,0,0,0,0,0,1,1,0,1
TXN_1075446,4.0,1.0,4.0,2023-07-17,7,17,0,0,1,0,0,0,0,0,1,0,1
TXN_1075969,2.0,1.0,2.0,2023-08-13,8,13,6,0,1,0,0,0,0,0,0,1,1
TXN_1077060,3.0,2.0,6.0,2023-08-22,8,22,1,1,0,0,0,0,0,0,1,0,1
TXN_1077129,1.0,1.0,1.0,2023-09-12,9,12,1,0,1,0,0,0,0,0,0,1,0
TXN_1079239,1.0,4.0,4.0,2023-02-08,2,8,2,0,0,0,0,0,1,0,0,1,1
TXN_1079241,3.0,3.0,9.0,2023-07-16,7,16,6,0,0,1,0,0,0,0,0,1,1
TXN_1079844,2.0,5.0,10.0,2023-10-27,10,27,4,0,0,0,1,0,0,0,0,1,0
TXN_1080377,2.0,3.0,6.0,2023-04-08,4,8,5,0,0,0,0,0,0,0,0,0,1
TXN_1080432,2.0,5.0,10.0,2023-04-29,4,29,5,0,0,0,1,0,0,0,1,0,0
TXN_1082012,5.0,4.0,20.0,2023-01-04,1,4,2,0,0,0,0,0,1,0,1,0,0
TXN_1082421,1.0,5.0,5.0,2023-12-19,12,19,1,0,0,0,1,0,0,0,0,1,0
TXN_1082717,3.0,3.0,9.0,2023-12-13,12,13,2,0,0,1,0,0,0,0,0,1,0
TXN_1084010,2.0,4.0,8.0,2023-08-11,8,11,4,0,0,0,0,0,1,0,1,0,0
TXN_1084222,4.0,2.0,8.0,2023-06-03,6,3,5,1,0,0,0,0,0,0,0,1,0
TXN_1086324,3.0,3.0,9.0,2023-11-25,11,25,5,0,0,0,0,0,0,0,0,1,0
TXN_1088497,1.0,4.0,4.0,2023-07-05,7,5,2,0,0,0,0,1,0,0,0,1,1
TXN_1090854,3.0,1.0,3.0,2023-01-07,1,7,5,0,1,0,0,0,0,0,1,0,0
TXN_1091115,5.0,4.0,20.0,2023-11-04,11,4,5,0,0,0,0,1,0,0,0,0,1
TXN_1091243,2.0,4.0,8.0,2023-01-06,1,6,4,0,0,0,0,1,0,0,0,1,0
TXN_1093668,2.0,2.0,4.0,2023-05-18,5,18,3,1,0,0,0,0,0,0,0,1,1
TXN_1094145,3.0,1.0,3.0,2023-03-15,3,15,2,0,1,0,0,0,0,0,1,0,1
TXN_1094479,3.0,3.0,9.0,2023-06-08,6,8,3,0,0,0,0,0,0,0,0,1,0
TXN_1096690,5.0,4.0,20.0,2023-10-09,10,9,0,0,0,0,0,0,1,0,1,0,1
TXN_1097334,2.0,2.0,4.0,2023-03-21,3,21,1,1,0,0,0,0,0,0,1,0,1
TXN_1099119,4.0,4.0,16.0,2023-02-09,2,9,3,0,0,0,0,0,1,0,0,0,1
TXN_1101527,5.0,4.0,20.0,2023-04-20,4,20,3,0,0,0,0,0,1,0,0,1,0
TXN_1103883,5.0,1.0,5.0,2023-08-09,8,9,2,0,1,0,0,0,0,0,1,0,0
TXN_1104849,4.0,4.0,16.0,2023-07-05,7,5,2,0,0,0,0,0,1,0,0,1,1
TXN_1105589,5.0,2.0,10.0,2023-07-04,7,4,1,1,0,0,0,0,0,0,0,0,1
TXN_1108663,3.0,3.0,9.0,2023-08-16,8,16,2,0,0,1,0,0,0,0,0,0,1
TXN_1109715,1.0,3.0,3.0,2023-07-15,7,15,5,0,0,0,0,0,0,0,0,1,0
TXN_1116119,4.0,4.0,16.0,2023-08-07,8,7,0,0,0,0,0,0,1,0,0,1,0
TXN_1118799,4.0,4.0,16.0,2023-09-19,9,19,1,0,0,0,0,0,1,0,1,0,1
TXN_1120969,2.0,2.0,4.0,2023-04-15,4,15,5,1,0,0,0,0,0,0,1,0,1
TXN_1121833,4.0,2.0,8.0,2023-03-16,3,16,3,1,0,0,0,0,0,0,1,0,0
TXN_1122140,4.0,4.0,16.0,2023-06-19,6,19,0,0,0,0,0,1,0,0,0,0,0
TXN_1122699,5.0,5.0,25.0,2023-10-14,10,14,5,0,0,0,1,0,0,0,0,1,0
TXN_1122700,5.0,5.0,25.0,2023-11-09,11,9,3,0,0,0,1,0,0,0,0,1,0
TXN_1123138,1.0,5.0,5.0,2023-02-10,2,10,4,0,0,0,1,0,0,0,0,0,0
TXN_1123346,3.0,1.5,4.5,2023-07-31,7,31,0,0,0,0,0,0,0,1,0,1,0
TXN_1124311,1.0,1.0,1.0,2023-05-05,5,5,4,0,1,0,0,0,0,0,0,0,1
TXN_1124655,3.0,5.0,15.0,2023-10-23,10,23,0,0,0,0,1,0,0,0,0,0,0
TXN_1124753,4.0,5.0,20.0,2023-10-19,10,19,3,0,0,0,1,0,0,0,0,1,0
TXN_1124796,5.0,1.5,7.5,2023-10-28,10,28,5,0,0,0,0,0,0,1,1,0,0
TXN_1124900,4.0,4.0,16.0,2023-09-08,9,8,4,0,0,0,0,0,1,0,1,0,0
TXN_1128577,1.0,4.0,4.0,2023-11-23,11,23,3,0,0,0,0,1,0,0,0,1,0
TXN_1130142,1.0,1.0,1.0,2023-03-13,3,13,0,0,1,0,0,0,0,0,1,0,0
TXN_1130191,2.0,4.0,8.0,2023-04-06,4,6,3,0,0,0,0,0,1,0,0,0,0
TXN_1131785,1.0,4.0,4.0,2023-12-19,12,19,1,0,0,0,0,1,0,0,0,0,0
TXN_1132293,4.0,1.5,6.0,2023-07-05,7,5,2,0,0,0,0,0,0,1,0,1,0
TXN_1132566,3.0,3.0,9.0,2023-02-27,2,27,0,0,0,0,0,0,0,0,0,0,0
TXN_1133945,2.0,4.0,8.0,2023-10-23,10,23,0,0,0,0,0,0,1,0,0,1,0
TXN_1135215,3.0,4.0,12.0,2023-04-10,4,10,0,0,0,0,0,1,0,0,0,1,0
TXN_1135761,3.0,3.0,9.0,2023-01-30,1,30,0,0,0,0,0,0,0,0,0,1,0
TXN_1136554,3.0,4.0,12.0,2023-03-26,3,26,6,0,0,0,0,0,1,0,0,1,1
TXN_1139495,3.0,5.0,15.0,2023-02-19,2,19,6,0,0,0,1,0,0,0,0,1,1
TXN_1141920,4.0,2.0,8.0,2023-10-26,10,26,3,1,0,0,0,0,0,0,0,1,0
TXN_1142233,5.0,1.5,7.5,2023-09-01,9,1,4,0,0,0,0,0,0,1,0,1,1
TXN_1145592,1.0,3.0,3.0,2023-09-11,9,11,0,0,0,1,0,0,0,0,1,0,1
TXN_1145888,4.0,2.0,8.0,2023-01-26,1,26,3,1,0,0,0,0,0,0,0,0,0
TXN_1148060,5.0,1.0,5.0,2023-10-12,10,12,3,0,1,0,0,0,0,0,0,0,0
TXN_1148874,1.0,1.0,1.0,2023-09-18,9,18,0,0,1,0,0,0,0,0,1,0,0
TXN_1148945,1.0,2.0,2.0,2023-09-05,9,5,1,1,0,0,0,0,0,0,0,1,0
TXN_1149624,3.0,3.0,9.0,2023-09-14,9,14,3,0,0,0,0,0,0,0,0,0,1
TXN_1150033,5.0,3.0,15.0,2023-04-18,4,18,1,0,0,1,0,0,0,0,0,0,0
TXN_1151605,1.0,2.0,2.0,2023-05-02,5,2,1,1,0,0,0,0,0,0,0,1,1
TXN_1152249,3.0,4.0,12.0,2023-05-09,5,9,1,0,0,0,0,0,1,0,0,1,0
TXN_1153869,5.0,4.0,20.0,2023-11-03,11,3,4,0,0,0,0,0,1,0,1,0,1
TXN_1154979,3.0,2.0,6.0,2023-12-11,12,11,0,1,0,0,0,0,0,0,1,0,0
TXN_1157817,1.0,4.0,4.0,2023-04-25,4,25,1,0,0,0,0,0,1,0,0,1,0
TXN_1158197,2.0,2.0,4.0,2023-05-21,5,21,6,1,0,0,0,0,0,0,0,1,1
TXN_1158829,1.0,1.5,1.5,2023-10-02,10,2,0,0,0,0,0,0,0,1,1,0,0
TXN_1161606,5.0,4.0,20.0,2023-09-20,9,20,2,0,0,0,0,1,0,0,1,0,1
TXN_1165762,3.0,2.0,6.0,2023-10-22,10,22,6,1,0,0,0,0,0,0,1,0,0
TXN_1165779,4.0,1.0,4.0,2023-06-30,6,30,4,0,1,0,0,0,0,0,0,1,1
TXN_1169615,5.0,4.0,20.0,2023-03-16,3,16,3,0,0,0,0,0,1,0,0,1,0
TXN_1170198,4.0,1.5,6.0,2023-02-09,2,9,3,0,0,0,0,0,0,1,1,0,0
TXN_1170807,5.0,4.0,20.0,2023-09-15,9,15,4,0,0,0,0,0,1,0,0,1,0
TXN_1171080,3.0,4.0,12.0,2023-07-29,7,29,5,0,0,0,0,1,0,0,1,0,0
TXN_1171281,2.0,2.0,4.0,2023-02-06,2,6,0,1,0,0,0,0,0,0,0,1,1
TXN_1172121,5.0,2.0,10.0,2023-08-26,8,26,5,1,0,0,0,0,0,0,0,0,1
TXN_1173155,1.0,2.0,2.0,2023-03-14,3,14,1,1,0,0,0,0,0,0,0,0,0
TXN_1177438,4.0,5.0,20.0,2023-08-21,8,21,0,0,0,0,1,0,0,0,0,1,1
TXN_1180397,3.0,4.0,12.0,2023-04-05,4,5,2,0,0,0,0,0,1,0,1,0,1
TXN_1180623,5.0,4.0,20.0,2023-09-23,9,23,5,0,0,0,0,1,0,0,0,1,0
TXN_1180969,1.0,1.0,1.0,2023-01-06,1,6,4,0,1,0,0,0,0,0,0,1,0
TXN_1181626,4.0,1.0,4.0,2023-02-06,2,6,0,0,1,0,0,0,0,0,0,1,1
TXN_1183208,5.0,4.0,20.0,2023-08-26,8,26,5,0,0,0,0,0,1,0,0,1,1
TXN_1183212,4.0,3.0,12.0,2023-06-30,6,30,4,0,0,1,0,0,0,0,0,1,0
TXN_1183995,5.0,5.0,25.0,2023-03-28,3,28,1,0,0,0,1,0,0,0,0,1,1
TXN_1184377,1.0,3.0,3.0,2023-10-25,10,25,2,0,0,1,0,0,0,0,0,0,0
TXN_1184715,2.0,3.0,6.0,2023-09-10,9,10,6,0,0,0,0,0,0,0,0,1,1
TXN_1185003,5.0,3.0,15.0,2023-01-06,1,6,4,0,0,1,0,0,0,0,0,0,1
TXN_1185069,1.0,5.0,5.0,2023-02-21,2,21,1,0,0,0,1,0,0,0,0,1,1
TXN_1185156,4.0,4.0,16.0,2023-03-23,3,23,3,0,0,0,0,0,1,0,0,1,1
TXN_1186221,4.0,5.0,20.0,2023-04-21,4,21,4,0,0,0,1,0,0,0,0,0,1
TXN_1188551,2.0,2.0,4.0,2023-03-20,3,20,0,1,0,0,0,0,0,0,0,1,1
TXN_1188596,1.0,3.0,3.0,2023-10-24,10,24,1,0,0,1,0,0,0,0,0,0,1
TXN_1190151,5.0,3.0,15.0,2023-08-14,8,14,0,0,0,1,0,0,0,0,0,1,1
TXN_1190402,1.0,3.0,3.0,2023-12-01,12,1,4,0,0,0,0,0,0,0,1,0,1
TXN_1191068,1.0,5.0,5.0,2023-05-19,5,19,4,0,0,0,1,0,0,0,0,1,1
TXN_1191659,4.0,2.0,8.0,2023-11-21,11,21,1,1,0,0,0,0,0,0,1,0,0
TXN_1192009,1.0,2.0,2.0,2023-05-18,5,18,3,1,0,0,0,0,0,0,0,0,1
TXN_1192970,2.0,2.0,4.0,2023-06-17,6,17,5,1,0,0,0,0,0,0,0,1,1
TXN_1193221,3.0,1.5,4.5,2023-10-21,10,21,5,0,0,0,0,0,0,1,1,0,0
TXN_1193551,1.0,1.0,1.0,2023-01-07,1,7,5,0,1,0,0,0,0,0,0,1,1
TXN_1193809,3.0,1.5,4.5,2023-01-21,1,21,5,0,0,0,0,0,0,1,0,1,0
TXN_1196223,3.0,3.0,9.0,2023-10-14,10,14,5,0,0,1,0,0,0,0,0,1,0
TXN_1196324,4.0,1.5,6.0,2023-09-26,9,26,1,0,0,0,0,0,0,1,1,0,0
TXN_1196923,2.0,4.0,8.0,2023-04-27,4,27,3,0,0,0,0,0,1,0,0,1,1
TXN_1197536,3.0,5.0,15.0,2023-10-02,10,2,0,0,0,0,1,0,0,0,0,1,1
TXN_1199898,1.0,4.0,4.0,2023-10-26,10,26,3,0,0,0,0,0,1,0,1,0,1
TXN_1200795,1.0,4.0,4.0,2023-08-18,8,18,4,0,0,0,0,1,0,0,0,1,0
TXN_1203191,5.0,2.0,10.0,2023-10-12,10,12,3,1,0,0,0,0,0,0,0,1,0
TXN_1203954,1.0,4.0,4.0,2023-08-12,8,12,5,0,0,0,0,1,0,0,0,1,1
TXN_1204426,3.0,4.0,12.0,2023-01-16,1,16,0,0,0,0,0,1,0,0,1,0,0
TXN_1205020,5.0,1.5,7.5,2023-10-03,10,3,1,0,0,0,0,0,0,1,0,0,1
TXN_1205522,5.0,3.0,15.0,2023-12-26,12,26,1,0,0,0,0,0,0,0,0,1,0
TXN_1205610,2.0,1.0,2.0,2023-07-19,7,19,2,0,1,0,0,0,0,0,1,0,0
TXN_1205773,5.0,5.0,25.0,2023-01-27,1,27,4,0,0,0,1,0,0,0,0,0,1
TXN_1206585,2.0,1.5,3.0,2023-06-29,6,29,3,0,0,0,0,0,0,1,0,0,0
TXN_1208561,3.0,2.0,6.0,2023-08-19,8,19,5,1,0,0,0,0,0,0,1,0,1
TXN_1208926,4.0,1.0,4.0,2023-12-07,12,7,3,0,1,0,0,0,0,0,1,0,0
TXN_1209852,2.0,1.0,2.0,2023-11-18,11,18,5,0,1,0,0,0,0,0,1,0,0
TXN_1210058,5.0,1.5,7.5,2023-11-25,11,25,5,0,0,0,0,0,0,1,0,1,1
TXN_1210183,3.0,1.5,4.5,2023-01-23,1,23,0,0,0,0,0,0,0,1,0,1,0
TXN_1212652,3.0,3.0,9.0,2023-01-30,1,30,0,0,0,1,0,0,0,0,1,0,0
TXN_1213938,5.0,5.0,25.0,2023-07-06,7,6,3,0,0,0,1,0,0,0,0,1,1
TXN_1214868,4.0,3.0,12.0,2023-07-30,7,30,6,0,0,1,0,0,0,0,0,0,0
TXN_1216051,4.0,3.0,12.0,2023-10-28,10,28,5,0,0,0,0,0,0,0,0,1,1
TXN_1217810,1.0,1.0,1.0,2023-07-06,7,6,3,0,1,0,0,0,0,0,0,1,0
TXN_1217959,2.0,3.0,6.0,2023-07-28,7,28,4,0,0,1,0,0,0,0,0,1,1
TXN_1218016,3.0,1.5,4.5,2023-11-26,11,26,6,0,0,0,0,0,0,1,0,1,1
TXN_1220061,3.0,4.0,12.0,2023-09-03,9,3,6,0,0,0,0,1,0,0,0,1,0
TXN_1221777,3.0,2.0,6.0,2023-01-29,1,29,6,1,0,0,0,0,0,0,0,1,0
TXN_1221801,2.0,4.0,8.0,2023-06-17,6,17,5,0,0,0,0,0,1,0,0,1,1
TXN_1222338,1.0,1.0,1.0,2023-10-11,10,11,2,0,1,0,0,0,0,0,0,1,0
TXN_1223805,3.0,3.0,9.0,2023-07-04,7,4,1,0,0,1,0,0,0,0,0,0,0
TXN_1224087,5.0,2.0,10.0,2023-03-20,3,20,0,1,0,0,0,0,0,0,0,1,1
TXN_1225638,4.0,3.0,12.0,2023-05-28,5,28,6,0,0,0,0,0,0,0,0,0,1
TXN_1226662,1.0,5.0,5.0,2023-06-17,6,17,5,0,0,0,1,0,0,0,0,1,0
TXN_1227800,3.0,3.0,9.0,2023-02-19,2,19,6,0,0,1,0,0,0,0,0,0,1
TXN_1228474,4.0,4.0,16.0,2023-11-20,11,20,0,0,0,0,0,0,1,0,0,1,0
TXN_1228652,1.0,5.0,5.0,2023-07-24,7,24,0,0,0,0,1,0,0,0,0,0,0
TXN_1228888,1.0,1.0,1.0,2023-10-05,10,5,3,0,1,0,0,0,0,0,1,0,0
TXN_1228927,2.0,1.5,3.0,2023-11-28,11,28,1,0,0,0,0,0,0,1,1,0,1
TXN_1229376,3.0,3.0,9.0,2023-08-14,8,14,0,0,0,0,0,0,0,0,0,1,0
TXN_1230311,3.0,3.0,9.0,2023-08-14,8,14,0,0,0,1,0,0,0,0,0,1,0
TXN_1231366,3.0,4.0,12.0,2023-11-28,11,28,1,0,0,0,0,1,0,0,0,1,1
TXN_1231531,5.0,2.0,10.0,2023-07-24,7,24,0,1,0,0,0,0,0,0,0,1,0
TXN_1232346,5.0,5.0,25.0,2023-01-04,1,4,2,0,0,0,1,0,0,0,0,1,0
TXN_1234097,4.0,1.0,4.0,2023-12-04,12,4,0,0,1,0,0,0,0,0,0,0,0
TXN_1234390,2.0,3.0,6.0,2023-06-02,6,2,4,0,0,0,0,0,0,0,0,1,1
TXN_1234907,1.0,3.0,3.0,2023-05-02,5,2,1,0,0,1,0,0,0,0,1,0,0
TXN_1235828,4.0,1.5,6.0,2023-02-19,2,19,6,0,0,0,0,0,0,1,0,0,1
TXN_1235969,1.0,1.0,1.0,2023-07-08,7,8,5,0,1,0,0,0,0,0,0,1,1
TXN_1236759,1.0,2.0,2.0,2023-01-26,1,26,3,1,0,0,0,0,0,0,1,0,0
TXN_1236779,3.0,3.0,9.0,2023-12-29,12,29,4,0,0,1,0,0,0,0,1,0,0
TXN_1237674,3.0,1.5,4.5,2023-10-04,10,4,2,0,0,0,0,0,0,1,1,0,0
TXN_1239021,5.0,4.0,20.0,2023-09-15,9,15,4,0,0,0,0,1,0,0,1,0,0
TXN_1239876,2.0,4.0,8.0,2023-04-04,4,4,1,0,0,0,0,0,1,0,0,1,0
TXN_1240476,2.0,3.0,6.0,2023-04-20,4,20,3,0,0,1,0,0,0,0,0,1,1
TXN_1242840,1.0,4.0,4.0,2023-08-26,8,26,5,0,0,0,0,0,1,0,1,0,1
TXN_1243964,3.0,1.5,4.5,2023-12-01,12,1,4,0,0,0,0,0,0,1,1,0,1
TXN_1244299,2.0,4.0,8.0,2023-07-18,7,18,1,0,0,0,0,1,0,0,0,0,1
TXN_1244509,3.0,4.0,12.0,2023-02-21,2,21,1,0,0,0,0,0,1,0,1,0,0
TXN_1244593,5.0,5.0,25.0,2023-04-11,4,11,1,0,0,0,1,0,0,0,0,1,0
TXN_1244739,2.0,5.0,10.0,2023-09-13,9,13,2,0,0,0,1,0,0,0,1,0,1
TXN_1245485,1.0,3.0,3.0,2023-05-15,5,15,0,0,0,0,0,0,0,0,0,1,1
TXN_1247244,1.0,4.0,4.0,2023-12-27,12,27,2,0,0,0,0,1,0,0,0,1,0
TXN_1248167,1.0,4.0,4.0,2023-03-05,3,5,6,0,0,0,0,0,1,0,0,0,0
TXN_1248266,3.0,5.0,15.0,2023-10-14,10,14,5,0,0,0,1,0,0,0,1,0,0
TXN_1248436,4.0,3.0,12.0,2023-08-14,8,14,0,0,0,0,0,0,0,0,1,0,1
TXN_1249069,2.0,2.0,4.0,2023-01-22,1,22,6,1,0,0,0,0,0,0,0,1,0
TXN_1250407,1.0,1.0,1.0,2023-11-21,11,21,1,0,1,0,0,0,0,0,1,0,1
TXN_1251960,5.0,4.0,20.0,2023-11-20,11,20,0,0,0,0,0,1,0,0,0,1,1
TXN_1252575,1.0,1.5,1.5,2023-10-16,10,16,0,0,0,0,0,0,0,1,0,1,1
TXN_1253619,5.0,3.0,15.0,2023-05-25,5,25,3,0,0,1,0,0,0,0,0,1,0
TXN_1254663,3.0,2.0,6.0,2023-08-15,8,15,1,1,0,0,0,0,0,0,0,1,1
TXN_1255476,1.0,4.0,4.0,2023-08-28,8,28,0,0,0,0,0,0,1,0,1,0,1
TXN_1256513,4.0,2.0,8.0,2023-02-21,2,21,1,1,0,0,0,0,0,0,1,0,0
TXN_1256536,1.0,5.0,5.0,2023-12-16,12,16,5,0,0,0,1,0,0,0,0,1,1
TXN_1256851,4.0,4.0,16.0,2023-07-29,7,29,5,0,0,0,0,1,0,0,0,0,0
TXN_1259340,3.0,1.5,4.5,2023-02-24,2,24,4,0,0,0,0,0,0,1,0,1,1
TXN_1259671,3.0,4.0,12.0,2023-10-08,10,8,6,0,0,0,0,1,0,0,0,1,0
TXN_1259824,5.0,1.0,5.0,2023-04-29,4,29,5,0,1,0,0,0,0,0,0,1,1
TXN_1260517,5.0,4.0,20.0,2023-04-17,4,17,0,0,0,0,0,0,1,0,0,1,1
TXN_1261028,3.0,3.0,9.0,2023-10-27,10,27,4,0,0,1,0,0,0,0,0,1,0
TXN_1263426,2.0,4.0,8.0,2023-10-20,10,20,4,0,0,0,0,1,0,0,0,1,0
TXN_1266278,1.0,4.0,4.0,2023-11-03,11,3,4,0,0,0,0,0,1,0,0,1,1
TXN_1266598,4.0,3.0,12.0,2023-04-05,4,5,2,0,0,0,0,0,0,0,0,1,1
TXN_1267753,3.0,1.5,4.5,2023-06-28,6,28,2,0,0,0,0,0,0,1,1,0,1
TXN_1268480,5.0,5.0,25.0,2023-04-18,4,18,1,0,0,0,1,0,0,0,0,0,0
TXN_1268811,1.0,5.0,5.0,2023-01-04,1,4,2,0,0,0,1,0,0,0,0,0,0
TXN_1269172,1.0,4.0,4.0,2023-08-22,8,22,1,0,0,0,0,1,0,0,0,0,1
TXN_1269252,1.0,3.0,3.0,2023-07-18,7,18,1,0,0,0,0,0,0,0,0,1,1
TXN_1270603,4.0,3.0,12.0,2023-12-03,12,3,6,0,0,1,0,0,0,0,1,0,1
TXN_1272118,4.0,1.0,4.0,2023-04-21,4,21,4,0,1,0,0,0,0,0,1,0,1
TXN_1272815,4.0,3.0,12.0,2023-08-07,8,7,0,0,0,1,0,0,0,0,1,0,0
TXN_1275124,3.0,2.0,6.0,2023-06-21,6,21,2,1,0,0,0,0,0,0,0,1,1
TXN_1277813,5.0,3.0,15.0,2023-09-11,9,11,0,0,0,1,0,0,0,0,0,1,1
TXN_1277989,5.0,1.5,7.5,2023-08-09,8,9,2,0,0,0,0,0,0,1,0,1,0
TXN_1278539,1.0,1.5,1.5,2023-04-04,4,4,1,0,0,0,0,0,0,1,1,0,1
TXN_1279428,1.0,5.0,5.0,2023-03-02,3,2,3,0,0,0,1,0,0,0,0,1,1
TXN_1281536,5.0,4.0,20.0,2023-03-19,3,19,6,0,0,0,0,0,1,0,0,1,0
TXN_1282260,5.0,4.0,20.0,2023-07-21,7,21,4,0,0,0,0,1,0,0,0,1,0
TXN_1283149,2.0,5.0,10.0,2023-01-23,1,23,0,0,0,0,1,0,0,0,1,0,0
TXN_1285279,2.0,2.0,4.0,2023-04-09,4,9,6,1,0,0,0,0,0,0,0,0,1
TXN_1286779,4.0,4.0,16.0,2023-04-13,4,13,3,0,0,0,0,0,1,0,1,0,0
TXN_1289133,1.0,3.0,3.0,2023-09-19,9,19,1,0,0,1,0,0,0,0,0,0,1
TXN_1292430,1.0,4.0,4.0,2023-03-09,3,9,3,0,0,0,0,0,1,0,1,0,1
TXN_1292476,4.0,3.0,12.0,2023-09-07,9,7,3,0,0,1,0,0,0,0,0,1,1
TXN_1293057,2.0,1.5,3.0,2023-07-03,7,3,0,0,0,0,0,0,0,1,0,1,0
TXN_1294101,5.0,1.5,7.5,2023-03-31,3,31,4,0,0,0,0,0,0,1,0,1,1
TXN_1295824,1.0,1.5,1.5,2023-08-01,8,1,1,0,0,0,0,0,0,1,1,0,1
TXN_1296879,1.0,3.0,3.0,2023-11-17,11,17,4,0,0,0,0,0,0,0,0,1,1
TXN_1297663,5.0,4.0,20.0,2023-09-12,9,12,1,0,0,0,0,0,1,0,1,0,1
TXN_1298084,2.0,1.5,3.0,2023-01-02,1,2,0,0,0,0,0,0,0,1,1,0,1
TXN_1299936,1.0,2.0,2.0,2023-03-27,3,27,0,1,0,0,0,0,0,0,0,1,1
TXN_1299959,5.0,4.0,20.0,2023-06-23,6,23,4,0,0,0,0,0,1,0,0,0,1
TXN_1302920,2.0,2.0,4.0,2023-08-16,8,16,2,1,0,0,0,0,0,0,1,0,0
TXN_1303984,4.0,5.0,20.0,2023-07-24,7,24,0,0,0,0,1,0,0,0,0,1,0
TXN_1307239,1.0,2.0,2.0,2023-10-26,10,26,3,1,0,0,0,0,0,0,0,1,1
TXN_1309055,2.0,2.0,4.0,2023-11-09,11,9,3,1,0,0,0,0,0,0,1,0,1
TXN_1310741,3.0,4.0,12.0,2023-07-25,7,25,1,0,0,0,0,1,0,0,0,1,1
TXN_1311237,4.0,1.0,4.0,2023-11-11,11,11,5,0,1,0,0,0,0,0,1,0,0
TXN_1311519,5.0,4.0,20.0,2023-01-28,1,28,5,0,0,0,0,0,1,0,0,0,0
TXN_1313643,4.0,3.0,12.0,2023-02-11,2,11,5,0,0,0,0,0,0,0,0,1,0
TXN_1313701,2.0,1.0,2.0,2023-10-03,10,3,1,0,1,0,0,0,0,0,0,1,1
TXN_1315214,2.0,1.5,3.0,2023-11-03,11,3,4,0,0,0,0,0,0,1,0,1,0
TXN_1315847,1.0,3.0,3.0,2023-06-19,6,19,0,0,0,0,0,0,0,0,0,1,0
TXN_1316036,2.0,3.0,6.0,2023-10-27,10,27,4,0,0,1,0,0,0,0,0,0,1
TXN_1317114,2.0,1.0,2.0,2023-11-06,11,6,0,0,1,0,0,0,0,0,0,1,1
TXN_1318238,1.0,4.0,4.0,2023-09-23,9,23,5,0,0,0,0,1,0,0,0,1,1
TXN_1318943,2.0,2.0,4.0,2023-06-13,6,13,1,1,0,0,0,0,0,0,0,0,0
TXN_1319834,1.0,1.0,1.0,2023-03-31,3,31,4,0,1,0,0,0,0,0,0,1,1
TXN_1322421,4.0,3.0,12.0,2023-03-05,3,5,6,0,0,1,0,0,0,0,1,0,1
TXN_1322520,5.0,5.0,25.0,2023-07-12,7,12,2,0,0,0,1,0,0,0,0,0,1
TXN_1323030,4.0,5.0,20.0,2023-03-30,3,30,3,0,0,0,1,0,0,0,0,1,0
TXN_1324760,4.0,1.5,6.0,2023-01-18,1,18,2,0,0,0,0,0,0,1,0,0,0
TXN_1324930,5.0,4.0,20.0,2023-01-11,1,11,2,0,0,0,0,1,0,0,1,0,1
TXN_1324968,3.0,1.0,3.0,2023-01-05,1,5,3,0,1,0,0,0,0,0,1,0,0
TXN_1325631,4.0,3.0,12.0,2023-02-11,2,11,5,0,0,0,0,0,0,0,1,0,0
TXN_1326993,3.0,1.0,3.0,2023-12-30,12,30,5,0,1,0,0,0,0,0,0,1,0
TXN_1328230,5.0,4.0,20.0,2023-02-03,2,3,4,0,0,0,0,1,0,0,0,0,0
TXN_1328953,3.0,4.0,12.0,2023-12-28,12,28,3,0,0,0,0,0,1,0,0,1,1
TXN_1328968,1.0,1.5,1.5,2023-06-28,6,28,2,0,0,0,0,0,0,1,0,1,0
TXN_1329167,5.0,1.5,7.5,2023-01-14,1,14,5,0,0,0,0,0,0,1,0,1,1
TXN_1330506,3.0,1.0,3.0,2023-11-10,11,10,4,0,1,0,0,0,0,0,0,1,1
TXN_1332623,2.0,1.0,2.0,2023-07-15,7,15,5,0,1,0,0,0,0,0,0,1,1
TXN_1333524,2.0,3.0,6.0,2023-05-05,5,5,4,0,0,0,0,0,0,0,1,0,1
TXN_1333682,1.0,4.0,4.0,2023-01-28,1,28,5,0,0,0,0,0,1,0,0,1,0
TXN_1334406,1.0,3.0,3.0,2023-09-26,9,26,1,0,0,1,0,0,0,0,0,1,0
TXN_1335256,5.0,2.0,10.0,2023-08-04,8,4,4,1,0,0,0,0,0,0,0,1,1
TXN_1335337,3.0,1.5,4.5,2023-09-06,9,6,2,0,0,0,0,0,0,1,1,0,0
TXN_1336470,1.0,1.5,1.5,2023-12-22,12,22,4,0,0,0,0,0,0,1,0,0,0
TXN_1336727,2.0,4.0,8.0,2023-10-18,10,18,2,0,0,0,0,0,1,0,0,1,0
TXN_1336900,5.0,2.0,10.0,2023-01-16,1,16,0,1,0,0,0,0,0,0,1,0,0
TXN_1339457,3.0,4.0,12.0,2023-05-23,5,23,1,0,0,0,0,0,1,0,0,1,0
TXN_1340358,3.0,4.0,12.0,2023-06-09,6,9,4,0,0,0,0,1,0,0,0,0,1
TXN_1340956,4.0,2.0,8.0,2023-10-26,10,26,3,1,0,0,0,0,0,0,0,1,0
TXN_1342359,4.0,3.0,12.0,2023-07-14,7,14,4,0,0,0,0,0,0,0,0,0,1
TXN_1342487,3.0,3.0,9.0,2023-09-21,9,21,3,0,0,1,0,0,0,0,1,0,1
TXN_1343750,2.0,1.0,2.0,2023-02-15,2,15,2,0,1,0,0,0,0,0,0,1,1
TXN_1344947,3.0,3.0,9.0,2023-02-16,2,16,3,0,0,0,0,0,0,0,0,1,1
TXN_1345440,5.0,5.0,25.0,2023-06-20,6,20,1,0,0,0,1,0,0,0,0,0,1
TXN_1346517,1.0,2.0,2.0,2023-03-20,3,20,0,1,0,0,0,0,0,0,0,1,1
TXN_1346936,5.0,1.0,5.0,2023-10-10,10,10,1,0,1,0,0,0,0,0,0,1,0
TXN_1346953,3.0,1.5,4.5,2023-09-24,9,24,6,0,0,0,0,0,0,1,0,1,0
TXN_1347965,5.0,1.0,5.0,2023-02-19,2,19,6,0,1,0,0,0,0,0,0,1,0
TXN_1348274,5.0,3.0,15.0,2023-11-14,11,14,1,0,0,0,0,0,0,0,0,1,0
TXN_1349215,1.0,4.0,4.0,2023-02-06,2,6,0,0,0,0,0,0,1,0,0,1,0
TXN_1349640,2.0,3.0,6.0,2023-06-17,6,17,5,0,0,1,0,0,0,0,1,0,0
TXN_1349738,3.0,4.0,12.0,2023-03-26,3,26,6,0,0,0,0,1,0,0,0,0,1
TXN_1350239,5.0,4.0,20.0,2023-11-18,11,18,5,0,0,0,0,0,1,0,0,0,1
TXN_1351151,1.0,4.0,4.0,2023-10-03,10,3,1,0,0,0,0,0,1,0,1,0,1
TXN_1353248,3.0,4.0,12.0,2023-09-03,9,3,6,0,0,0,0,1,0,0,0,0,0
TXN_1353266,1.0,4.0,4.0,2023-08-30,8,30,2,0,0,0,0,0,1,0,0,1,1
TXN_1353479,4.0,4.0,16.0,2023-09-20,9,20,2,0,0,0,0,0,1,0,0,0,0
TXN_1354464,5.0,3.0,15.0,2023-03-18,3,18,5,0,0,0,0,0,0,0,0,1,0
TXN_1355212,2.0,2.0,4.0,2023-05-25,5,25,3,1,0,0,0,0,0,0,0,1,1
TXN_1356599,2.0,1.0,2.0,2023-12-14,12,14,3,0,1,0,0,0,0,0,0,0,1
TXN_1357780,4.0,1.5,6.0,2023-10-23,10,23,0,0,0,0,0,0,0,1,1,0,0
TXN_1360379,1.0,1.5,1.5,2023-08-23,8,23,2,0,0,0,0,0,0,1,1,0,1
TXN_1360872,2.0,2.0,4.0,2023-11-04,11,4,5,1,0,0,0,0,0,0,1,0,0
TXN_1360998,2.0,1.0,2.0,2023-07-30,7,30,6,0,1,0,0,0,0,0,0,0,1
TXN_1363508,4.0,5.0,20.0,2023-08-08,8,8,1,0,0,0,1,0,0,0,0,0,0
TXN_1364211,2.0,5.0,10.0,2023-03-08,3,8,2,0,0,0,1,0,0,0,0,0,0
TXN_1365285,5.0,3.0,15.0,2023-06-11,6,11,6,0,0,1,0,0,0,0,1,0,0
TXN_1367003,5.0,5.0,25.0,2023-11-10,11,10,4,0,0,0,1,0,0,0,0,0,0
TXN_1367723,3.0,2.0,6.0,2023-10-25,10,25,2,1,0,0,0,0,0,0,0,0,0
TXN_1368769,3.0,1.0,3.0,2023-06-02,6,2,4,0,1,0,0,0,0,0,1,0,1
TXN_1370465,4.0,1.0,4.0,2023-03-25,3,25,5,0,1,0,0,0,0,0,0,1,1
TXN_1371554,2.0,4.0,8.0,2023-05-19,5,19,4,0,0,0,0,1,0,0,0,0,1
TXN_1371708,2.0,1.0,2.0,2023-03-14,3,14,1,0,1,0,0,0,0,0,0,1,1
TXN_1372003,4.0,1.5,6.0,2023-10-13,10,13,4,0,0,0,0,0,0,1,0,1,1
TXN_1372492,4.0,5.0,20.0,2023-03-28,3,28,1,0,0,0,1,0,0,0,0,0,1
TXN_1372991,4.0,2.0,8.0,2023-11-17,11,17,4,1,0,0,0,0,0,0,0,1,0
TXN_1373048,5.0,5.0,25.0,2023-08-31,8,31,3,0,0,0,1,0,0,0,0,1,0
TXN_1374424,5.0,4.0,20.0,2023-04-24,4,24,0,0,0,0,0,1,0,0,0,1,1
TXN_1375992,5.0,2.0,10.0,2023-03-23,3,23,3,1,0,0,0,0,0,0,1,0,0
TXN_1379209,5.0,1.5,7.5,2023-02-06,2,6,0,0,0,0,0,0,0,1,1,0,0
TXN_1380601,4.0,1.5,6.0,2023-03-11,3,11,5,0,0,0,0,0,0,1,0,1,0
TXN_1386024,4.0,3.0,12.0,2023-05-21,5,21,6,0,0,0,0,0,0,0,1,0,0
TXN_1387062,5.0,4.0,20.0,2023-08-22,8,22,1,0,0,0,0,0,1,0,1,0,0
TXN_1387401,4.0,1.0,4.0,2023-10-19,10,19,3,0,1,0,0,0,0,0,0,0,0
TXN_1388606,3.0,3.0,9.0,2023-08-31,8,31,3,0,0,0,0,0,0,0,0,1,1
TXN_1389258,1.0,5.0,5.0,2023-12-31,12,31,6,0,0,0,1,0,0,0,0,0,1
TXN_1390754,2.0,3.0,6.0,2023-11-08,11,8,2,0,0,0,0,0,0,0,0,1,1
TXN_1390917,1.0,4.0,4.0,2023-01-16,1,16,0,0,0,0,0,1,0,0,1,0,0
TXN_1392546,2.0,3.0,6.0,2023-12-06,12,6,2,0,0,0,0,0,0,0,0,1,0
TXN_1394131,4.0,3.0,12.0,2023-06-13,6,13,1,0,0,1,0,0,0,0,0,1,1
TXN_1395083,1.0,3.0,3.0,2023-07-08,7,8,5,0,0,1,0,0,0,0,0,0,0
TXN_1396019,4.0,2.0,8.0,2023-12-03,12,3,6,1,0,0,0,0,0,0,0,0,0
TXN_1398511,5.0,2.0,10.0,2023-12-19,12,19,1,1,0,0,0,0,0,0,0,1,1
TXN_1398769,1.0,4.0,4.0,2023-06-02,6,2,4,0,0,0,0,0,1,0,0,0,0
TXN_1399696,5.0,3.0,15.0,2023-04-08,4,8,5,0,0,0,0,0,0,0,0,0,0
TXN_1401771,2.0,4.0,8.0,2023-12-08,12,8,4,0,0,0,0,1,0,0,0,0,0
TXN_1402641,3.0,1.5,4.5,2023-09-12,9,12,1,0,0,0,0,0,0,1,1,0,1
TXN_1405124,3.0,4.0,12.0,2023-08-03,8,3,3,0,0,0,0,1,0,0,0,1,1
TXN_1405498,2.0,3.0,6.0,2023-12-31,12,31,6,0,0,1,0,0,0,0,0,0,1
TXN_1408709,5.0,4.0,20.0,2023-04-14,4,14,4,0,0,0,0,0,1,0,0,0,1
TXN_1410102,1.0,5.0,5.0,2023-06-23,6,23,4,0,0,0,1,0,0,0,0,0,0
TXN_1411473,3.0,2.0,6.0,2023-01-04,1,4,2,1,0,0,0,0,0,0,1,0,0
TXN_1411744,4.0,4.0,16.0,2023-09-17,9,17,6,0,0,0,0,0,1,0,1,0,1
TXN_1412415,3.0,3.0,9.0,2023-02-24,2,24,4,0,0,1,0,0,0,0,0,0,0
TXN_1413304,5.0,5.0,25.0,2023-03-17,3,17,4,0,0,0,1,0,0,0,0,1,1
TXN_1413310,3.0,4.0,12.0,2023-04-06,4,6,3,0,0,0,0,0,1,0,0,1,1
TXN_1413335,1.0,5.0,5.0,2023-05-17,5,17,2,0,0,0,1,0,0,0,0,1,1
TXN_1414039,4.0,3.0,12.0,2023-02-13,2,13,0,0,0,1,0,0,0,0,0,1,0
TXN_1417291,4.0,3.0,12.0,2023-05-11,5,11,3,0,0,1,0,0,0,0,0,1,0
TXN_1417400,2.0,1.0,2.0,2023-03-20,3,20,0,0,1,0,0,0,0,0,0,0,0
TXN_1417724,2.0,4.0,8.0,2023-06-07,6,7,2,0,0,0,0,1,0,0,0,1,1
TXN_1417871,3.0,5.0,15.0,2023-03-12,3,12,6,0,0,0,1,0,0,0,0,0,1
TXN_1418829,1.0,4.0,4.0,2023-09-19,9,19,1,0,0,0,0,0,1,0,0,1,1
TXN_1419188,5.0,3.0,15.0,2023-11-26,11,26,6,0,0,0,0,0,0,0,1,0,0
TXN_1419669,5.0,3.0,15.0,2023-03-07,3,7,1,0,0,0,0,0,0,0,0,0,1
TXN_1419790,3.0,4.0,12.0,2023-01-06,1,6,4,0,0,0,0,1,0,0,0,1,0
TXN_1422305,4.0,4.0,16.0,2023-03-09,3,9,3,0,0,0,0,1,0,0,0,1,0
TXN_1423173,5.0,4.0,20.0,2023-10-02,10,2,0,0,0,0,0,0,1,0,1,0,1
TXN_1424056,1.0,4.0,4.0,2023-07-31,7,31,0,0,0,0,0,0,1,0,0,0,1
TXN_1425215,1.0,3.0,3.0,2023-03-13,3,13,0,0,0,1,0,0,0,0,0,0,1
TXN_1425591,1.0,4.0,4.0,2023-09-10,9,10,6,0,0,0,0,0,1,0,0,0,1
TXN_1427485,3.0,2.0,6.0,2023-07-19,7,19,2,1,0,0,0,0,0,0,1,0,0
TXN_1427963,1.0,2.0,2.0,2023-10-14,10,14,5,1,0,0,0,0,0,0,0,0,0
TXN_1429325,2.0,4.0,8.0,2023-04-20,4,20,3,0,0,0,0,0,1,0,0,0,1
TXN_1429858,4.0,1.0,4.0,2023-03-15,3,15,2,0,1,0,0,0,0,0,1,0,1
TXN_1430778,1.0,1.5,1.5,2023-05-26,5,26,4,0,0,0,0,0,0,1,1,0,1
TXN_1432682,1.0,1.5,1.5,2023-07-11,7,11,1,0,0,0,0,0,0,1,0,1,0
TXN_1434598,5.0,4.0,20.0,2023-11-18,11,18,5,0,0,0,0,1,0,0,0,0,1
TXN_1434857,5.0,3.0,15.0,2023-01-13,1,13,4,0,0,0,0,0,0,0,0,1,0
TXN_1435035,1.0,4.0,4.0,2023-12-31,12,31,6,0,0,0,0,0,1,0,0,0,0
TXN_1435086,5.0,3.0,15.0,2023-02-09,2,9,3,0,0,0,0,0,0,0,0,1,0
TXN_1435192,2.0,3.0,6.0,2023-06-18,6,18,6,0,0,0,0,0,0,0,0,1,0
TXN_1436343,1.0,1.0,1.0,2023-11-26,11,26,6,0,1,0,0,0,0,0,1,0,0
TXN_1436851,5.0,4.0,20.0,2023-07-28,7,28,4,0,0,0,0,1,0,0,0,0,1
TXN_1437083,2.0,4.0,8.0,2023-03-15,3,15,2,0,0,0,0,0,1,0,1,0,0
TXN_1437275,3.0,2.0,6.0,2023-07-22,7,22,5,1,0,0,0,0,0,0,1,0,1
TXN_1438257,4.0,5.0,20.0,2023-06-13,6,13,1,0,0,0,1,0,0,0,1,0,1
TXN_1439390,4.0,3.0,12.0,2023-02-14,2,14,1,0,0,1,0,0,0,0,0,1,0
TXN_1442096,3.0,1.0,3.0,2023-06-27,6,27,1,0,1,0,0,0,0,0,1,0,0
TXN_1442771,1.0,3.0,3.0,2023-04-25,4,25,1,0,0,1,0,0,0,0,0,1,0
TXN_1442791,1.0,1.5,1.5,2023-03-23,3,23,3,0,0,0,0,0,0,1,0,1,0
TXN_1443201,5.0,1.0,5.0,2023-10-03,10,3,1,0,1,0,0,0,0,0,1,0,0
TXN_1443912,2.0,3.0,6.0,2023-06-08,6,8,3,0,0,1,0,0,0,0,0,1,0
TXN_1443928,4.0,3.0,12.0,2023-12-03,12,3,6,0,0,0,0,0,0,0,0,0,1
TXN_1444479,1.0,3.0,3.0,2023-12-10,12,10,6,0,0,1,0,0,0,0,1,0,1
TXN_1444932,1.0,4.0,4.0,2023-05-24,5,24,2,0,0,0,0,0,1,0,0,0,0
TXN_1445532,3.0,2.0,6.0,2023-03-03,3,3,4,1,0,0,0,0,0,0,0,0,1
TXN_1446862,3.0,3.0,9.0,2023-09-26,9,26,1,0,0,0,0,0,0,0,0,1,1
TXN_1448501,4.0,3.0,12.0,2023-09-10,9,10,6,0,0,0,0,0,0,0,1,0,1
TXN_1449065,2.0,5.0,10.0,2023-10-03,10,3,1,0,0,0,1,0,0,0,0,0,0
TXN_1449866,4.0,5.0,20.0,2023-09-21,9,21,3,0,0,0,1,0,0,0,0,0,1
TXN_1450705,5.0,1.0,5.0,2023-10-07,10,7,5,0,1,0,0,0,0,0,0,1,1
TXN_1452253,2.0,4.0,8.0,2023-05-12,5,12,4,0,0,0,0,1,0,0,0,1,0
TXN_1452931,1.0,1.5,1.5,2023-07-08,7,8,5,0,0,0,0,0,0,1,0,1,1
TXN_1453579,5.0,4.0,20.0,2023-01-21,1,21,5,0,0,0,0,1,0,0,1,0,0
TXN_1454467,3.0,3.0,9.0,2023-03-15,3,15,2,0,0,1,0,0,0,0,0,0,0
TXN_1454730,5.0,2.0,10.0,2023-07-21,7,21,4,1,0,0,0,0,0,0,0,1,1
TXN_1454866,1.0,4.0,4.0,2023-12-13,12,13,2,0,0,0,0,1,0,0,0,1,1
TXN_1456374,5.0,1.0,5.0,2023-02-15,2,15,2,0,1,0,0,0,0,0,0,0,1
TXN_1458905,1.0,4.0,4.0,2023-02-19,2,19,6,0,0,0,0,1,0,0,0,1,1
TXN_1459078,5.0,1.0,5.0,2023-11-10,11,10,4,0,1,0,0,0,0,0,0,1,0
TXN_1460963,3.0,2.0,6.0,2023-02-10,2,10,4,1,0,0,0,0,0,0,0,0,0
TXN_1461221,2.0,5.0,10.0,2023-04-30,4,30,6,0,0,0,1,0,0,0,0,0,0
TXN_1461246,1.0,4.0,4.0,2023-06-01,6,1,3,0,0,0,0,0,1,0,0,0,0
TXN_1461895,5.0,3.0,15.0,2023-06-17,6,17,5,0,0,1,0,0,0,0,0,1,0
TXN_1463795,5.0,2.0,10.0,2023-08-04,8,4,4,1,0,0,0,0,0,0,1,0,0
TXN_1464150,5.0,2.0,10.0,2023-02-14,2,14,1,1,0,0,0,0,0,0,0,0,1
TXN_1464694,1.0,4.0,4.0,2023-07-23,7,23,6,0,0,0,0,1,0,0,0,1,0
TXN_1465584,1.0,4.0,4.0,2023-04-29,4,29,5,0,0,0,0,1,0,0,1,0,0
TXN_1466002,3.0,3.0,9.0,2023-11-23,11,23,3,0,0,1,0,0,0,0,0,1,1
TXN_1467367,3.0,4.0,12.0,2023-02-18,2,18,5,0,0,0,0,1,0,0,0,1,1
TXN_1467546,3.0,1.0,3.0,2023-07-20,7,20,3,0,1,0,0,0,0,0,0,1,1
TXN_1469462,1.0,3.0,3.0,2023-09-05,9,5,1,0,0,0,0,0,0,0,1,0,1
TXN_1472433,1.0,2.0,2.0,2023-04-05,4,5,2,1,0,0,0,0,0,0,0,1,1
TXN_1473693,4.0,4.0,16.0,2023-05-14,5,14,6,0,0,0,0,0,1,0,0,1,1
TXN_1474329,2.0,4.0,8.0,2023-03-02,3,2,3,0,0,0,0,0,1,0,0,1,1
TXN_1475459,4.0,1.5,6.0,2023-11-09,11,9,3,0,0,0,0,0,0,1,0,1,1
TXN_1476066,2.0,4.0,8.0,2023-10-19,10,19,3,0,0,0,0,0,1,0,0,0,1
TXN_1476711,2.0,1.5,3.0,2023-01-26,1,26,3,0,0,0,0,0,0,1,0,1,1
TXN_1476775,3.0,5.0,15.0,2023-11-01,11,1,2,0,0,0,1,0,0,0,1,0,1
TXN_1477525,3.0,5.0,15.0,2023-11-06,11,6,0,0,0,0,1,0,0,0,0,0,1
TXN_1478016,4.0,1.0,4.0,2023-08-04,8,4,4,0,1,0,0,0,0,0,1,0,0
TXN_1481116,2.0,1.5,3.0,2023-02-26,2,26,6,0,0,0,0,0,0,1,0,1,0
TXN_1482123,1.0,2.0,2.0,2023-06-17,6,17,5,1,0,0,0,0,0,0,0,0,0
TXN_1485725,5.0,5.0,25.0,2023-12-10,12,10,6,0,0,0,1,0,0,0,0,1,0
TXN_1486119,4.0,1.0,4.0,2023-08-24,8,24,3,0,1,0,0,0,0,0,0,0,0
TXN_1486576,4.0,4.0,16.0,2023-09-10,9,10,6,0,0,0,0,1,0,0,0,1,1
TXN_1487762,3.0,1.5,4.5,2023-02-07,2,7,1,0,0,0,0,0,0,1,0,1,0
TXN_1488127,5.0,1.5,7.5,2023-12-12,12,12,1,0,0,0,0,0,0,1,0,1,1
TXN_1488458,4.0,2.0,8.0,2023-08-21,8,21,0,1,0,0,0,0,0,0,0,1,1
TXN_1488481,4.0,2.0,8.0,2023-07-28,7,28,4,1,0,0,0,0,0,0,1,0,1
TXN_1489194,3.0,2.0,6.0,2023-07-18,7,18,1,1,0,0,0,0,0,0,0,1,1
TXN_1489200,1.0,3.0,3.0,2023-03-27,3,27,0,0,0,1,0,0,0,0,1,0,1
TXN_1489218,2.0,5.0,10.0,2023-09-13,9,13,2,0,0,0,1,0,0,0,0,1,1
TXN_1489746,3.0,1.0,3.0,2023-12-18,12,18,0,0,1,0,0,0,0,0,0,1,0
TXN_1491299,2.0,3.0,6.0,2023-02-27,2,27,0,0,0,1,0,0,0,0,1,0,0
TXN_1491578,2.0,1.0,2.0,2023-02-23,2,23,3,0,1,0,0,0,0,0,0,1,0
TXN_1491670,5.0,3.0,15.0,2023-06-28,6,28,2,0,0,1,0,0,0,0,1,0,1
TXN_1492585,3.0,4.0,12.0,2023-01-17,1,17,1,0,0,0,0,1,0,0,0,0,1
TXN_1493452,3.0,4.0,12.0,2023-11-08,11,8,2,0,0,0,0,1,0,0,0,1,0
TXN_1494608,3.0,1.5,4.5,2023-05-07,5,7,6,0,0,0,0,0,0,1,1,0,0
TXN_1495371,2.0,4.0,8.0,2023-07-21,7,21,4,0,0,0,0,1,0,0,1,0,1
TXN_1496038,4.0,3.0,12.0,2023-12-22,12,22,4,0,0,1,0,0,0,0,1,0,0
TXN_1496962,5.0,4.0,20.0,2023-12-17,12,17,6,0,0,0,0,0,1,0,0,1,0
TXN_1498343,2.0,5.0,10.0,2023-03-31,3,31,4,0,0,0,1,0,0,0,1,0,1
TXN_1499208,1.0,4.0,4.0,2023-11-01,11,1,2,0,0,0,0,1,0,0,0,0,1
TXN_1499346,5.0,3.0,15.0,2023-12-09,12,9,5,0,0,0,0,0,0,0,0,1,0
TXN_1503602,5.0,1.5,7.5,2023-12-16,12,16,5,0,0,0,0,0,0,1,0,1,1
TXN_1503903,1.0,1.5,1.5,2023-03-20,3,20,0,0,0,0,0,0,0,1,0,0,1
TXN_1504466,1.0,2.0,2.0,2023-11-07,11,7,1,1,0,0,0,0,0,0,0,0,1
TXN_1505837,3.0,4.0,12.0,2023-12-15,12,15,4,0,0,0,0,1,0,0,1,0,0
TXN_1505875,4.0,4.0,16.0,2023-05-17,5,17,2,0,0,0,0,0,1,0,0,0,1
TXN_1505947,3.0,1.0,3.0,2023-11-21,11,21,1,0,1,0,0,0,0,0,0,0,1
TXN_1509627,4.0,3.0,12.0,2023-03-23,3,23,3,0,0,1,0,0,0,0,0,1,0
TXN_1510315,3.0,2.0,6.0,2023-02-28,2,28,1,1,0,0,0,0,0,0,0,0,1
TXN_1510406,3.0,5.0,15.0,2023-01-12,1,12,3,0,0,0,1,0,0,0,0,1,0
TXN_1510673,3.0,3.0,9.0,2023-02-26,2,26,6,0,0,1,0,0,0,0,0,1,1
TXN_1512118,4.0,5.0,20.0,2023-03-01,3,1,2,0,0,0,1,0,0,0,0,0,0
TXN_1512159,2.0,3.0,6.0,2023-11-25,11,25,5,0,0,0,0,0,0,0,1,0,0
TXN_1512184,3.0,2.0,6.0,2023-01-28,1,28,5,1,0,0,0,0,0,0,0,1,1
TXN_1512185,4.0,2.0,8.0,2023-06-16,6,16,4,1,0,0,0,0,0,0,0,0,1
TXN_1514364,5.0,2.0,10.0,2023-01-21,1,21,5,1,0,0,0,0,0,0,0,1,0
TXN_1515059,4.0,3.0,12.0,2023-10-25,10,25,2,0,0,1,0,0,0,0,0,1,0
TXN_1516182,1.0,1.0,1.0,2023-06-18,6,18,6,0,1,0,0,0,0,0,0,1,1
TXN_1516961,3.0,4.0,12.0,2023-11-01,11,1,2,0,0,0,0,1,0,0,1,0,1
TXN_1518379,4.0,3.0,12.0,2023-08-12,8,12,5,0,0,1,0,0,0,0,0,1,0
TXN_1521486,4.0,5.0,20.0,2023-01-28,1,28,5,0,0,0,1,0,0,0,0,1,1
TXN_1521861,5.0,3.0,15.0,2023-04-02,4,2,6,0,0,1,0,0,0,0,0,0,0
TXN_1522122,5.0,1.0,5.0,2023-02-14,2,14,1,0,1,0,0,0,0,0,1,0,0
TXN_1522140,4.0,1.0,4.0,2023-05-28,5,28,6,0,1,0,0,0,0,0,0,0,1
TXN_1522176,1.0,4.0,4.0,2023-04-29,4,29,5,0,0,0,0,0,1,0,0,1,1
TXN_1522430,3.0,4.0,12.0,2023-12-06,12,6,2,0,0,0,0,0,1,0,1,0,0
TXN_1523567,3.0,5.0,15.0,2023-11-22,11,22,2,0,0,0,1,0,0,0,0,1,1
TXN_1523626,4.0,3.0,12.0,2023-07-21,7,21,4,0,0,0,0,0,0,0,0,0,1
TXN_1524602,3.0,2.0,6.0,2023-05-11,5,11,3,1,0,0,0,0,0,0,0,0,1
TXN_1524626,2.0,4.0,8.0,2023-12-29,12,29,4,0,0,0,0,0,1,0,0,1,0
TXN_1525046,2.0,4.0,8.0,2023-12-02,12,2,5,0,0,0,0,0,1,0,0,0,1
TXN_1525583,3.0,4.0,12.0,2023-05-20,5,20,5,0,0,0,0,1,0,0,0,0,1
TXN_1526864,3.0,4.0,12.0,2023-01-27,1,27,4,0,0,0,0,0,1,0,0,1,0
TXN_1528454,2.0,2.0,4.0,2023-03-22,3,22,2,1,0,0,0,0,0,0,0,1,0
TXN_1529845,3.0,3.0,9.0,2023-01-25,1,25,2,0,0,1,0,0,0,0,1,0,0
TXN_1529961,4.0,4.0,16.0,2023-09-29,9,29,4,0,0,0,0,0,1,0,1,0,1
TXN_1530892,2.0,3.0,6.0,2023-09-09,9,9,5,0,0,1,0,0,0,0,0,1,0
TXN_1532390,5.0,1.5,7.5,2023-04-08,4,8,5,0,0,0,0,0,0,1,0,1,0
TXN_1533652,3.0,1.5,4.5,2023-08-17,8,17,3,0,0,0,0,0,0,1,0,0,0
TXN_1533790,4.0,3.0,12.0,2023-07-21,7,21,4,0,0,0,0,0,0,0,0,1,1
TXN_1534223,3.0,3.0,9.0,2023-01-30,1,30,0,0,0,0,0,0,0,0,1,0,0
TXN_1534763,2.0,1.0,2.0,2023-09-17,9,17,6,0,1,0,0,0,0,0,0,0,1
TXN_1535311,3.0,3.0,9.0,2023-03-16,3,16,3,0,0,1,0,0,0,0,0,0,0
TXN_1538510,5.0,2.0,10.0,2023-05-22,5,22,0,1,0,0,0,0,0,0,0,1,1
TXN_1538515,4.0,3.0,12.0,2023-06-11,6,11,6,0,0,1,0,0,0,0,0,0,0
TXN_1540181,3.0,1.5,4.5,2023-08-17,8,17,3,0,0,0,0,0,0,1,0,1,1
TXN_1542042,4.0,3.0,12.0,2023-07-26,7,26,2,0,0,0,0,0,0,0,1,0,1
TXN_1544070,5.0,2.0,10.0,2023-09-05,9,5,1,1,0,0,0,0,0,0,0,0,1
TXN_1546695,5.0,2.0,10.0,2023-03-06,3,6,0,1,0,0,0,0,0,0,0,1,1
TXN_1547245,3.0,4.0,12.0,2023-09-11,9,11,0,0,0,0,0,1,0,0,0,1,1
TXN_1547704,5.0,2.0,10.0,2023-02-14,2,14,1,1,0,0,0,0,0,0,0,0,0
TXN_1547717,5.0,4.0,20.0,2023-12-15,12,15,4,0,0,0,0,1,0,0,0,1,0
TXN_1548245,4.0,4.0,16.0,2023-03-15,3,15,2,0,0,0,0,1,0,0,1,0,1
TXN_1554195,2.0,4.0,8.0,2023-10-22,10,22,6,0,0,0,0,0,1,0,0,1,0
TXN_1555314,1.0,4.0,4.0,2023-02-25,2,25,5,0,0,0,0,1,0,0,0,1,1
TXN_1556046,4.0,4.0,16.0,2023-04-09,4,9,6,0,0,0,0,1,0,0,1,0,1
TXN_1556480,5.0,1.5,7.5,2023-02-06,2,6,0,0,0,0,0,0,0,1,1,0,0
TXN_1556609,1.0,4.0,4.0,2023-07-21,7,21,4,0,0,0,0,1,0,0,0,1,0
TXN_1556652,5.0,3.0,15.0,2023-04-06,4,6,3,0,0,0,0,0,0,0,0,1,0
TXN_1556708,1.0,4.0,4.0,2023-06-11,6,11,6,0,0,0,0,0,1,0,0,1,1
TXN_1559313,2.0,4.0,8.0,2023-12-02,12,2,5,0,0,0,0,0,1,0,1,0,1
TXN_1559512,5.0,3.0,15.0,2023-11-28,11,28,1,0,0,1,0,0,0,0,1,0,1
TXN_1559521,5.0,2.0,10.0,2023-07-05,7,5,2,1,0,0,0,0,0,0,0,0,0
TXN_1560873,2.0,1.0,2.0,2023-07-19,7,19,2,0,1,0,0,0,0,0,1,0,1
TXN_1561430,2.0,1.5,3.0,2023-10-13,10,13,4,0,0,0,0,0,0,1,0,1,1
TXN_1564506,5.0,4.0,20.0,2023-02-01,2,1,2,0,0,0,0,0,1,0,0,1,0
TXN_1564754,3.0,5.0,15.0,2023-03-14,3,14,1,0,0,0,1,0,0,0,0,1,0
TXN_1565027,3.0,1.5,4.5,2023-03-16,3,16,3,0,0,0,0,0,0,1,0,1,0
TXN_1566564,3.0,1.0,3.0,2023-09-08,9,8,4,0,1,0,0,0,0,0,1,0,1
TXN_1569248,1.0,1.5,1.5,2023-11-14,11,14,1,0,0,0,0,0,0,1,1,0,0
TXN_1569729,5.0,4.0,20.0,2023-07-16,7,16,6,0,0,0,0,0,1,0,0,0,1
TXN_1570573,3.0,4.0,12.0,2023-04-09,4,9,6,0,0,0,0,1,0,0,0,1,1
TXN_1570632,5.0,4.0,20.0,2023-02-28,2,28,1,0,0,0,0,1,0,0,0,1,0
TXN_1571824,4.0,1.0,4.0,2023-10-16,10,16,0,0,1,0,0,0,0,0,0,0,1
TXN_1571874,1.0,3.0,3.0,2023-07-10,7,10,0,0,0,0,0,0,0,0,0,1,1
TXN_1572930,3.0,2.0,6.0,2023-07-17,7,17,0,1,0,0,0,0,0,0,0,1,0
TXN_1574190,3.0,4.0,12.0,2023-12-17,12,17,6,0,0,0,0,0,1,0,0,1,0
TXN_1575608,5.0,4.0,20.0,2023-01-05,1,5,3,0,0,0,0,1,0,0,0,1,1
TXN_1576076,3.0,2.0,6.0,2023-10-07,10,7,5,1,0,0,0,0,0,0,0,0,1
TXN_1576355,4.0,2.0,8.0,2023-10-20,10,20,4,1,0,0,0,0,0,0,0,1,1
TXN_1577802,2.0,3.0,6.0,2023-11-29,11,29,2,0,0,1,0,0,0,0,1,0,0
TXN_1578981,1.0,3.0,3.0,2023-05-15,5,15,0,0,0,0,0,0,0,0,0,0,0
TXN_1579182,5.0,3.0,15.0,2023-02-20,2,20,0,0,0,1,0,0,0,0,0,0,0
TXN_1581562,2.0,2.0,4.0,2023-01-01,1,1,6,1,0,0,0,0,0,0,0,0,0
TXN_1581997,4.0,5.0,20.0,2023-08-26,8,26,5,0,0,0,1,0,0,0,0,1,1
TXN_1582958,2.0,2.0,4.0,2023-12-08,12,8,4,1,0,0,0,0,0,0,0,0,1
TXN_1583315,3.0,1.0,3.0,2023-10-17,10,17,1,0,1,0,0,0,0,0,0,1,1
TXN_1583597,1.0,5.0,5.0,2023-05-10,5,10,2,0,0,0,1,0,0,0,0,0,0
TXN_1583983,3.0,1.5,4.5,2023-03-02,3,2,3,0,0,0,0,0,0,1,1,0,1
TXN_1584851,1.0,4.0,4.0,2023-04-10,4,10,0,0,0,0,0,0,1,0,1,0,1
TXN_1585329,4.0,4.0,16.0,2023-07-16,7,16,6,0,0,0,0,0,1,0,1,0,0
TXN_1585827,3.0,3.0,9.0,2023-09-30,9,30,5,0,0,0,0,0,0,0,1,0,0
TXN_1586452,2.0,5.0,10.0,2023-02-01,2,1,2,0,0,0,1,0,0,0,0,0,0
TXN_1588687,2.0,2.0,4.0,2023-08-22,8,22,1,1,0,0,0,0,0,0,0,1,1
TXN_1589264,2.0,5.0,10.0,2023-07-26,7,26,2,0,0,0,1,0,0,0,0,0,0
TXN_1591640,2.0,3.0,6.0,2023-05-26,5,26,4,0,0,0,0,0,0,0,0,0,0
TXN_1593691,2.0,4.0,8.0,2023-03-11,3,11,5,0,0,0,0,1,0,0,0,0,1
TXN_1595139,5.0,4.0,20.0,2023-08-24,8,24,3,0,0,0,0,0,1,0,0,0,1
TXN_1598214,1.0,3.0,3.0,2023-01-07,1,7,5,0,0,1,0,0,0,0,1,0,1
TXN_1599516,3.0,3.0,9.0,2023-05-11,5,11,3,0,0,1,0,0,0,0,0,0,0
TXN_1602123,1.0,2.0,2.0,2023-04-11,4,11,1,1,0,0,0,0,0,0,0,0,1
TXN_1602435,1.0,4.0,4.0,2023-12-01,12,1,4,0,0,0,0,0,1,0,0,0,0
TXN_1602799,4.0,3.0,12.0,2023-03-23,3,23,3,0,0,0,0,0,0,0,0,1,1
TXN_1603051,4.0,1.0,4.0,2023-03-21,3,21,1,0,1,0,0,0,0,0,1,0,1
TXN_1603186,3.0,3.0,9.0,2023-10-13,10,13,4,0,0,0,0,0,0,0,0,0,1
TXN_1603563,4.0,3.0,12.0,2023-04-13,4,13,3,0,0,0,0,0,0,0,0,1,1
TXN_1604072,2.0,2.0,4.0,2023-01-01,1,1,6,1,0,0,0,0,0,0,0,1,0
TXN_1605048,4.0,3.0,12.0,2023-03-16,3,16,3,0,0,0,0,0,0,0,0,0,1
TXN_1605677,5.0,1.5,7.5,2023-01-15,1,15,6,0,0,0,0,0,0,1,0,1,1
TXN_1606273,1.0,2.0,2.0,2023-11-02,11,2,3,1,0,0,0,0,0,0,0,1,1
TXN_1607471,2.0,4.0,8.0,2023-01-03,1,3,1,0,0,0,0,1,0,0,1,0,1
TXN_1607650,2.0,1.0,2.0,2023-04-27,4,27,3,0,1,0,0,0,0,0,0,1,1
TXN_1610137,3.0,2.0,6.0,2023-04-02,4,2,6,1,0,0,0,0,0,0,0,0,1
TXN_1610204,1.0,3.0,3.0,2023-02-19,2,19,6,0,0,0,0,0,0,0,0,0,1
TXN_1613996,2.0,3.0,6.0,2023-10-12,10,12,3,0,0,1,0,0,0,0,0,1,0
TXN_1616810,2.0,1.0,2.0,2023-09-05,9,5,1,0,1,0,0,0,0,0,0,1,0
TXN_1617029,4.0,5.0,20.0,2023-05-15,5,15,0,0,0,0,1,0,0,0,0,0,1
TXN_1617476,2.0,3.0,6.0,2023-02-10,2,10,4,0,0,0,0,0,0,0,0,1,0
TXN_1617594,1.0,4.0,4.0,2023-04-23,4,23,6,0,0,0,0,1,0,0,0,1,0
TXN_1621920,3.0,5.0,15.0,2023-10-28,10,28,5,0,0,0,1,0,0,0,0,1,1
TXN_1622123,2.0,1.0,2.0,2023-01-05,1,5,3,0,1,0,0,0,0,0,0,0,1
TXN_1622411,2.0,5.0,10.0,2023-07-23,7,23,6,0,0,0,1,0,0,0,0,1,1
TXN_1622577,1.0,3.0,3.0,2023-03-14,3,14,1,0,0,1,0,0,0,0,0,0,1
TXN_1625754,5.0,3.0,15.0,2023-08-03,8,3,3,0,0,0,0,0,0,0,0,1,0
TXN_1627038,4.0,3.0,12.0,2023-12-25,12,25,0,0,0,1,0,0,0,0,0,1,1
TXN_1629092,3.0,1.0,3.0,2023-02-13,2,13,0,0,1,0,0,0,0,0,1,0,0
TXN_1629218,3.0,2.0,6.0,2023-06-27,6,27,1,1,0,0,0,0,0,0,0,1,0
TXN_1630051,5.0,4.0,20.0,2023-03-17,3,17,4,0,0,0,0,0,1,0,0,1,1
TXN_1631377,5.0,2.0,10.0,2023-06-07,6,7,2,1,0,0,0,0,0,0,0,1,1
TXN_1631695,2.0,1.5,3.0,2023-09-19,9,19,1,0,0,0,0,0,0,1,0,1,0
TXN_1632205,4.0,1.0,4.0,2023-02-04,2,4,5,0,1,0,0,0,0,0,0,1,0
TXN_1633337,5.0,5.0,25.0,2023-06-29,6,29,3,0,0,0,1,0,0,0,1,0,0
TXN_1633563,4.0,4.0,16.0,2023-02-05,2,5,6,0,0,0,0,0,1,0,0,1,0
TXN_1633607,1.0,3.0,3.0,2023-03-13,3,13,0,0,0,1,0,0,0,0,0,0,1
TXN_1634534,5.0,3.0,15.0,2023-12-03,12,3,6,0,0,1,0,0,0,0,0,1,1
TXN_1635137,2.0,3.0,6.0,2023-12-28,12,28,3,0,0,0,0,0,0,0,0,0,0
TXN_1635631,4.0,1.0,4.0,2023-07-04,7,4,1,0,1,0,0,0,0,0,1,0,1
TXN_1636908,4.0,3.0,12.0,2023-10-17,10,17,1,0,0,0,0,0,0,0,0,1,1
TXN_1637334,2.0,1.5,3.0,2023-08-09,8,9,2,0,0,0,0,0,0,1,1,0,0
TXN_1640172,1.0,5.0,5.0,2023-04-13,4,13,3,0,0,0,1,0,0,0,0,1,0
TXN_1640649,4.0,1.0,4.0,2023-12-05,12,5,1,0,1,0,0,0,0,0,0,1,0
TXN_1641000,2.0,4.0,8.0,2023-08-19,8,19,5,0,0,0,0,1,0,0,0,0,1
TXN_1643029,3.0,1.0,3.0,2023-09-11,9,11,0,0,1,0,0,0,0,0,0,1,1
TXN_1643039,3.0,1.0,3.0,2023-02-17,2,17,4,0,1,0,0,0,0,0,0,1,1
TXN_1643122,3.0,3.0,9.0,2023-05-15,5,15,0,0,0,1,0,0,0,0,1,0,0
TXN_1643447,1.0,3.0,3.0,2023-09-03,9,3,6,0,0,1,0,0,0,0,0,1,1
TXN_1643870,4.0,5.0,20.0,2023-10-07,10,7,5,0,0,0,1,0,0,0,0,1,1
TXN_1645743,4.0,1.0,4.0,2023-07-02,7,2,6,0,1,0,0,0,0,0,0,1,1
TXN_1646009,4.0,5.0,20.0,2023-10-11,10,11,2,0,0,0,1,0,0,0,1,0,1
TXN_1647069,1.0,4.0,4.0,2023-04-06,4,6,3,0,0,0,0,1,0,0,1,0,1
TXN_1647077,2.0,4.0,8.0,2023-08-19,8,19,5,0,0,0,0,0,1,0,0,1,1
TXN_1647144,2.0,5.0,10.0,2023-08-29,8,29,1,0,0,0,1,0,0,0,0,1,1
TXN_1648671,3.0,4.0,12.0,2023-05-21,5,21,6,0,0,0,0,1,0,0,0,0,1
TXN_1650385,1.0,4.0,4.0,2023-07-24,7,24,0,0,0,0,0,1,0,0,0,1,0
TXN_1652596,5.0,4.0,20.0,2023-10-04,10,4,2,0,0,0,0,0,1,0,0,1,0
TXN_1653570,5.0,2.0,10.0,2023-10-10,10,10,1,1,0,0,0,0,0,0,0,1,1
TXN_1654784,5.0,1.0,5.0,2023-12-31,12,31,6,0,1,0,0,0,0,0,0,1,0
TXN_1655100,4.0,3.0,12.0,2023-12-20,12,20,2,0,0,0,0,0,0,0,1,0,1
TXN_1655827,1.0,3.0,3.0,2023-09-06,9,6,2,0,0,0,0,0,0,0,0,1,0
TXN_1660104,2.0,4.0,8.0,2023-02-04,2,4,5,0,0,0,0,0,1,0,1,0,1
TXN_1660757,4.0,3.0,12.0,2023-11-08,11,8,2,0,0,0,0,0,0,0,0,1,1
TXN_1661068,3.0,5.0,15.0,2023-04-09,4,9,6,0,0,0,1,0,0,0,0,0,1
TXN_1661682,5.0,4.0,20.0,2023-07-13,7,13,3,0,0,0,0,0,1,0,0,1,1
TXN_1662024,4.0,1.0,4.0,2023-01-16,1,16,0,0,1,0,0,0,0,0,0,1,0
TXN_1663113,4.0,4.0,16.0,2023-12-24,12,24,6,0,0,0,0,0,1,0,1,0,1
TXN_1663257,3.0,3.0,9.0,2023-04-23,4,23,6,0,0,1,0,0,0,0,1,0,0
TXN_1664563,3.0,4.0,12.0,2023-04-28,4,28,4,0,0,0,0,0,1,0,0,0,1
TXN_1664665,3.0,3.0,9.0,2023-05-21,5,21,6,0,0,1,0,0,0,0,1,0,0
TXN_1665056,5.0,5.0,25.0,2023-01-05,1,5,3,0,0,0,1,0,0,0,0,0,1
TXN_1665810,5.0,4.0,20.0,2023-02-26,2,26,6,0,0,0,0,1,0,0,0,1,0
TXN_1666190,4.0,4.0,16.0,2023-07-28,7,28,4,0,0,0,0,0,1,0,0,1,1
TXN_1667192,4.0,3.0,12.0,2023-07-17,7,17,0,0,0,0,0,0,0,0,1,0,1
TXN_1670597,2.0,2.0,4.0,2023-05-21,5,21,6,1,0,0,0,0,0,0,0,0,1
TXN_1670848,2.0,3.0,6.0,2023-08-04,8,4,4,0,0,0,0,0,0,0,1,0,1
TXN_1671480,5.0,1.0,5.0,2023-01-06,1,6,4,0,1,0,0,0,0,0,0,1,0
TXN_1672229,2.0,1.0,2.0,2023-11-12,11,12,6,0,1,0,0,0,0,0,0,0,0
TXN_1672443,1.0,2.0,2.0,2023-10-03,10,3,1,1,0,0,0,0,0,0,1,0,1
TXN_1672632,3.0,5.0,15.0,2023-07-04,7,4,1,0,0,0,1,0,0,0,0,1,0
TXN_1672708,4.0,5.0,20.0,2023-04-04,4,4,1,0,0,0,1,0,0,0,0,1,1
TXN_1674042,5.0,2.0,10.0,2023-09-19,9,19,1,1,0,0,0,0,0,0,0,1,1
TXN_1675510,3.0,4.0,12.0,2023-09-09,9,9,5,0,0,0,0,1,0,0,0,1,1
TXN_1678985,2.0,3.0,6.0,2023-07-16,7,16,6,0,0,1,0,0,0,0,0,0,0
TXN_1679800,4.0,4.0,16.0,2023-10-17,10,17,1,0,0,0,0,0,1,0,0,0,0
TXN_1681153,3.0,3.0,9.0,2023-02-09,2,9,3,0,0,1,0,0,0,0,0,0,1
TXN_1681216,3.0,3.0,9.0,2023-03-23,3,23,3,0,0,0,0,0,0,0,0,1,0
TXN_1686323,4.0,4.0,16.0,2023-11-30,11,30,3,0,0,0,0,0,1,0,0,1,0
TXN_1688499,2.0,4.0,8.0,2023-03-23,3,23,3,0,0,0,0,0,1,0,1,0,0
TXN_1689024,5.0,2.0,10.0,2023-04-17,4,17,0,1,0,0,0,0,0,0,1,0,0
TXN_1691313,2.0,4.0,8.0,2023-03-17,3,17,4,0,0,0,0,1,0,0,0,1,1
TXN_1691512,1.0,4.0,4.0,2023-03-25,3,25,5,0,0,0,0,0,1,0,0,1,1
TXN_1694090,4.0,2.0,8.0,2023-11-30,11,30,3,1,0,0,0,0,0,0,0,1,1
TXN_1694364,3.0,4.0,12.0,2023-06-10,6,10,5,0,0,0,0,1,0,0,0,1,1
TXN_1696300,1.0,1.0,1.0,2023-05-28,5,28,6,0,1,0,0,0,0,0,0,1,0
TXN_1696813,3.0,1.0,3.0,2023-04-02,4,2,6,0,1,0,0,0,0,0,0,0,0
TXN_1697018,4.0,3.0,12.0,2023-07-02,7,2,6,0,0,1,0,0,0,0,0,1,0
TXN_1697299,3.0,4.0,12.0,2023-10-08,10,8,6,0,0,0,0,0,1,0,0,0,0
TXN_1698600,4.0,5.0,20.0,2023-07-31,7,31,0,0,0,0,1,0,0,0,0,0,1
TXN_1700027,4.0,4.0,16.0,2023-06-04,6,4,6,0,0,0,0,0,1,0,0,1,0
TXN_1700374,5.0,4.0,20.0,2023-08-11,8,11,4,0,0,0,0,1,0,0,0,1,0
TXN_1701465,1.0,3.0,3.0,2023-06-15,6,15,3,0,0,0,0,0,0,0,0,0,1
TXN_1701500,1.0,4.0,4.0,2023-01-05,1,5,3,0,0,0,0,0,1,0,0,1,1
TXN_1701766,4.0,3.0,12.0,2023-11-22,11,22,2,0,0,0,0,0,0,0,1,0,1
TXN_1701798,2.0,2.0,4.0,2023-07-24,7,24,0,1,0,0,0,0,0,0,0,0,1
TXN_1702434,3.0,4.0,12.0,2023-07-22,7,22,5,0,0,0,0,0,1,0,0,1,0
TXN_1702437,4.0,4.0,16.0,2023-06-27,6,27,1,0,0,0,0,0,1,0,1,0,1
TXN_1704041,4.0,2.0,8.0,2023-05-21,5,21,6,1,0,0,0,0,0,0,1,0,0
TXN_1706201,3.0,2.0,6.0,2023-08-23,8,23,2,1,0,0,0,0,0,0,1,0,0
TXN_1706896,3.0,4.0,12.0,2023-07-15,7,15,5,0,0,0,0,0,1,0,0,0,0
TXN_1707251,2.0,4.0,8.0,2023-10-06,10,6,4,0,0,0,0,1,0,0,0,1,1
TXN_1707537,3.0,3.0,9.0,2023-10-17,10,17,1,0,0,0,0,0,0,0,0,1,1
TXN_1710476,4.0,3.0,12.0,2023-05-22,5,22,0,0,0,1,0,0,0,0,0,1,1
TXN_1710823,2.0,5.0,10.0,2023-01-27,1,27,4,0,0,0,1,0,0,0,1,0,1
TXN_1711730,5.0,3.0,15.0,2023-06-01,6,1,3,0,0,1,0,0,0,0,0,1,1
TXN_1711872,1.0,3.0,3.0,2023-01-27,1,27,4,0,0,1,0,0,0,0,0,1,1
TXN_1712662,2.0,3.0,6.0,2023-05-31,5,31,2,0,0,1,0,0,0,0,0,0,1
TXN_1713098,4.0,4.0,16.0,2023-11-22,11,22,2,0,0,0,0,0,1,0,0,1,0
TXN_1713128,3.0,4.0,12.0,2023-05-01,5,1,0,0,0,0,0,0,1,0,1,0,1
TXN_1713639,1.0,1.0,1.0,2023-08-04,8,4,4,0,1,0,0,0,0,0,0,1,0
TXN_1713983,2.0,5.0,10.0,2023-05-11,5,11,3,0,0,0,1,0,0,0,0,0,0
TXN_1714274,4.0,1.0,4.0,2023-12-27,12,27,2,0,1,0,0,0,0,0,0,1,0
TXN_1714348,2.0,4.0,8.0,2023-12-31,12,31,6,0,0,0,0,1,0,0,0,0,1
TXN_1714471,4.0,3.0,12.0,2023-08-17,8,17,3,0,0,1,0,0,0,0,0,0,1
TXN_1715317,5.0,3.0,15.0,2023-02-10,2,10,4,0,0,0,0,0,0,0,0,1,0
TXN_1715684,1.0,4.0,4.0,2023-07-13,7,13,3,0,0,0,0,0,1,0,0,1,0
TXN_1716710,2.0,2.0,4.0,2023-02-23,2,23,3,1,0,0,0,0,0,0,0,1,1
TXN_1718733,3.0,2.0,6.0,2023-05-31,5,31,2,1,0,0,0,0,0,0,0,0,1
TXN_1719440,5.0,1.0,5.0,2023-07-13,7,13,3,0,1,0,0,0,0,0,0,1,1
TXN_1720238,5.0,5.0,25.0,2023-05-08,5,8,0,0,0,0,1,0,0,0,0,1,1
TXN_1720329,2.0,1.0,2.0,2023-04-06,4,6,3,0,1,0,0,0,0,0,0,0,0
TXN_1721242,5.0,4.0,20.0,2023-11-23,11,23,3,0,0,0,0,0,1,0,0,1,0
TXN_1721342,5.0,4.0,20.0,2023-08-23,8,23,2,0,0,0,0,0,1,0,0,1,0
TXN_1721366,5.0,4.0,20.0,2023-04-09,4,9,6,0,0,0,0,0,1,0,0,1,0
TXN_1721827,4.0,3.0,12.0,2023-08-22,8,22,1,0,0,0,0,0,0,0,0,1,1
TXN_1721910,4.0,3.0,12.0,2023-03-21,3,21,1,0,0,1,0,0,0,0,0,1,1
TXN_1723062,1.0,5.0,5.0,2023-09-21,9,21,3,0,0,0,1,0,0,0,0,0,0
TXN_1724233,5.0,1.0,5.0,2023-02-01,2,1,2,0,1,0,0,0,0,0,0,1,1
TXN_1724815,3.0,4.0,12.0,2023-08-16,8,16,2,0,0,0,0,0,1,0,0,1,0
TXN_1725926,5.0,3.0,15.0,2023-12-23,12,23,5,0,0,1,0,0,0,0,1,0,1
TXN_1726774,3.0,5.0,15.0,2023-11-16,11,16,3,0,0,0,1,0,0,0,0,1,0
TXN_1727281,4.0,3.0,12.0,2023-01-05,1,5,3,0,0,1,0,0,0,0,0,1,1
TXN_1728427,5.0,2.0,10.0,2023-02-11,2,11,5,1,0,0,0,0,0,0,0,0,1
TXN_1728644,1.0,2.0,2.0,2023-04-07,4,7,4,1,0,0,0,0,0,0,0,0,1
TXN_1730385,2.0,3.0,6.0,2023-03-01,3,1,2,0,0,0,0,0,0,0,1,0,0
TXN_1730647,5.0,3.0,15.0,2023-01-18,1,18,2,0,0,1,0,0,0,0,0,1,0
TXN_1730850,2.0,3.0,6.0,2023-12-15,12,15,4,0,0,1,0,0,0,0,0,0,1
TXN_1731476,1.0,4.0,4.0,2023-04-19,4,19,2,0,0,0,0,1,0,0,0,1,1
TXN_1732216,3.0,2.0,6.0,2023-08-30,8,30,2,1,0,0,0,0,0,0,0,1,1
TXN_1733916,4.0,4.0,16.0,2023-01-12,1,12,3,0,0,0,0,1,0,0,0,1,0
TXN_1736287,5.0,2.0,10.0,2023-06-02,6,2,4,1,0,0,0,0,0,0,0,1,0
TXN_1736294,3.0,2.0,6.0,2023-09-06,9,6,2,1,0,0,0,0,0,0,0,1,0
TXN_1736630,5.0,1.5,7.5,2023-07-16,7,16,6,0,0,0,0,0,0,1,1,0,1
TXN_1737731,5.0,4.0,20.0,2023-06-29,6,29,3,0,0,0,0,0,1,0,0,1,0
TXN_1738607,2.0,3.0,6.0,2023-01-17,1,17,1,0,0,1,0,0,0,0,1,0,0
TXN_1740742,4.0,1.5,6.0,2023-10-06,10,6,4,0,0,0,0,0,0,1,0,1,0
TXN_1741325,2.0,1.5,3.0,2023-03-31,3,31,4,0,0,0,0,0,0,1,1,0,0
TXN_1741685,5.0,3.0,15.0,2023-08-18,8,18,4,0,0,1,0,0,0,0,0,0,1
TXN_1744319,3.0,4.0,12.0,2023-03-24,3,24,4,0,0,0,0,0,1,0,0,0,1
TXN_1745182,2.0,1.0,2.0,2023-09-26,9,26,1,0,1,0,0,0,0,0,0,1,1
TXN_1746001,3.0,1.0,3.0,2023-03-15,3,15,2,0,1,0,0,0,0,0,0,1,1
TXN_1746320,1.0,5.0,5.0,2023-11-14,11,14,1,0,0,0,1,0,0,0,0,0,1
TXN_1748121,2.0,3.0,6.0,2023-12-07,12,7,3,0,0,0,0,0,0,0,0,0,0
TXN_1749105,5.0,4.0,20.0,2023-10-17,10,17,1,0,0,0,0,1,0,0,0,0,0
TXN_1749299,2.0,4.0,8.0,2023-10-28,10,28,5,0,0,0,0,0,1,0,0,1,0
TXN_1749930,5.0,5.0,25.0,2023-07-01,7,1,5,0,0,0,1,0,0,0,0,1,0
TXN_1750875,3.0,3.0,9.0,2023-12-13,12,13,2,0,0,1,0,0,0,0,1,0,0
TXN_1751164,2.0,5.0,10.0,2023-09-11,9,11,0,0,0,0,1,0,0,0,0,0,1
TXN_1751183,5.0,4.0,20.0,2023-12-25,12,25,0,0,0,0,0,1,0,0,1,0,0
TXN_1752617,5.0,1.5,7.5,2023-09-05,9,5,1,0,0,0,0,0,0,1,0,1,1
TXN_1752992,3.0,2.0,6.0,2023-12-12,12,12,1,1,0,0,0,0,0,0,0,1,0
TXN_1755661,5.0,5.0,25.0,2023-07-14,7,14,4,0,0,0,1,0,0,0,1,0,0
TXN_1755817,5.0,5.0,25.0,2023-07-17,7,17,0,0,0,0,1,0,0,0,0,1,1
TXN_1756717,3.0,4.0,12.0,2023-01-22,1,22,6,0,0,0,0,0,1,0,1,0,1
TXN_1757340,2.0,3.0,6.0,2023-12-29,12,29,4,0,0,0,0,0,0,0,1,0,0
TXN_1758689,3.0,4.0,12.0,2023-02-17,2,17,4,0,0,0,0,0,1,0,0,0,0
TXN_1759063,2.0,1.0,2.0,2023-09-09,9,9,5,0,1,0,0,0,0,0,0,1,1
TXN_1759314,5.0,5.0,25.0,2023-08-23,8,23,2,0,0,0,1,0,0,0,1,0,1
TXN_1760092,1.0,2.0,2.0,2023-04-15,4,15,5,1,0,0,0,0,0,0,1,0,1
TXN_1765281,3.0,4.0,12.0,2023-01-28,1,28,5,0,0,0,0,0,1,0,1,0,0
TXN_1766527,4.0,5.0,20.0,2023-02-07,2,7,1,0,0,0,1,0,0,0,0,1,0
TXN_1767201,5.0,5.0,25.0,2023-07-12,7,12,2,0,0,0,1,0,0,0,1,0,1
TXN_1767321,1.0,4.0,4.0,2023-03-24,3,24,4,0,0,0,0,1,0,0,0,1,0
TXN_1767872,2.0,5.0,10.0,2023-01-05,1,5,3,0,0,0,1,0,0,0,1,0,0
TXN_1769466,5.0,2.0,10.0,2023-08-01,8,1,1,1,0,0,0,0,0,0,0,1,1
TXN_1769882,3.0,3.0,9.0,2023-03-17,3,17,4,0,0,1,0,0,0,0,0,1,1
TXN_1770073,2.0,1.0,2.0,2023-12-03,12,3,6,0,1,0,0,0,0,0,0,1,1
TXN_1770648,4.0,4.0,16.0,2023-09-30,9,30,5,0,0,0,0,1,0,0,1,0,1
TXN_1772692,3.0,4.0,12.0,2023-09-05,9,5,1,0,0,0,0,0,1,0,0,0,0
TXN_1773856,2.0,3.0,6.0,2023-08-11,8,11,4,0,0,0,0,0,0,0,1,0,0
TXN_1773873,5.0,5.0,25.0,2023-06-10,6,10,5,0,0,0,1,0,0,0,1,0,1
TXN_1775278,4.0,3.0,12.0,2023-02-22,2,22,2,0,0,1,0,0,0,0,1,0,1
TXN_1775884,4.0,3.0,12.0,2023-10-08,10,8,6,0,0,1,0,0,0,0,0,0,0
TXN_1777171,2.0,2.0,4.0,2023-08-17,8,17,3,1,0,0,0,0,0,0,0,1,0
TXN_1777959,5.0,1.5,7.5,2023-10-18,10,18,2,0,0,0,0,0,0,1,0,1,1
TXN_1778597,3.0,1.0,3.0,2023-09-28,9,28,3,0,1,0,0,0,0,0,0,0,0
TXN_1778707,5.0,5.0,25.0,2023-03-26,3,26,6,0,0,0,1,0,0,0,1,0,1
TXN_1779679,5.0,2.0,10.0,2023-01-06,1,6,4,1,0,0,0,0,0,0,0,0,0
TXN_1781777,3.0,5.0,15.0,2023-10-26,10,26,3,0,0,0,1,0,0,0,1,0,1
TXN_1783857,2.0,2.0,4.0,2023-11-29,11,29,2,1,0,0,0,0,0,0,0,1,0
TXN_1784150,3.0,1.0,3.0,2023-03-10,3,10,4,0,1,0,0,0,0,0,0,1,1
TXN_1784478,5.0,3.0,15.0,2023-07-31,7,31,0,0,0,1,0,0,0,0,0,0,0
TXN_1785371,1.0,2.0,2.0,2023-01-16,1,16,0,1,0,0,0,0,0,0,0,1,1
TXN_1785644,5.0,1.5,7.5,2023-08-13,8,13,6,0,0,0,0,0,0,1,0,1,1
TXN_1786141,4.0,4.0,16.0,2023-03-12,3,12,6,0,0,0,0,0,1,0,0,1,1
TXN_1789504,1.0,5.0,5.0,2023-06-12,6,12,0,0,0,0,1,0,0,0,1,0,1
TXN_1792405,3.0,1.5,4.5,2023-07-06,7,6,3,0,0,0,0,0,0,1,0,1,1
TXN_1792573,5.0,4.0,20.0,2023-12-07,12,7,3,0,0,0,0,0,1,0,0,0,1
TXN_1794862,2.0,3.0,6.0,2023-07-16,7,16,6,0,0,0,0,0,0,0,0,0,0
TXN_1795044,2.0,2.0,4.0,2023-08-15,8,15,1,1,0,0,0,0,0,0,0,1,1
TXN_1796259,1.0,3.0,3.0,2023-04-29,4,29,5,0,0,1,0,0,0,0,0,0,0
TXN_1797690,5.0,3.0,15.0,2023-08-10,8,10,3,0,0,0,0,0,0,0,1,0,1
TXN_1799247,3.0,2.0,6.0,2023-01-25,1,25,2,1,0,0,0,0,0,0,0,0,0
TXN_1801691,1.0,5.0,5.0,2023-05-18,5,18,3,0,0,0,1,0,0,0,0,1,1
TXN_1803599,1.0,4.0,4.0,2023-08-30,8,30,2,0,0,0,0,0,1,0,0,1,1
TXN_1803889,4.0,5.0,20.0,2023-06-23,6,23,4,0,0,0,1,0,0,0,0,1,1
TXN_1804335,3.0,3.0,9.0,2023-10-05,10,5,3,0,0,1,0,0,0,0,1,0,0
TXN_1805937,3.0,3.0,9.0,2023-06-12,6,12,0,0,0,1,0,0,0,0,1,0,1
TXN_1807140,1.0,5.0,5.0,2023-03-22,3,22,2,0,0,0,1,0,0,0,0,0,1
TXN_1811216,1.0,4.0,4.0,2023-01-18,1,18,2,0,0,0,0,1,0,0,0,1,1
TXN_1811734,4.0,2.0,8.0,2023-07-16,7,16,6,1,0,0,0,0,0,0,0,1,1
TXN_1811953,2.0,1.0,2.0,2023-06-26,6,26,0,0,1,0,0,0,0,0,1,0,0
TXN_1812185,2.0,3.0,6.0,2023-09-21,9,21,3,0,0,1,0,0,0,0,0,1,1
TXN_1815061,3.0,3.0,9.0,2023-01-20,1,20,4,0,0,0,0,0,0,0,0,1,0
TXN_1817076,3.0,3.0,9.0,2023-05-31,5,31,2,0,0,1,0,0,0,0,0,0,0
TXN_1817275,2.0,5.0,10.0,2023-09-02,9,2,5,0,0,0,1,0,0,0,0,0,0
TXN_1817596,2.0,1.5,3.0,2023-11-04,11,4,5,0,0,0,0,0,0,1,1,0,0
TXN_1818438,5.0,2.0,10.0,2023-06-18,6,18,6,1,0,0,0,0,0,0,0,0,1
TXN_1819615,4.0,2.0,8.0,2023-06-03,6,3,5,1,0,0,0,0,0,0,0,1,1
TXN_1822234,2.0,5.0,10.0,2023-10-15,10,15,6,0,0,0,1,0,0,0,0,0,0
TXN_1823906,3.0,5.0,15.0,2023-06-26,6,26,0,0,0,0,1,0,0,0,0,1,0
TXN_1824506,1.0,3.0,3.0,2023-03-02,3,2,3,0,0,0,0,0,0,0,0,0,0
TXN_1826919,4.0,3.0,12.0,2023-02-21,2,21,1,0,0,1,0,0,0,0,1,0,0
TXN_1827212,5.0,4.0,20.0,2023-12-22,12,22,4,0,0,0,0,1,0,0,0,1,1
TXN_1828494,2.0,3.0,6.0,2023-07-21,7,21,4,0,0,1,0,0,0,0,0,1,1
TXN_1829391,4.0,3.0,12.0,2023-10-06,10,6,4,0,0,1,0,0,0,0,1,0,1
TXN_1830278,3.0,1.0,3.0,2023-05-15,5,15,0,0,1,0,0,0,0,0,1,0,1
TXN_1830432,3.0,1.0,3.0,2023-11-02,11,2,3,0,1,0,0,0,0,0,0,1,1
TXN_1833012,3.0,5.0,15.0,2023-08-16,8,16,2,0,0,0,1,0,0,0,0,1,0
TXN_1833277,2.0,1.5,3.0,2023-10-19,10,19,3,0,0,0,0,0,0,1,0,1,1
TXN_1834831,5.0,5.0,25.0,2023-02-16,2,16,3,0,0,0,1,0,0,0,0,1,0
TXN_1836754,1.0,1.5,1.5,2023-09-10,9,10,6,0,0,0,0,0,0,1,1,0,0
TXN_1837617,3.0,3.0,9.0,2023-01-16,1,16,0,0,0,1,0,0,0,0,0,1,0
TXN_1837764,3.0,1.5,4.5,2023-07-30,7,30,6,0,0,0,0,0,0,1,0,0,0
TXN_1837817,2.0,1.5,3.0,2023-08-13,8,13,6,0,0,0,0,0,0,1,0,0,1
TXN_1839407,3.0,1.0,3.0,2023-03-15,3,15,2,0,1,0,0,0,0,0,0,0,1
TXN_1840566,4.0,2.0,8.0,2023-01-05,1,5,3,1,0,0,0,0,0,0,0,0,0
TXN_1840584,5.0,3.0,15.0,2023-05-28,5,28,6,0,0,0,0,0,0,0,0,1,1
TXN_1840897,1.0,5.0,5.0,2023-06-03,6,3,5,0,0,0,1,0,0,0,0,1,1
TXN_1841204,3.0,5.0,15.0,2023-04-18,4,18,1,0,0,0,1,0,0,0,0,1,0
TXN_1842675,4.0,1.0,4.0,2023-06-23,6,23,4,0,1,0,0,0,0,0,1,0,1
TXN_1842697,5.0,3.0,15.0,2023-10-25,10,25,2,0,0,1,0,0,0,0,0,1,0
TXN_1842981,5.0,1.5,7.5,2023-04-12,4,12,2,0,0,0,0,0,0,1,1,0,1
TXN_1843989,5.0,1.0,5.0,2023-07-19,7,19,2,0,1,0,0,0,0,0,1,0,1
TXN_1844925,5.0,1.5,7.5,2023-10-21,10,21,5,0,0,0,0,0,0,1,0,0,0
TXN_1846004,3.0,3.0,9.0,2023-05-21,5,21,6,0,0,1,0,0,0,0,0,0,0
TXN_1846455,4.0,4.0,16.0,2023-03-16,3,16,3,0,0,0,0,1,0,0,0,0,1
TXN_1849406,5.0,4.0,20.0,2023-11-30,11,30,3,0,0,0,0,1,0,0,0,0,0
TXN_1849597,2.0,4.0,8.0,2023-11-01,11,1,2,0,0,0,0,1,0,0,0,0,1
TXN_1850339,5.0,1.0,5.0,2023-01-17,1,17,1,0,1,0,0,0,0,0,0,0,1
TXN_1851725,5.0,3.0,15.0,2023-02-19,2,19,6,0,0,0,0,0,0,0,0,0,1
TXN_1852224,4.0,1.5,6.0,2023-01-06,1,6,4,0,0,0,0,0,0,1,0,0,1
TXN_1853196,1.0,4.0,4.0,2023-08-28,8,28,0,0,0,0,0,1,0,0,1,0,1
TXN_1853298,5.0,1.0,5.0,2023-01-02,1,2,0,0,1,0,0,0,0,0,1,0,1
TXN_1853983,1.0,1.5,1.5,2023-12-04,12,4,0,0,0,0,0,0,0,1,0,0,0
TXN_1854102,2.0,2.0,4.0,2023-07-18,7,18,1,1,0,0,0,0,0,0,0,1,1
TXN_1856112,3.0,5.0,15.0,2023-06-08,6,8,3,0,0,0,1,0,0,0,1,0,1
TXN_1856153,5.0,2.0,10.0,2023-12-02,12,2,5,1,0,0,0,0,0,0,1,0,1
TXN_1856538,3.0,2.0,6.0,2023-11-01,11,1,2,1,0,0,0,0,0,0,0,0,1
TXN_1857902,5.0,4.0,20.0,2023-04-26,4,26,2,0,0,0,0,1,0,0,0,1,1
TXN_1858674,2.0,4.0,8.0,2023-04-09,4,9,6,0,0,0,0,0,1,0,0,1,0
TXN_1860406,2.0,2.0,4.0,2023-06-17,6,17,5,1,0,0,0,0,0,0,0,1,1
TXN_1861717,2.0,1.5,3.0,2023-11-10,11,10,4,0,0,0,0,0,0,1,0,0,0
TXN_1862184,4.0,2.0,8.0,2023-01-21,1,21,5,1,0,0,0,0,0,0,0,1,0
TXN_1863866,1.0,4.0,4.0,2023-10-03,10,3,1,0,0,0,0,0,1,0,0,0,1
TXN_1865302,5.0,1.0,5.0,2023-08-16,8,16,2,0,1,0,0,0,0,0,1,0,0
TXN_1865735,2.0,4.0,8.0,2023-09-22,9,22,4,0,0,0,0,0,1,0,0,1,0
TXN_1866028,5.0,1.5,7.5,2023-06-12,6,12,0,0,0,0,0,0,0,1,1,0,1
TXN_1866707,3.0,4.0,12.0,2023-06-05,6,5,0,0,0,0,0,0,1,0,0,0,1
TXN_1866816,3.0,3.0,9.0,2023-08-21,8,21,0,0,0,1,0,0,0,0,0,1,0
TXN_1867158,4.0,1.0,4.0,2023-05-16,5,16,1,0,1,0,0,0,0,0,0,1,1
TXN_1867836,1.0,3.0,3.0,2023-03-21,3,21,1,0,0,1,0,0,0,0,1,0,1
TXN_1868447,3.0,1.5,4.5,2023-09-30,9,30,5,0,0,0,0,0,0,1,0,0,0
TXN_1868529,1.0,5.0,5.0,2023-01-25,1,25,2,0,0,0,1,0,0,0,1,0,0
TXN_1869147,4.0,4.0,16.0,2023-11-21,11,21,1,0,0,0,0,0,1,0,0,1,1
TXN_1869814,1.0,1.5,1.5,2023-05-24,5,24,2,0,0,0,0,0,0,1,0,1,1
TXN_1870303,4.0,2.0,8.0,2023-05-05,5,5,4,1,0,0,0,0,0,0,0,1,0
TXN_1870423,2.0,5.0,10.0,2023-04-12,4,12,2,0,0,0,1,0,0,0,1,0,1
TXN_1872692,5.0,5.0,25.0,2023-08-09,8,9,2,0,0,0,1,0,0,0,0,0,0
TXN_1872922,5.0,4.0,20.0,2023-07-16,7,16,6,0,0,0,0,1,0,0,0,1,0
TXN_1873800,3.0,4.0,12.0,2023-02-01,2,1,2,0,0,0,0,0,1,0,0,1,0
TXN_1873852,3.0,3.0,9.0,2023-07-07,7,7,4,0,0,1,0,0,0,0,0,1,1
TXN_1874601,4.0,2.0,8.0,2023-12-10,12,10,6,1,0,0,0,0,0,0,0,0,1
TXN_1875220,3.0,1.5,4.5,2023-03-07,3,7,1,0,0,0,0,0,0,1,0,0,0
TXN_1882390,1.0,1.0,1.0,2023-05-22,5,22,0,0,1,0,0,0,0,0,0,0,1
TXN_1882700,3.0,1.5,4.5,2023-04-18,4,18,1,0,0,0,0,0,0,1,0,1,0
TXN_1883231,5.0,3.0,15.0,2023-10-21,10,21,5,0,0,1,0,0,0,0,0,1,0
TXN_1884923,4.0,2.0,8.0,2023-05-11,5,11,3,1,0,0,0,0,0,0,0,1,1
TXN_1885495,4.0,2.0,8.0,2023-03-04,3,4,5,1,0,0,0,0,0,0,0,0,1
TXN_1887083,1.0,3.0,3.0,2023-05-05,5,5,4,0,0,1,0,0,0,0,0,1,1
TXN_1887250,3.0,1.5,4.5,2023-05-15,5,15,0,0,0,0,0,0,0,1,0,1,1
TXN_1887522,4.0,4.0,16.0,2023-02-20,2,20,0,0,0,0,0,1,0,0,0,0,0
TXN_1887555,2.0,3.0,6.0,2023-01-08,1,8,6,0,0,1,0,0,0,0,0,0,0
TXN_1888294,3.0,3.0,9.0,2023-07-03,7,3,0,0,0,1,0,0,0,0,0,0,0
TXN_1888706,1.0,1.0,1.0,2023-11-26,11,26,6,0,1,0,0,0,0,0,0,1,1
TXN_1888708,4.0,4.0,16.0,2023-08-17,8,17,3,0,0,0,0,1,0,0,0,0,0
TXN_1891141,4.0,3.0,12.0,2023-10-25,10,25,2,0,0,1,0,0,0,0,0,1,0
TXN_1891217,5.0,1.5,7.5,2023-04-02,4,2,6,0,0,0,0,0,0,1,0,1,0
TXN_1891978,4.0,5.0,20.0,2023-09-13,9,13,2,0,0,0,1,0,0,0,0,1,0
TXN_1892102,3.0,4.0,12.0,2023-03-23,3,23,3,0,0,0,0,1,0,0,0,0,1
TXN_1892454,1.0,3.0,3.0,2023-07-19,7,19,2,0,0,1,0,0,0,0,0,0,0
TXN_1893222,5.0,4.0,20.0,2023-12-20,12,20,2,0,0,0,0,0,1,0,1,0,0
TXN_1893337,2.0,3.0,6.0,2023-05-16,5,16,1,0,0,0,0,0,0,0,0,0,1
TXN_1894142,4.0,4.0,16.0,2023-09-13,9,13,2,0,0,0,0,1,0,0,0,0,0
TXN_1895899,4.0,4.0,16.0,2023-07-17,7,17,0,0,0,0,0,0,1,0,1,0,0
TXN_1896955,5.0,5.0,25.0,2023-09-23,9,23,5,0,0,0,1,0,0,0,0,1,0
TXN_1897783,3.0,4.0,12.0,2023-02-02,2,2,3,0,0,0,0,0,1,0,0,0,0
TXN_1898102,4.0,3.0,12.0,2023-10-17,10,17,1,0,0,0,0,0,0,0,1,0,1
TXN_1898329,5.0,3.0,15.0,2023-04-12,4,12,2,0,0,0,0,0,0,0,0,0,0
TXN_1899114,3.0,1.5,4.5,2023-04-05,4,5,2,0,0,0,0,0,0,1,0,1,1
TXN_1899827,5.0,2.0,10.0,2023-06-24,6,24,5,1,0,0,0,0,0,0,1,0,1
TXN_1900036,1.0,1.0,1.0,2023-12-20,12,20,2,0,1,0,0,0,0,0,0,1,1
TXN_1900411,3.0,5.0,15.0,2023-09-24,9,24,6,0,0,0,1,0,0,0,0,1,1
TXN_1900620,2.0,4.0,8.0,2023-12-14,12,14,3,0,0,0,0,0,1,0,1,0,1
TXN_1900906,5.0,2.0,10.0,2023-01-31,1,31,1,1,0,0,0,0,0,0,0,0,0
TXN_1901704,5.0,5.0,25.0,2023-11-17,11,17,4,0,0,0,1,0,0,0,0,0,1
TXN_1901729,2.0,3.0,6.0,2023-03-18,3,18,5,0,0,0,0,0,0,0,0,1,1
TXN_1902009,2.0,3.0,6.0,2023-04-12,4,12,2,0,0,0,0,0,0,0,1,0,1
TXN_1902038,4.0,2.0,8.0,2023-04-07,4,7,4,1,0,0,0,0,0,0,1,0,1
TXN_1903825,4.0,5.0,20.0,2023-04-01,4,1,5,0,0,0,1,0,0,0,0,1,1
TXN_1905459,3.0,4.0,12.0,2023-08-18,8,18,4,0,0,0,0,0,1,0,0,1,1
TXN_1906642,4.0,1.0,4.0,2023-06-06,6,6,1,0,1,0,0,0,0,0,0,1,1
TXN_1907250,1.0,1.0,1.0,2023-11-15,11,15,2,0,1,0,0,0,0,0,1,0,0
TXN_1907428,4.0,3.0,12.0,2023-06-06,6,6,1,0,0,1,0,0,0,0,1,0,0
TXN_1907740,1.0,4.0,4.0,2023-03-17,3,17,4,0,0,0,0,1,0,0,0,0,0
TXN_1908100,2.0,3.0,6.0,2023-04-17,4,17,0,0,0,1,0,0,0,0,0,1,0
TXN_1909796,2.0,4.0,8.0,2023-07-12,7,12,2,0,0,0,0,0,1,0,0,0,1
TXN_1910487,3.0,4.0,12.0,2023-08-14,8,14,0,0,0,0,0,1,0,0,0,1,0
TXN_1910553,5.0,4.0,20.0,2023-10-01,10,1,6,0,0,0,0,0,1,0,0,0,0
TXN_1910957,5.0,1.5,7.5,2023-07-25,7,25,1,0,0,0,0,0,0,1,0,0,1
TXN_1911093,2.0,1.5,3.0,2023-10-07,10,7,5,0,0,0,0,0,0,1,0,1,0
TXN_1912525,4.0,4.0,16.0,2023-11-25,11,25,5,0,0,0,0,1,0,0,0,0,1
TXN_1914728,5.0,1.0,5.0,2023-06-16,6,16,4,0,1,0,0,0,0,0,0,0,0
TXN_1915046,5.0,4.0,20.0,2023-04-12,4,12,2,0,0,0,0,1,0,0,0,1,0
TXN_1916339,1.0,3.0,3.0,2023-07-15,7,15,5,0,0,0,0,0,0,0,0,0,0
TXN_1917336,3.0,4.0,12.0,2023-04-12,4,12,2,0,0,0,0,1,0,0,0,0,0
TXN_1917388,2.0,3.0,6.0,2023-04-15,4,15,5,0,0,0,0,0,0,0,0,1,1
TXN_1921262,2.0,4.0,8.0,2023-11-24,11,24,4,0,0,0,0,1,0,0,1,0,1
TXN_1921415,1.0,3.0,3.0,2023-11-03,11,3,4,0,0,0,0,0,0,0,0,0,1
TXN_1923263,4.0,4.0,16.0,2023-03-12,3,12,6,0,0,0,0,1,0,0,0,1,0
TXN_1923349,4.0,1.5,6.0,2023-07-06,7,6,3,0,0,0,0,0,0,1,0,1,1
TXN_1923984,2.0,3.0,6.0,2023-08-31,8,31,3,0,0,0,0,0,0,0,1,0,1
TXN_1926278,1.0,1.0,1.0,2023-07-29,7,29,5,0,1,0,0,0,0,0,1,0,0
TXN_1926712,5.0,2.0,10.0,2023-01-31,1,31,1,1,0,0,0,0,0,0,1,0,1
TXN_1926794,1.0,4.0,4.0,2023-01-14,1,14,5,0,0,0,0,0,1,0,0,1,0
TXN_1927324,1.0,4.0,4.0,2023-08-29,8,29,1,0,0,0,0,1,0,0,0,1,1
TXN_1927404,1.0,3.0,3.0,2023-12-22,12,22,4,0,0,1,0,0,0,0,0,1,0
TXN_1927431,1.0,1.0,1.0,2023-02-07,2,7,1,0,1,0,0,0,0,0,1,0,0
TXN_1927704,2.0,5.0,10.0,2023-01-05,1,5,3,0,0,0,1,0,0,0,0,1,0
TXN_1928131,1.0,4.0,4.0,2023-04-17,4,17,0,0,0,0,0,0,1,0,1,0,1
TXN_1928241,3.0,2.0,6.0,2023-04-30,4,30,6,1,0,0,0,0,0,0,0,0,0
TXN_1928401,5.0,4.0,20.0,2023-06-15,6,15,3,0,0,0,0,1,0,0,0,1,0
TXN_1929398,1.0,4.0,4.0,2023-02-23,2,23,3,0,0,0,0,1,0,0,0,1,0
TXN_1931190,3.0,1.0,3.0,2023-12-31,12,31,6,0,1,0,0,0,0,0,0,1,1
TXN_1931404,5.0,3.0,15.0,2023-10-01,10,1,6,0,0,0,0,0,0,0,0,0,0
TXN_1931832,4.0,4.0,16.0,2023-05-07,5,7,6,0,0,0,0,0,1,0,1,0,1
TXN_1932224,1.0,2.0,2.0,2023-09-09,9,9,5,1,0,0,0,0,0,0,1,0,0
TXN_1933315,2.0,3.0,6.0,2023-09-29,9,29,4,0,0,1,0,0,0,0,0,1,0
TXN_1933628,2.0,3.0,6.0,2023-08-27,8,27,6,0,0,1,0,0,0,0,0,0,0
TXN_1934166,5.0,4.0,20.0,2023-03-06,3,6,0,0,0,0,0,1,0,0,0,0,0
TXN_1935119,4.0,2.0,8.0,2023-07-15,7,15,5,1,0,0,0,0,0,0,1,0,1
TXN_1936447,2.0,1.0,2.0,2023-10-28,10,28,5,0,1,0,0,0,0,0,0,0,1
TXN_1936644,3.0,3.0,9.0,2023-01-28,1,28,5,0,0,1,0,0,0,0,0,1,1
TXN_1936915,3.0,5.0,15.0,2023-01-24,1,24,1,0,0,0,1,0,0,0,0,1,0
TXN_1937081,2.0,3.0,6.0,2023-06-07,6,7,2,0,0,0,0,0,0,0,1,0,0
TXN_1937611,2.0,1.5,3.0,2023-11-02,11,2,3,0,0,0,0,0,0,1,1,0,1
TXN_1938071,4.0,4.0,16.0,2023-12-25,12,25,0,0,0,0,0,1,0,0,1,0,0
TXN_1938148,2.0,3.0,6.0,2023-06-07,6,7,2,0,0,0,0,0,0,0,1,0,1
TXN_1938413,4.0,4.0,16.0,2023-04-01,4,1,5,0,0,0,0,0,1,0,0,1,1
TXN_1940330,4.0,1.5,6.0,2023-01-12,1,12,3,0,0,0,0,0,0,1,0,1,0
TXN_1940778,2.0,1.5,3.0,2023-02-01,2,1,2,0,0,0,0,0,0,1,0,0,0
TXN_1941099,5.0,1.0,5.0,2023-04-14,4,14,4,0,1,0,0,0,0,0,0,0,1
TXN_1942950,4.0,4.0,16.0,2023-03-25,3,25,5,0,0,0,0,1,0,0,0,1,1
TXN_1943186,2.0,5.0,10.0,2023-12-16,12,16,5,0,0,0,1,0,0,0,0,0,0
TXN_1944293,3.0,2.0,6.0,2023-02-25,2,25,5,1,0,0,0,0,0,0,0,1,0
TXN_1945918,2.0,3.0,6.0,2023-09-12,9,12,1,0,0,1,0,0,0,0,0,1,0
TXN_1946773,4.0,4.0,16.0,2023-08-28,8,28,0,0,0,0,0,1,0,0,0,0,1
TXN_1948437,2.0,4.0,8.0,2023-11-03,11,3,4,0,0,0,0,0,1,0,0,1,1
TXN_1949093,2.0,4.0,8.0,2023-02-05,2,5,6,0,0,0,0,0,1,0,0,0,0
TXN_1949789,2.0,5.0,10.0,2023-11-07,11,7,1,0,0,0,1,0,0,0,0,1,1
TXN_1950008,4.0,4.0,16.0,2023-07-24,7,24,0,0,0,0,0,0,1,0,0,1,0
TXN_1950063,2.0,5.0,10.0,2023-02-24,2,24,4,0,0,0,1,0,0,0,0,0,0
TXN_1950187,2.0,1.5,3.0,2023-04-13,4,13,3,0,0,0,0,0,0,1,1,0,1
TXN_1950343,2.0,1.0,2.0,2023-07-25,7,25,1,0,1,0,0,0,0,0,0,1,1
TXN_1950777,5.0,5.0,25.0,2023-08-26,8,26,5,0,0,0,1,0,0,0,0,0,1
TXN_1951166,2.0,1.5,3.0,2023-08-28,8,28,0,0,0,0,0,0,0,1,1,0,1
TXN_1951569,2.0,5.0,10.0,2023-02-27,2,27,0,0,0,0,1,0,0,0,0,1,1
TXN_1952465,2.0,3.0,6.0,2023-06-11,6,11,6,0,0,0,0,0,0,0,0,1,1
TXN_1955127,5.0,3.0,15.0,2023-02-18,2,18,5,0,0,1,0,0,0,0,0,1,0
TXN_1958525,3.0,1.0,3.0,2023-10-08,10,8,6,0,1,0,0,0,0,0,1,0,1
TXN_1958614,2.0,4.0,8.0,2023-07-02,7,2,6,0,0,0,0,0,1,0,0,1,1
TXN_1959082,5.0,3.0,15.0,2023-06-08,6,8,3,0,0,1,0,0,0,0,1,0,1
TXN_1959334,3.0,2.0,6.0,2023-06-29,6,29,3,1,0,0,0,0,0,0,0,0,1
TXN_1960599,4.0,3.0,12.0,2023-01-06,1,6,4,0,0,0,0,0,0,0,0,0,1
TXN_1961373,2.0,2.0,4.0,2023-09-08,9,8,4,1,0,0,0,0,0,0,1,0,1
TXN_1961595,5.0,4.0,20.0,2023-07-02,7,2,6,0,0,0,0,0,1,0,0,1,0
TXN_1961943,3.0,4.0,12.0,2023-11-05,11,5,6,0,0,0,0,0,1,0,0,1,0
TXN_1962275,5.0,2.0,10.0,2023-05-26,5,26,4,1,0,0,0,0,0,0,1,0,1
TXN_1963345,4.0,4.0,16.0,2023-10-12,10,12,3,0,0,0,0,0,1,0,0,1,0
TXN_1964555,2.0,4.0,8.0,2023-04-11,4,11,1,0,0,0,0,0,1,0,0,1,1
TXN_1967032,1.0,1.5,1.5,2023-01-12,1,12,3,0,0,0,0,0,0,1,0,1,1
TXN_1967565,5.0,4.0,20.0,2023-03-31,3,31,4,0,0,0,0,0,1,0,1,0,1
TXN_1970180,2.0,3.0,6.0,2023-08-02,8,2,2,0,0,0,0,0,0,0,0,1,1
TXN_1971103,4.0,3.0,12.0,2023-08-22,8,22,1,0,0,1,0,0,0,0,0,1,0
TXN_1971201,2.0,4.0,8.0,2023-11-07,11,7,1,0,0,0,0,0,1,0,0,1,0
TXN_1971865,1.0,3.0,3.0,2023-04-11,4,11,1,0,0,0,0,0,0,0,0,1,1
TXN_1972584,5.0,4.0,20.0,2023-07-10,7,10,0,0,0,0,0,1,0,0,0,1,1
TXN_1972843,2.0,2.0,4.0,2023-02-20,2,20,0,1,0,0,0,0,0,0,0,1,1
TXN_1973716,4.0,5.0,20.0,2023-01-21,1,21,5,0,0,0,1,0,0,0,1,0,0
TXN_1975184,3.0,2.0,6.0,2023-01-15,1,15,6,1,0,0,0,0,0,0,0,1,1
TXN_1976619,2.0,2.0,4.0,2023-08-02,8,2,2,1,0,0,0,0,0,0,0,1,1
TXN_1978239,4.0,5.0,20.0,2023-09-20,9,20,2,0,0,0,1,0,0,0,0,1,0
TXN_1978687,2.0,3.0,6.0,2023-12-13,12,13,2,0,0,1,0,0,0,0,1,0,0
TXN_1980303,3.0,1.5,4.5,2023-04-22,4,22,5,0,0,0,0,0,0,1,0,1,1
TXN_1981602,4.0,4.0,16.0,2023-09-04,9,4,0,0,0,0,0,1,0,0,0,0,0
TXN_1982031,4.0,1.0,4.0,2023-02-03,2,3,4,0,1,0,0,0,0,0,0,0,1
TXN_1983422,2.0,1.0,2.0,2023-06-26,6,26,0,0,1,0,0,0,0,0,0,1,0
TXN_1983842,5.0,3.0,15.0,2023-03-16,3,16,3,0,0,0,0,0,0,0,0,1,0
TXN_1984774,3.0,1.5,4.5,2023-11-13,11,13,0,0,0,0,0,0,0,1,0,0,1
TXN_1984966,2.0,1.5,3.0,2023-03-31,3,31,4,0,0,0,0,0,0,1,1,0,1
TXN_1985223,3.0,4.0,12.0,2023-09-21,9,21,3,0,0,0,0,0,1,0,0,1,1
TXN_1985278,3.0,4.0,12.0,2023-02-13,2,13,0,0,0,0,0,1,0,0,0,1,0
TXN_1985396,3.0,4.0,12.0,2023-01-23,1,23,0,0,0,0,0,1,0,0,0,0,0
TXN_1987212,5.0,4.0,20.0,2023-04-07,4,7,4,0,0,0,0,0,1,0,1,0,1
TXN_1987311,1.0,4.0,4.0,2023-08-03,8,3,3,0,0,0,0,0,1,0,0,1,0
TXN_1987716,1.0,2.0,2.0,2023-11-13,11,13,0,1,0,0,0,0,0,0,1,0,1
TXN_1987977,2.0,4.0,8.0,2023-11-16,11,16,3,0,0,0,0,1,0,0,0,1,0
TXN_1990029,4.0,1.5,6.0,2023-11-18,11,18,5,0,0,0,0,0,0,1,1,0,0
TXN_1990997,1.0,5.0,5.0,2023-03-27,3,27,0,0,0,0,1,0,0,0,0,1,1
TXN_1991104,2.0,3.0,6.0,2023-11-29,11,29,2,0,0,1,0,0,0,0,0,1,1
TXN_1991987,3.0,3.0,9.0,2023-10-22,10,22,6,0,0,0,0,0,0,0,1,0,0
TXN_1992699,2.0,1.0,2.0,2023-05-08,5,8,0,0,1,0,0,0,0,0,0,1,1
TXN_1992966,5.0,4.0,20.0,2023-08-09,8,9,2,0,0,0,0,0,1,0,0,0,0
TXN_1993002,4.0,3.0,12.0,2023-03-30,3,30,3,0,0,1,0,0,0,0,0,1,1
TXN_1993155,1.0,3.0,3.0,2023-05-23,5,23,1,0,0,1,0,0,0,0,0,1,1
TXN_1993289,2.0,4.0,8.0,2023-04-18,4,18,1,0,0,0,0,1,0,0,0,1,0
TXN_1993503,4.0,1.0,4.0,2023-08-16,8,16,2,0,1,0,0,0,0,0,1,0,0
TXN_1993675,3.0,1.0,3.0,2023-01-09,1,9,0,0,1,0,0,0,0,0,0,0,1
TXN_1995528,5.0,2.0,10.0,2023-06-24,6,24,5,1,0,0,0,0,0,0,0,1,0
TXN_1996318,5.0,3.0,15.0,2023-09-04,9,4,0,0,0,0,0,0,0,0,0,1,0
TXN_1996466,1.0,4.0,4.0,2023-04-24,4,24,0,0,0,0,0,0,1,0,0,1,1
TXN_1998143,1.0,1.0,1.0,2023-12-10,12,10,6,0,1,0,0,0,0,0,0,1,0
TXN_1998401,1.0,4.0,4.0,2023-09-17,9,17,6,0,0,0,0,1,0,0,0,0,0
TXN_1999100,3.0,4.0,12.0,2023-11-08,11,8,2,0,0,0,0,0,1,0,0,1,0
TXN_2000331,3.0,4.0,12.0,2023-03-30,3,30,3,0,0,0,0,0,1,0,0,1,1
TXN_2000400,5.0,1.5,7.5,2023-09-29,9,29,4,0,0,0,0,0,0,1,0,1,1
TXN_2000406,2.0,3.0,6.0,2023-06-06,6,6,1,0,0,0,0,0,0,0,1,0,1
TXN_2001807,5.0,4.0,20.0,2023-08-10,8,10,3,0,0,0,0,0,1,0,0,1,0
TXN_2002049,5.0,2.0,10.0,2023-03-17,3,17,4,1,0,0,0,0,0,0,0,1,1
TXN_2002730,2.0,4.0,8.0,2023-09-27,9,27,2,0,0,0,0,0,1,0,0,1,1
TXN_2003488,3.0,3.0,9.0,2023-09-25,9,25,0,0,0,1,0,0,0,0,0,1,1
TXN_2004781,5.0,4.0,20.0,2023-04-20,4,20,3,0,0,0,0,1,0,0,0,1,1
TXN_2005032,2.0,1.0,2.0,2023-11-30,11,30,3,0,1,0,0,0,0,0,0,1,0
TXN_2005789,3.0,3.0,9.0,2023-03-13,3,13,0,0,0,1,0,0,0,0,1,0,1
TXN_2006923,5.0,5.0,25.0,2023-05-31,5,31,2,0,0,0,1,0,0,0,0,1,0
TXN_2007418,4.0,4.0,16.0,2023-06-16,6,16,4,0,0,0,0,0,1,0,0,0,1
TXN_2007652,2.0,3.0,6.0,2023-12-09,12,9,5,0,0,1,0,0,0,0,0,1,1
TXN_2008137,4.0,2.0,8.0,2023-10-07,10,7,5,1,0,0,0,0,0,0,0,0,1
TXN_2009407,5.0,3.0,15.0,2023-05-05,5,5,4,0,0,1,0,0,0,0,0,0,1
TXN_2009782,5.0,5.0,25.0,2023-05-11,5,11,3,0,0,0,1,0,0,0,1,0,0
TXN_2009893,3.0,4.0,12.0,2023-12-06,12,6,2,0,0,0,0,0,1,0,0,1,1
TXN_2010060,1.0,3.0,3.0,2023-11-09,11,9,3,0,0,0,0,0,0,0,0,0,1
TXN_2010507,3.0,3.0,9.0,2023-05-23,5,23,1,0,0,0,0,0,0,0,0,0,0
TXN_2010658,3.0,4.0,12.0,2023-02-20,2,20,0,0,0,0,0,0,1,0,0,1,0
TXN_2014042,4.0,1.0,4.0,2023-10-27,10,27,4,0,1,0,0,0,0,0,0,1,1
TXN_2015313,5.0,5.0,25.0,2023-10-18,10,18,2,0,0,0,1,0,0,0,0,0,0
TXN_2017793,3.0,1.5,4.5,2023-07-18,7,18,1,0,0,0,0,0,0,1,0,1,1
TXN_2018236,5.0,2.0,10.0,2023-04-19,4,19,2,1,0,0,0,0,0,0,0,0,1
TXN_2018654,1.0,5.0,5.0,2023-10-23,10,23,0,0,0,0,1,0,0,0,0,1,0
TXN_2018943,5.0,4.0,20.0,2023-05-27,5,27,5,0,0,0,0,0,1,0,0,1,1
TXN_2019127,1.0,5.0,5.0,2023-08-03,8,3,3,0,0,0,1,0,0,0,0,0,0
TXN_2019258,4.0,3.0,12.0,2023-02-03,2,3,4,0,0,1,0,0,0,0,1,0,1
TXN_2020318,3.0,1.5,4.5,2023-10-12,10,12,3,0,0,0,0,0,0,1,0,1,0
TXN_2020445,2.0,4.0,8.0,2023-03-06,3,6,0,0,0,0,0,0,1,0,0,0,0
TXN_2021680,3.0,3.0,9.0,2023-08-16,8,16,2,0,0,1,0,0,0,0,1,0,1
TXN_2023651,2.0,4.0,8.0,2023-05-25,5,25,3,0,0,0,0,1,0,0,0,0,0
TXN_2023802,2.0,3.0,6.0,2023-02-28,2,28,1,0,0,0,0,0,0,0,0,0,0
TXN_2024121,5.0,3.0,15.0,2023-11-06,11,6,0,0,0,1,0,0,0,0,0,1,0
TXN_2024598,1.0,4.0,4.0,2023-01-01,1,1,6,0,0,0,0,1,0,0,0,1,0
TXN_2026084,2.0,2.0,4.0,2023-10-20,10,20,4,1,0,0,0,0,0,0,0,0,0
TXN_2027203,3.0,2.0,6.0,2023-07-15,7,15,5,1,0,0,0,0,0,0,1,0,1
TXN_2028930,2.0,1.0,2.0,2023-11-25,11,25,5,0,1,0,0,0,0,0,0,1,0
TXN_2029301,5.0,1.5,7.5,2023-08-06,8,6,6,0,0,0,0,0,0,1,0,1,1
TXN_2029497,2.0,4.0,8.0,2023-01-06,1,6,4,0,0,0,0,1,0,0,0,0,1
TXN_2030078,1.0,4.0,4.0,2023-04-10,4,10,0,0,0,0,0,0,1,0,0,1,1
TXN_2030107,4.0,3.0,12.0,2023-01-03,1,3,1,0,0,1,0,0,0,0,0,1,1
TXN_2031459,3.0,3.0,9.0,2023-07-04,7,4,1,0,0,0,0,0,0,0,0,0,1
TXN_2031545,2.0,3.0,6.0,2023-05-02,5,2,1,0,0,1,0,0,0,0,0,1,0
TXN_2032049,2.0,5.0,10.0,2023-10-12,10,12,3,0,0,0,1,0,0,0,1,0,1
TXN_2035137,2.0,1.5,3.0,2023-03-12,3,12,6,0,0,0,0,0,0,1,0,1,1
TXN_2035283,3.0,4.0,12.0,2023-01-14,1,14,5,0,0,0,0,0,1,0,0,1,0
TXN_2035772,2.0,1.0,2.0,2023-01-17,1,17,1,0,1,0,0,0,0,0,0,0,0
TXN_2035838,5.0,3.0,15.0,2023-02-01,2,1,2,0,0,0,0,0,0,0,0,1,1
TXN_2036482,1.0,3.0,3.0,2023-06-04,6,4,6,0,0,0,0,0,0,0,0,0,1
TXN_2037742,4.0,3.0,12.0,2023-11-14,11,14,1,0,0,0,0,0,0,0,0,1,0
TXN_2038871,2.0,1.5,3.0,2023-07-15,7,15,5,0,0,0,0,0,0,1,0,1,1
TXN_2041190,1.0,3.0,3.0,2023-11-04,11,4,5,0,0,1,0,0,0,0,0,1,0
TXN_2044375,1.0,5.0,5.0,2023-01-05,1,5,3,0,0,0,1,0,0,0,0,0,1
TXN_2044945,2.0,1.5,3.0,2023-10-18,10,18,2,0,0,0,0,0,0,1,0,0,0
TXN_2047672,1.0,4.0,4.0,2023-01-25,1,25,2,0,0,0,0,1,0,0,1,0,0
TXN_2049313,4.0,1.5,6.0,2023-12-25,12,25,0,0,0,0,0,0,0,1,1,0,1
TXN_2050017,4.0,4.0,16.0,2023-03-24,3,24,4,0,0,0,0,1,0,0,0,1,1
TXN_2050630,3.0,1.0,3.0,2023-01-18,1,18,2,0,1,0,0,0,0,0,0,1,1
TXN_2052060,3.0,4.0,12.0,2023-11-07,11,7,1,0,0,0,0,1,0,0,0,0,1
TXN_2052395,3.0,4.0,12.0,2023-07-06,7,6,3,0,0,0,0,0,1,0,1,0,0
TXN_2052609,4.0,3.0,12.0,2023-06-23,6,23,4,0,0,0,0,0,0,0,1,0,1
TXN_2053125,1.0,5.0,5.0,2023-07-26,7,26,2,0,0,0,1,0,0,0,0,1,0
TXN_2053631,1.0,5.0,5.0,2023-03-21,3,21,1,0,0,0,1,0,0,0,1,0,1
TXN_2053993,2.0,1.5,3.0,2023-09-21,9,21,3,0,0,0,0,0,0,1,0,1,1
TXN_2054549,1.0,4.0,4.0,2023-04-07,4,7,4,0,0,0,0,0,1,0,0,1,0
TXN_2055898,4.0,1.5,6.0,2023-12-01,12,1,4,0,0,0,0,0,0,1,0,1,0
TXN_2056358,3.0,2.0,6.0,2023-09-17,9,17,6,1,0,0,0,0,0,0,0,0,0
TXN_2057961,2.0,3.0,6.0,2023-10-04,10,4,2,0,0,1,0,0,0,0,1,0,0
TXN_2058243,5.0,4.0,20.0,2023-03-19,3,19,6,0,0,0,0,0,1,0,1,0,1
TXN_2059647,1.0,1.5,1.5,2023-05-29,5,29,0,0,0,0,0,0,0,1,0,1,0
TXN_2062269,4.0,3.0,12.0,2023-09-08,9,8,4,0,0,1,0,0,0,0,0,1,1
TXN_2062854,4.0,4.0,16.0,2023-12-01,12,1,4,0,0,0,0,1,0,0,0,1,1
TXN_2064049,4.0,5.0,20.0,2023-09-21,9,21,3,0,0,0,1,0,0,0,1,0,1
TXN_2064360,4.0,2.0,8.0,2023-08-30,8,30,2,1,0,0,0,0,0,0,0,1,0
TXN_2064365,5.0,4.0,20.0,2023-12-31,12,31,6,0,0,0,0,1,0,0,1,0,0
TXN_2065683,3.0,2.0,6.0,2023-09-21,9,21,3,1,0,0,0,0,0,0,0,1,0
TXN_2066115,4.0,5.0,20.0,2023-08-18,8,18,4,0,0,0,1,0,0,0,1,0,0
TXN_2069068,5.0,3.0,15.0,2023-06-15,6,15,3,0,0,0,0,0,0,0,0,1,0
TXN_2070818,5.0,4.0,20.0,2023-06-05,6,5,0,0,0,0,0,0,1,0,0,1,1
TXN_2073001,2.0,2.0,4.0,2023-11-22,11,22,2,1,0,0,0,0,0,0,0,1,0
TXN_2073647,3.0,4.0,12.0,2023-09-01,9,1,4,0,0,0,0,1,0,0,0,1,0
TXN_2074343,3.0,4.0,12.0,2023-05-30,5,30,1,0,0,0,0,1,0,0,0,1,0
TXN_2077318,2.0,3.0,6.0,2023-08-24,8,24,3,0,0,1,0,0,0,0,0,1,0
TXN_2078232,1.0,1.5,1.5,2023-06-11,6,11,6,0,0,0,0,0,0,1,0,1,0
TXN_2078317,1.0,1.5,1.5,2023-09-21,9,21,3,0,0,0,0,0,0,1,0,0,0
TXN_2078474,2.0,1.0,2.0,2023-11-03,11,3,4,0,1,0,0,0,0,0,0,1,1
TXN_2078577,4.0,1.5,6.0,2023-01-31,1,31,1,0,0,0,0,0,0,1,1,0,1
TXN_2079029,5.0,3.0,15.0,2023-05-11,5,11,3,0,0,0,0,0,0,0,0,0,0
TXN_2080228,1.0,3.0,3.0,2023-06-21,6,21,2,0,0,1,0,0,0,0,0,1,0
TXN_2080682,3.0,2.0,6.0,2023-05-02,5,2,1,1,0,0,0,0,0,0,1,0,0
TXN_2080895,1.0,3.0,3.0,2023-04-19,4,19,2,0,0,0,0,0,0,0,0,1,0
TXN_2081985,2.0,2.0,4.0,2023-03-24,3,24,4,1,0,0,0,0,0,0,0,1,1
TXN_2083119,2.0,1.0,2.0,2023-06-11,6,11,6,0,1,0,0,0,0,0,0,1,0
TXN_2083132,1.0,5.0,5.0,2023-08-31,8,31,3,0,0,0,1,0,0,0,0,1,1
TXN_2083138,3.0,4.0,12.0,2023-04-17,4,17,0,0,0,0,0,0,1,0,0,1,0
TXN_2084080,4.0,1.0,4.0,2023-09-22,9,22,4,0,1,0,0,0,0,0,0,1,1
TXN_2084232,4.0,1.5,6.0,2023-10-11,10,11,2,0,0,0,0,0,0,1,0,1,1
TXN_2084377,1.0,4.0,4.0,2023-10-22,10,22,6,0,0,0,0,0,1,0,1,0,0
TXN_2085081,2.0,3.0,6.0,2023-03-14,3,14,1,0,0,0,0,0,0,0,0,0,0
TXN_2085992,1.0,3.0,3.0,2023-05-15,5,15,0,0,0,0,0,0,0,0,0,1,1
TXN_2086325,2.0,2.0,4.0,2023-08-14,8,14,0,1,0,0,0,0,0,0,1,0,1
TXN_2086557,2.0,4.0,8.0,2023-01-13,1,13,4,0,0,0,0,0,1,0,0,0,0
TXN_2086841,4.0,5.0,20.0,2023-03-16,3,16,3,0,0,0,1,0,0,0,1,0,0
TXN_2086896,4.0,3.0,12.0,2023-11-25,11,25,5,0,0,0,0,0,0,0,0,0,1
TXN_2089778,1.0,3.0,3.0,2023-06-12,6,12,0,0,0,0,0,0,0,0,0,1,0
TXN_2090061,4.0,4.0,16.0,2023-06-23,6,23,4,0,0,0,0,0,1,0,0,1,1
TXN_2092288,1.0,2.0,2.0,2023-03-30,3,30,3,1,0,0,0,0,0,0,1,0,1
TXN_2092306,4.0,3.0,12.0,2023-04-01,4,1,5,0,0,1,0,0,0,0,0,1,0
TXN_2093816,3.0,4.0,12.0,2023-04-06,4,6,3,0,0,0,0,1,0,0,0,0,1
TXN_2096487,5.0,4.0,20.0,2023-08-09,8,9,2,0,0,0,0,0,1,0,0,1,1
TXN_2096922,3.0,2.0,6.0,2023-12-11,12,11,0,1,0,0,0,0,0,0,0,1,1
TXN_2097023,3.0,5.0,15.0,2023-11-10,11,10,4,0,0,0,1,0,0,0,0,1,1
TXN_2098878,2.0,3.0,6.0,2023-08-19,8,19,5,0,0,1,0,0,0,0,0,1,1
TXN_2099497,1.0,3.0,3.0,2023-02-27,2,27,0,0,0,1,0,0,0,0,0,1,1
TXN_2100697,3.0,2.0,6.0,2023-09-19,9,19,1,1,0,0,0,0,0,0,0,1,1
TXN_2101437,2.0,4.0,8.0,2023-08-27,8,27,6,0,0,0,0,1,0,0,0,0,0
TXN_2101632,4.0,4.0,16.0,2023-06-12,6,12,0,0,0,0,0,1,0,0,0,1,1
TXN_2101934,4.0,4.0,16.0,2023-11-27,11,27,0,0,0,0,0,0,1,0,0,0,0
TXN_2102561,2.0,1.0,2.0,2023-04-05,4,5,2,0,1,0,0,0,0,0,0,1,0
TXN_2102950,5.0,2.0,10.0,2023-12-07,12,7,3,1,0,0,0,0,0,0,0,1,1
TXN_2103018,5.0,3.0,15.0,2023-11-24,11,24,4,0,0,0,0,0,0,0,1,0,0
TXN_2103626,3.0,3.0,9.0,2023-04-23,4,23,6,0,0,1,0,0,0,0,0,0,0
TXN_2104473,3.0,3.0,9.0,2023-01-01,1,1,6,0,0,0,0,0,0,0,0,1,1
TXN_2104550,4.0,2.0,8.0,2023-09-08,9,8,4,1,0,0,0,0,0,0,1,0,0
TXN_2106437,1.0,1.5,1.5,2023-08-01,8,1,1,0,0,0,0,0,0,1,0,0,1
TXN_2106959,5.0,4.0,20.0,2023-09-05,9,5,1,0,0,0,0,1,0,0,0,1,1
TXN_2108125,1.0,2.0,2.0,2023-10-06,10,6,4,1,0,0,0,0,0,0,1,0,0
TXN_2108486,4.0,3.0,12.0,2023-12-28,12,28,3,0,0,1,0,0,0,0,0,1,1
TXN_2108894,4.0,4.0,16.0,2023-10-30,10,30,0,0,0,0,0,1,0,0,1,0,0
TXN_2109416,1.0,4.0,4.0,2023-09-21,9,21,3,0,0,0,0,1,0,0,0,0,0
TXN_2110490,1.0,5.0,5.0,2023-08-29,8,29,1,0,0,0,1,0,0,0,0,0,0
TXN_2111293,3.0,4.0,12.0,2023-05-29,5,29,0,0,0,0,0,0,1,0,0,1,1
TXN_2112522,5.0,4.0,20.0,2023-04-30,4,30,6,0,0,0,0,1,0,0,0,1,1
TXN_2112848,4.0,1.0,4.0,2023-10-16,10,16,0,0,1,0,0,0,0,0,1,0,0
TXN_2112911,3.0,5.0,15.0,2023-09-18,9,18,0,0,0,0,1,0,0,0,0,1,1
TXN_2114182,3.0,1.0,3.0,2023-07-28,7,28,4,0,1,0,0,0,0,0,0,1,0
TXN_2114258,1.0,1.0,1.0,2023-12-04,12,4,0,0,1,0,0,0,0,0,0,1,0
TXN_2118759,2.0,2.0,4.0,2023-08-07,8,7,0,1,0,0,0,0,0,0,0,1,1
TXN_2119325,5.0,3.0,15.0,2023-11-13,11,13,0,0,0,0,0,0,0,0,0,1,0
TXN_2119373,4.0,5.0,20.0,2023-06-30,6,30,4,0,0,0,1,0,0,0,1,0,0
TXN_2119809,5.0,5.0,25.0,2023-04-21,4,21,4,0,0,0,1,0,0,0,0,1,0
TXN_2122597,3.0,3.0,9.0,2023-05-11,5,11,3,0,0,0,0,0,0,0,1,0,1
TXN_2123367,2.0,1.0,2.0,2023-11-07,11,7,1,0,1,0,0,0,0,0,0,1,1
TXN_2123573,5.0,2.0,10.0,2023-01-09,1,9,0,1,0,0,0,0,0,0,0,1,1
TXN_2126034,4.0,2.0,8.0,2023-10-30,10,30,0,1,0,0,0,0,0,0,0,0,0
TXN_2126408,3.0,1.0,3.0,2023-10-19,10,19,3,0,1,0,0,0,0,0,0,0,1
TXN_2127588,4.0,3.0,12.0,2023-07-17,7,17,0,0,0,0,0,0,0,0,0,0,0
TXN_2130245,5.0,4.0,20.0,2023-11-13,11,13,0,0,0,0,0,0,1,0,1,0,0
TXN_2130415,1.0,2.0,2.0,2023-12-08,12,8,4,1,0,0,0,0,0,0,0,1,1
TXN_2130483,4.0,1.5,6.0,2023-11-25,11,25,5,0,0,0,0,0,0,1,0,0,1
TXN_2131494,2.0,5.0,10.0,2023-02-27,2,27,0,0,0,0,1,0,0,0,0,0,1
TXN_2132186,1.0,5.0,5.0,2023-02-01,2,1,2,0,0,0,1,0,0,0,1,0,1
TXN_2132434,4.0,5.0,20.0,2023-06-03,6,3,5,0,0,0,1,0,0,0,0,1,0
TXN_2132747,2.0,4.0,8.0,2023-12-19,12,19,1,0,0,0,0,1,0,0,0,1,0
TXN_2133223,3.0,3.0,9.0,2023-11-17,11,17,4,0,0,0,0,0,0,0,0,0,1
TXN_2134650,4.0,3.0,12.0,2023-02-11,2,11,5,0,0,1,0,0,0,0,0,1,1
TXN_2134660,5.0,3.0,15.0,2023-11-08,11,8,2,0,0,0,0,0,0,0,1,0,0
TXN_2134763,3.0,3.0,9.0,2023-03-28,3,28,1,0,0,1,0,0,0,0,1,0,1
TXN_2134911,5.0,1.5,7.5,2023-10-07,10,7,5,0,0,0,0,0,0,1,0,1,0
TXN_2135358,5.0,3.0,15.0,2023-05-28,5,28,6,0,0,0,0,0,0,0,1,0,0
TXN_2135613,3.0,4.0,12.0,2023-04-06,4,6,3,0,0,0,0,0,1,0,0,1,1
TXN_2136226,2.0,3.0,6.0,2023-12-12,12,12,1,0,0,1,0,0,0,0,0,1,0
TXN_2137354,2.0,2.0,4.0,2023-05-17,5,17,2,1,0,0,0,0,0,0,0,1,1
TXN_2139240,4.0,4.0,16.0,2023-04-06,4,6,3,0,0,0,0,1,0,0,0,1,0
TXN_2140056,1.0,1.0,1.0,2023-12-07,12,7,3,0,1,0,0,0,0,0,0,1,1
TXN_2141924,5.0,5.0,25.0,2023-11-27,11,27,0,0,0,0,1,0,0,0,0,0,0
TXN_2142941,5.0,1.0,5.0,2023-11-03,11,3,4,0,1,0,0,0,0,0,0,1,1
TXN_2142961,5.0,2.0,10.0,2023-09-21,9,21,3,1,0,0,0,0,0,0,1,0,1
TXN_2143187,1.0,4.0,4.0,2023-04-21,4,21,4,0,0,0,0,0,1,0,0,1,0
TXN_2144031,1.0,3.0,3.0,2023-02-25,2,25,5,0,0,1,0,0,0,0,0,0,1
TXN_2145530,3.0,4.0,12.0,2023-10-08,10,8,6,0,0,0,0,1,0,0,0,1,0
TXN_2146829,4.0,5.0,20.0,2023-12-26,12,26,1,0,0,0,1,0,0,0,0,0,0
TXN_2147448,4.0,2.0,8.0,2023-11-27,11,27,0,1,0,0,0,0,0,0,1,0,0
TXN_2147453,4.0,1.0,4.0,2023-04-27,4,27,3,0,1,0,0,0,0,0,1,0,1
TXN_2147706,5.0,3.0,15.0,2023-03-23,3,23,3,0,0,1,0,0,0,0,0,1,0
TXN_2148444,2.0,3.0,6.0,2023-11-27,11,27,0,0,0,1,0,0,0,0,0,0,1
TXN_2148617,3.0,3.0,9.0,2023-01-10,1,10,1,0,0,1,0,0,0,0,0,1,1
TXN_2148838,2.0,4.0,8.0,2023-08-05,8,5,5,0,0,0,0,1,0,0,1,0,0
TXN_2150872,5.0,3.0,15.0,2023-03-18,3,18,5,0,0,1,0,0,0,0,0,0,1
TXN_2151258,3.0,3.0,9.0,2023-08-09,8,9,2,0,0,0,0,0,0,0,1,0,0
TXN_2151688,5.0,3.0,15.0,2023-09-29,9,29,4,0,0,0,0,0,0,0,0,1,1
TXN_2152054,2.0,3.0,6.0,2023-05-11,5,11,3,0,0,0,0,0,0,0,0,1,1
TXN_2152670,3.0,1.5,4.5,2023-12-24,12,24,6,0,0,0,0,0,0,1,1,0,0
TXN_2153100,2.0,1.5,3.0,2023-12-29,12,29,4,0,0,0,0,0,0,1,0,0,0
TXN_2153529,1.0,1.0,1.0,2023-09-11,9,11,0,0,1,0,0,0,0,0,1,0,1
TXN_2153838,4.0,1.5,6.0,2023-12-19,12,19,1,0,0,0,0,0,0,1,0,1,0
TXN_2154477,4.0,3.0,12.0,2023-02-11,2,11,5,0,0,0,0,0,0,0,0,1,0
TXN_2154866,2.0,1.5,3.0,2023-08-11,8,11,4,0,0,0,0,0,0,1,1,0,1
TXN_2155368,2.0,1.0,2.0,2023-02-06,2,6,0,0,1,0,0,0,0,0,0,1,1
TXN_2155393,2.0,3.0,6.0,2023-07-12,7,12,2,0,0,1,0,0,0,0,0,1,0
TXN_2156128,1.0,4.0,4.0,2023-07-21,7,21,4,0,0,0,0,1,0,0,0,1,0
TXN_2156206,2.0,4.0,8.0,2023-02-04,2,4,5,0,0,0,0,0,1,0,0,1,0
TXN_2156218,2.0,4.0,8.0,2023-07-24,7,24,0,0,0,0,0,0,1,0,0,1,0
TXN_2156454,5.0,1.0,5.0,2023-08-17,8,17,3,0,1,0,0,0,0,0,0,1,0
TXN_2158361,2.0,3.0,6.0,2023-07-27,7,27,3,0,0,1,0,0,0,0,0,1,1
TXN_2160119,5.0,4.0,20.0,2023-12-27,12,27,2,0,0,0,0,0,1,0,0,0,0
TXN_2160316,1.0,4.0,4.0,2023-10-24,10,24,1,0,0,0,0,1,0,0,0,1,0
TXN_2161255,3.0,4.0,12.0,2023-06-08,6,8,3,0,0,0,0,1,0,0,0,1,1
TXN_2161341,5.0,5.0,25.0,2023-03-12,3,12,6,0,0,0,1,0,0,0,0,1,0
TXN_2161372,1.0,3.0,3.0,2023-12-17,12,17,6,0,0,1,0,0,0,0,1,0,1
TXN_2161957,2.0,1.0,2.0,2023-05-19,5,19,4,0,1,0,0,0,0,0,0,1,1
TXN_2163150,1.0,5.0,5.0,2023-08-25,8,25,4,0,0,0,1,0,0,0,0,0,0
TXN_2163229,4.0,1.0,4.0,2023-12-21,12,21,3,0,1,0,0,0,0,0,0,0,1
TXN_2165365,5.0,2.0,10.0,2023-06-08,6,8,3,1,0,0,0,0,0,0,0,1,1
TXN_2165745,4.0,2.0,8.0,2023-01-31,1,31,1,1,0,0,0,0,0,0,1,0,0
TXN_2166064,4.0,2.0,8.0,2023-02-08,2,8,2,1,0,0,0,0,0,0,0,1,0
TXN_2167159,2.0,3.0,6.0,2023-04-06,4,6,3,0,0,0,0,0,0,0,0,0,0
TXN_2168277,1.0,1.0,1.0,2023-06-02,6,2,4,0,1,0,0,0,0,0,0,1,1
TXN_2168513,1.0,3.0,3.0,2023-02-09,2,9,3,0,0,0,0,0,0,0,0,1,0
TXN_2169664,1.0,4.0,4.0,2023-07-23,7,23,6,0,0,0,0,0,1,0,0,0,1
TXN_2172301,4.0,1.0,4.0,2023-04-06,4,6,3,0,1,0,0,0,0,0,0,1,1
TXN_2172960,1.0,4.0,4.0,2023-07-04,7,4,1,0,0,0,0,0,1,0,0,1,0
TXN_2174821,1.0,2.0,2.0,2023-11-08,11,8,2,1,0,0,0,0,0,0,0,1,1
TXN_2175096,1.0,1.5,1.5,2023-02-25,2,25,5,0,0,0,0,0,0,1,0,0,0
TXN_2176024,5.0,2.0,10.0,2023-02-03,2,3,4,1,0,0,0,0,0,0,0,1,0
TXN_2176727,1.0,1.5,1.5,2023-07-26,7,26,2,0,0,0,0,0,0,1,0,1,1
TXN_2176821,3.0,5.0,15.0,2023-05-05,5,5,4,0,0,0,1,0,0,0,0,1,1
TXN_2177436,1.0,3.0,3.0,2023-03-13,3,13,0,0,0,0,0,0,0,0,0,1,1
TXN_2178059,4.0,4.0,16.0,2023-03-24,3,24,4,0,0,0,0,1,0,0,0,1,0
TXN_2178735,3.0,3.0,9.0,2023-07-24,7,24,0,0,0,1,0,0,0,0,1,0,1
TXN_2178964,4.0,1.5,6.0,2023-12-25,12,25,0,0,0,0,0,0,0,1,0,0,1
TXN_2179458,1.0,3.0,3.0,2023-10-23,10,23,0,0,0,1,0,0,0,0,0,0,0
TXN_2180562,2.0,5.0,10.0,2023-07-02,7,2,6,0,0,0,1,0,0,0,0,1,1
TXN_2181545,4.0,3.0,12.0,2023-07-14,7,14,4,0,0,1,0,0,0,0,1,0,1
TXN_2181920,3.0,4.0,12.0,2023-02-11,2,11,5,0,0,0,0,1,0,0,0,0,1
TXN_2182790,5.0,1.5,7.5,2023-05-05,5,5,4,0,0,0,0,0,0,1,1,0,1
TXN_2184573,4.0,1.5,6.0,2023-04-26,4,26,2,0,0,0,0,0,0,1,0,1,1
TXN_2185661,4.0,4.0,16.0,2023-03-16,3,16,3,0,0,0,0,1,0,0,0,0,1
TXN_2185727,4.0,5.0,20.0,2023-10-08,10,8,6,0,0,0,1,0,0,0,0,1,0
TXN_2187911,3.0,2.0,6.0,2023-04-20,4,20,3,1,0,0,0,0,0,0,1,0,1
TXN_2188137,1.0,1.5,1.5,2023-01-15,1,15,6,0,0,0,0,0,0,1,1,0,1
TXN_2188342,3.0,2.0,6.0,2023-09-10,9,10,6,1,0,0,0,0,0,0,0,0,1
TXN_2188356,1.0,1.5,1.5,2023-07-14,7,14,4,0,0,0,0,0,0,1,0,1,0
TXN_2190325,4.0,4.0,16.0,2023-03-10,3,10,4,0,0,0,0,1,0,0,1,0,0
TXN_2190793,4.0,1.0,4.0,2023-07-29,7,29,5,0,1,0,0,0,0,0,1,0,1
TXN_2192787,5.0,4.0,20.0,2023-01-01,1,1,6,0,0,0,0,1,0,0,0,0,0
TXN_2193092,4.0,3.0,12.0,2023-10-30,10,30,0,0,0,1,0,0,0,0,0,1,1
TXN_2193333,4.0,2.0,8.0,2023-07-21,7,21,4,1,0,0,0,0,0,0,0,1,1
TXN_2194305,2.0,4.0,8.0,2023-09-16,9,16,5,0,0,0,0,1,0,0,1,0,1
TXN_2195218,4.0,3.0,12.0,2023-09-10,9,10,6,0,0,0,0,0,0,0,0,1,0
TXN_2195630,5.0,4.0,20.0,2023-03-09,3,9,3,0,0,0,0,1,0,0,1,0,1
TXN_2196926,2.0,3.0,6.0,2023-07-27,7,27,3,0,0,1,0,0,0,0,0,1,1
TXN_2199236,5.0,4.0,20.0,2023-10-06,10,6,4,0,0,0,0,0,1,0,0,1,1
TXN_2199500,1.0,4.0,4.0,2023-04-04,4,4,1,0,0,0,0,0,1,0,1,0,1
TXN_2199647,1.0,5.0,5.0,2023-05-05,5,5,4,0,0,0,1,0,0,0,0,0,1
TXN_2200163,4.0,2.0,8.0,2023-03-13,3,13,0,1,0,0,0,0,0,0,0,0,1
TXN_2201235,1.0,1.5,1.5,2023-12-17,12,17,6,0,0,0,0,0,0,1,0,1,1
TXN_2201248,1.0,1.5,1.5,2023-07-20,7,20,3,0,0,0,0,0,0,1,0,0,1
TXN_2201857,1.0,4.0,4.0,2023-02-19,2,19,6,0,0,0,0,0,1,0,0,1,1
TXN_2202863,5.0,5.0,25.0,2023-07-28,7,28,4,0,0,0,1,0,0,0,0,0,0
TXN_2203547,3.0,3.0,9.0,2023-07-01,7,1,5,0,0,1,0,0,0,0,0,1,0
TXN_2203873,3.0,1.5,4.5,2023-01-26,1,26,3,0,0,0,0,0,0,1,0,1,1
TXN_2204457,4.0,2.0,8.0,2023-01-06,1,6,4,1,0,0,0,0,0,0,0,0,1
TXN_2205071,5.0,2.0,10.0,2023-11-23,11,23,3,1,0,0,0,0,0,0,1,0,0
TXN_2205690,5.0,1.0,5.0,2023-03-02,3,2,3,0,1,0,0,0,0,0,0,1,0
TXN_2206639,4.0,2.0,8.0,2023-06-29,6,29,3,1,0,0,0,0,0,0,0,0,1
TXN_2206740,3.0,2.0,6.0,2023-06-07,6,7,2,1,0,0,0,0,0,0,1,0,1
TXN_2206884,5.0,5.0,25.0,2023-06-22,6,22,3,0,0,0,1,0,0,0,1,0,0
TXN_2207332,1.0,2.0,2.0,2023-01-12,1,12,3,1,0,0,0,0,0,0,1,0,1
TXN_2208733,1.0,3.0,3.0,2023-06-20,6,20,1,0,0,1,0,0,0,0,0,1,1
TXN_2208949,4.0,3.0,12.0,2023-08-05,8,5,5,0,0,0,0,0,0,0,0,0,1
TXN_2210019,3.0,4.0,12.0,2023-12-05,12,5,1,0,0,0,0,1,0,0,0,0,0
TXN_2210265,2.0,3.0,6.0,2023-06-14,6,14,2,0,0,1,0,0,0,0,1,0,1
TXN_2210925,4.0,3.0,12.0,2023-07-06,7,6,3,0,0,1,0,0,0,0,0,0,0
TXN_2211685,1.0,4.0,4.0,2023-06-06,6,6,1,0,0,0,0,0,1,0,1,0,0
TXN_2212234,2.0,3.0,6.0,2023-12-22,12,22,4,0,0,1,0,0,0,0,0,0,0
TXN_2213556,1.0,2.0,2.0,2023-05-30,5,30,1,1,0,0,0,0,0,0,0,0,0
TXN_2214698,4.0,5.0,20.0,2023-10-10,10,10,1,0,0,0,1,0,0,0,1,0,1
TXN_2216532,3.0,1.5,4.5,2023-12-27,12,27,2,0,0,0,0,0,0,1,0,0,0
TXN_2217015,3.0,2.0,6.0,2023-04-17,4,17,0,1,0,0,0,0,0,0,0,1,1
TXN_2217038,5.0,1.5,7.5,2023-06-12,6,12,0,0,0,0,0,0,0,1,0,1,1
TXN_2217295,4.0,3.0,12.0,2023-11-22,11,22,2,0,0,1,0,0,0,0,1,0,0
TXN_2220389,4.0,5.0,20.0,2023-07-26,7,26,2,0,0,0,1,0,0,0,1,0,0
TXN_2221447,1.0,1.0,1.0,2023-12-06,12,6,2,0,1,0,0,0,0,0,1,0,0
TXN_2222893,4.0,2.0,8.0,2023-12-20,12,20,2,1,0,0,0,0,0,0,0,1,1
TXN_2223047,2.0,2.0,4.0,2023-06-14,6,14,2,1,0,0,0,0,0,0,0,1,1
TXN_2224251,4.0,3.0,12.0,2023-04-14,4,14,4,0,0,1,0,0,0,0,0,1,1
TXN_2224935,1.0,2.0,2.0,2023-04-15,4,15,5,1,0,0,0,0,0,0,0,1,1
TXN_2226371,1.0,3.0,3.0,2023-11-18,11,18,5,0,0,0,0,0,0,0,0,0,1
TXN_2227781,1.0,3.0,3.0,2023-01-21,1,21,5,0,0,0,0,0,0,0,0,0,1
TXN_2227825,5.0,4.0,20.0,2023-06-05,6,5,0,0,0,0,0,1,0,0,1,0,1
TXN_2229365,2.0,4.0,8.0,2023-09-07,9,7,3,0,0,0,0,1,0,0,0,0,0
TXN_2230167,4.0,3.0,12.0,2023-09-22,9,22,4,0,0,0,0,0,0,0,0,1,1
TXN_2231082,5.0,3.0,15.0,2023-05-03,5,3,2,0,0,0,0,0,0,0,0,0,0
TXN_2234460,2.0,1.5,3.0,2023-08-15,8,15,1,0,0,0,0,0,0,1,0,1,1
TXN_2237115,1.0,2.0,2.0,2023-01-13,1,13,4,1,0,0,0,0,0,0,0,1,1
TXN_2238287,3.0,5.0,15.0,2023-05-22,5,22,0,0,0,0,1,0,0,0,0,1,0
TXN_2238658,3.0,1.5,4.5,2023-08-11,8,11,4,0,0,0,0,0,0,1,0,1,1
TXN_2239041,4.0,1.5,6.0,2023-10-24,10,24,1,0,0,0,0,0,0,1,0,1,0
TXN_2241162,3.0,3.0,9.0,2023-08-09,8,9,2,0,0,1,0,0,0,0,0,0,0
TXN_2242015,2.0,1.5,3.0,2023-08-26,8,26,5,0,0,0,0,0,0,1,0,0,1
TXN_2244418,5.0,5.0,25.0,2023-10-15,10,15,6,0,0,0,1,0,0,0,0,0,1
TXN_2244902,5.0,2.0,10.0,2023-02-13,2,13,0,1,0,0,0,0,0,0,1,0,0
TXN_2245037,2.0,2.0,4.0,2023-10-18,10,18,2,1,0,0,0,0,0,0,0,1,1
TXN_2245465,2.0,5.0,10.0,2023-12-27,12,27,2,0,0,0,1,0,0,0,0,1,1
TXN_2245787,4.0,5.0,20.0,2023-10-29,10,29,6,0,0,0,1,0,0,0,0,1,1
TXN_2248497,2.0,5.0,10.0,2023-03-07,3,7,1,0,0,0,1,0,0,0,0,0,1
TXN_2250398,3.0,3.0,9.0,2023-05-31,5,31,2,0,0,1,0,0,0,0,0,1,0
TXN_2250785,1.0,3.0,3.0,2023-03-19,3,19,6,0,0,0,0,0,0,0,0,0,1
TXN_2250898,3.0,4.0,12.0,2023-12-23,12,23,5,0,0,0,0,0,1,0,1,0,1
TXN_2251009,5.0,1.0,5.0,2023-04-02,4,2,6,0,1,0,0,0,0,0,0,1,0
TXN_2251128,3.0,4.0,12.0,2023-06-07,6,7,2,0,0,0,0,0,1,0,1,0,0
TXN_2252121,3.0,4.0,12.0,2023-02-01,2,1,2,0,0,0,0,0,1,0,0,1,0
TXN_2252244,2.0,3.0,6.0,2023-03-10,3,10,4,0,0,1,0,0,0,0,1,0,0
TXN_2252586,3.0,1.5,4.5,2023-09-08,9,8,4,0,0,0,0,0,0,1,0,0,1
TXN_2253622,5.0,4.0,20.0,2023-09-30,9,30,5,0,0,0,0,1,0,0,0,1,1
TXN_2253852,2.0,1.0,2.0,2023-08-26,8,26,5,0,1,0,0,0,0,0,1,0,1
TXN_2254479,2.0,1.5,3.0,2023-08-03,8,3,3,0,0,0,0,0,0,1,0,1,1
TXN_2255634,4.0,5.0,20.0,2023-04-09,4,9,6,0,0,0,1,0,0,0,0,1,1
TXN_2256622,2.0,1.0,2.0,2023-10-04,10,4,2,0,1,0,0,0,0,0,0,0,0
TXN_2257337,4.0,1.0,4.0,2023-07-24,7,24,0,0,1,0,0,0,0,0,0,0,1
TXN_2258091,2.0,3.0,6.0,2023-10-11,10,11,2,0,0,1,0,0,0,0,1,0,0
TXN_2259102,2.0,4.0,8.0,2023-02-19,2,19,6,0,0,0,0,1,0,0,0,1,1
TXN_2260070,1.0,5.0,5.0,2023-10-06,10,6,4,0,0,0,1,0,0,0,0,0,1
TXN_2260351,3.0,2.0,6.0,2023-10-26,10,26,3,1,0,0,0,0,0,0,0,0,0
TXN_2262195,3.0,4.0,12.0,2023-10-13,10,13,4,0,0,0,0,0,1,0,0,0,0
TXN_2262398,1.0,1.5,1.5,2023-09-12,9,12,1,0,0,0,0,0,0,1,1,0,1
TXN_2264601,1.0,1.5,1.5,2023-01-21,1,21,5,0,0,0,0,0,0,1,0,0,1
TXN_2264883,2.0,3.0,6.0,2023-12-24,12,24,6,0,0,1,0,0,0,0,1,0,1
TXN_2265316,3.0,1.0,3.0,2023-12-29,12,29,4,0,1,0,0,0,0,0,1,0,0
TXN_2265329,5.0,3.0,15.0,2023-12-23,12,23,5,0,0,0,0,0,0,0,1,0,1
TXN_2265543,3.0,5.0,15.0,2023-02-19,2,19,6,0,0,0,1,0,0,0,0,0,1
TXN_2265984,5.0,1.0,5.0,2023-10-18,10,18,2,0,1,0,0,0,0,0,1,0,1
TXN_2269396,3.0,2.0,6.0,2023-10-26,10,26,3,1,0,0,0,0,0,0,0,1,0
TXN_2269497,5.0,2.0,10.0,2023-08-14,8,14,0,1,0,0,0,0,0,0,0,1,1
TXN_2271705,5.0,1.5,7.5,2023-07-20,7,20,3,0,0,0,0,0,0,1,0,1,0
TXN_2271725,5.0,4.0,20.0,2023-12-21,12,21,3,0,0,0,0,0,1,0,0,0,0
TXN_2273499,3.0,2.0,6.0,2023-01-27,1,27,4,1,0,0,0,0,0,0,0,0,1
TXN_2273573,5.0,1.0,5.0,2023-11-12,11,12,6,0,1,0,0,0,0,0,0,0,0
TXN_2274702,5.0,1.0,5.0,2023-12-11,12,11,0,0,1,0,0,0,0,0,1,0,0
TXN_2274945,4.0,4.0,16.0,2023-03-29,3,29,2,0,0,0,0,1,0,0,0,0,0
TXN_2275523,4.0,1.5,6.0,2023-09-02,9,2,5,0,0,0,0,0,0,1,0,1,1
TXN_2275799,3.0,4.0,12.0,2023-10-04,10,4,2,0,0,0,0,1,0,0,0,1,0
TXN_2275914,2.0,4.0,8.0,2023-10-24,10,24,1,0,0,0,0,1,0,0,0,1,1
TXN_2276426,5.0,3.0,15.0,2023-10-21,10,21,5,0,0,1,0,0,0,0,1,0,0
TXN_2276722,2.0,5.0,10.0,2023-12-21,12,21,3,0,0,0,1,0,0,0,0,0,1
TXN_2277013,3.0,4.0,12.0,2023-07-26,7,26,2,0,0,0,0,0,1,0,0,1,1
TXN_2277042,1.0,1.5,1.5,2023-04-08,4,8,5,0,0,0,0,0,0,1,0,0,1
TXN_2278015,2.0,1.5,3.0,2023-04-10,4,10,0,0,0,0,0,0,0,1,0,1,0
TXN_2279313,2.0,1.0,2.0,2023-08-23,8,23,2,0,1,0,0,0,0,0,0,1,0
TXN_2282283,2.0,1.0,2.0,2023-02-23,2,23,3,0,1,0,0,0,0,0,0,1,0
TXN_2282319,2.0,3.0,6.0,2023-08-14,8,14,0,0,0,1,0,0,0,0,0,0,0
TXN_2282416,4.0,1.5,6.0,2023-04-29,4,29,5,0,0,0,0,0,0,1,0,1,1
TXN_2285849,2.0,1.5,3.0,2023-09-10,9,10,6,0,0,0,0,0,0,1,1,0,1
TXN_2287941,1.0,1.0,1.0,2023-09-22,9,22,4,0,1,0,0,0,0,0,0,1,1
TXN_2289122,4.0,4.0,16.0,2023-08-20,8,20,6,0,0,0,0,0,1,0,0,0,0
TXN_2291079,1.0,2.0,2.0,2023-10-07,10,7,5,1,0,0,0,0,0,0,0,0,0
TXN_2291713,4.0,5.0,20.0,2023-08-06,8,6,6,0,0,0,1,0,0,0,0,0,0
TXN_2292088,1.0,4.0,4.0,2023-03-04,3,4,5,0,0,0,0,0,1,0,0,1,1
TXN_2294397,5.0,2.0,10.0,2023-02-25,2,25,5,1,0,0,0,0,0,0,0,1,0
TXN_2294603,1.0,1.5,1.5,2023-09-02,9,2,5,0,0,0,0,0,0,1,1,0,1
TXN_2294776,4.0,3.0,12.0,2023-04-10,4,10,0,0,0,1,0,0,0,0,1,0,1
TXN_2294778,3.0,1.0,3.0,2023-05-29,5,29,0,0,1,0,0,0,0,0,0,1,0
TXN_2299364,1.0,5.0,5.0,2023-10-26,10,26,3,0,0,0,1,0,0,0,0,0,0
TXN_2300313,4.0,2.0,8.0,2023-06-02,6,2,4,1,0,0,0,0,0,0,0,1,0
TXN_2301001,1.0,4.0,4.0,2023-01-06,1,6,4,0,0,0,0,0,1,0,0,1,1
TXN_2301505,5.0,3.0,15.0,2023-03-21,3,21,1,0,0,0,0,0,0,0,0,1,1
TXN_2302259,3.0,3.0,9.0,2023-09-20,9,20,2,0,0,1,0,0,0,0,1,0,1
TXN_2305908,4.0,2.0,8.0,2023-04-25,4,25,1,1,0,0,0,0,0,0,0,0,0
TXN_2308317,2.0,2.0,4.0,2023-11-13,11,13,0,1,0,0,0,0,0,0,0,1,1
TXN_2311186,3.0,4.0,12.0,2023-07-16,7,16,6,0,0,0,0,0,1,0,0,1,0
TXN_2311188,2.0,3.0,6.0,2023-09-07,9,7,3,0,0,0,0,0,0,0,0,1,0
TXN_2311707,5.0,1.5,7.5,2023-08-03,8,3,3,0,0,0,0,0,0,1,0,0,0
TXN_2312908,3.0,2.0,6.0,2023-02-07,2,7,1,1,0,0,0,0,0,0,0,0,0
TXN_2313646,3.0,4.0,12.0,2023-08-24,8,24,3,0,0,0,0,1,0,0,1,0,0
TXN_2316206,1.0,1.0,1.0,2023-01-23,1,23,0,0,1,0,0,0,0,0,1,0,0
TXN_2317041,3.0,1.5,4.5,2023-01-15,1,15,6,0,0,0,0,0,0,1,0,0,0
TXN_2317867,5.0,1.5,7.5,2023-01-23,1,23,0,0,0,0,0,0,0,1,0,0,0
TXN_2320493,1.0,4.0,4.0,2023-03-22,3,22,2,0,0,0,0,0,1,0,0,1,0
TXN_2322162,5.0,3.0,15.0,2023-11-12,11,12,6,0,0,1,0,0,0,0,0,1,1
TXN_2322399,4.0,5.0,20.0,2023-04-15,4,15,5,0,0,0,1,0,0,0,0,1,1
TXN_2323650,4.0,1.5,6.0,2023-10-09,10,9,0,0,0,0,0,0,0,1,0,1,1
TXN_2324227,1.0,1.0,1.0,2023-06-07,6,7,2,0,1,0,0,0,0,0,0,1,0
TXN_2325141,3.0,1.5,4.5,2023-08-26,8,26,5,0,0,0,0,0,0,1,0,1,1
TXN_2325484,1.0,5.0,5.0,2023-08-16,8,16,2,0,0,0,1,0,0,0,0,1,1
TXN_2328896,4.0,4.0,16.0,2023-10-20,10,20,4,0,0,0,0,0,1,0,0,0,0
TXN_2329938,3.0,4.0,12.0,2023-03-29,3,29,2,0,0,0,0,1,0,0,1,0,0
TXN_2330694,3.0,5.0,15.0,2023-05-31,5,31,2,0,0,0,1,0,0,0,0,0,0
TXN_2331025,2.0,1.0,2.0,2023-04-28,4,28,4,0,1,0,0,0,0,0,0,0,1
TXN_2332364,2.0,3.0,6.0,2023-08-10,8,10,3,0,0,0,0,0,0,0,1,0,0
TXN_2332609,5.0,4.0,20.0,2023-05-17,5,17,2,0,0,0,0,1,0,0,1,0,0
TXN_2333576,2.0,1.5,3.0,2023-11-22,11,22,2,0,0,0,0,0,0,1,0,1,1
TXN_2334047,1.0,1.5,1.5,2023-11-08,11,8,2,0,0,0,0,0,0,1,0,1,1
TXN_2334523,5.0,2.0,10.0,2023-08-17,8,17,3,1,0,0,0,0,0,0,0,1,1
TXN_2334962,5.0,3.0,15.0,2023-01-31,1,31,1,0,0,1,0,0,0,0,0,1,0
TXN_2335088,4.0,5.0,20.0,2023-10-27,10,27,4,0,0,0,1,0,0,0,0,0,0
TXN_2335312,2.0,3.0,6.0,2023-06-23,6,23,4,0,0,0,0,0,0,0,0,1,0
TXN_2336248,5.0,3.0,15.0,2023-10-19,10,19,3,0,0,0,0,0,0,0,0,1,1
TXN_2336708,2.0,3.0,6.0,2023-06-16,6,16,4,0,0,0,0,0,0,0,0,0,0
TXN_2336857,3.0,3.0,9.0,2023-08-02,8,2,2,0,0,0,0,0,0,0,0,0,0
TXN_2336921,3.0,3.0,9.0,2023-05-01,5,1,0,0,0,1,0,0,0,0,0,1,1
TXN_2336946,4.0,4.0,16.0,2023-05-29,5,29,0,0,0,0,0,1,0,0,0,1,0
TXN_2337113,1.0,2.0,2.0,2023-11-19,11,19,6,1,0,0,0,0,0,0,0,1,1
TXN_2337888,1.0,2.0,2.0,2023-02-10,2,10,4,1,0,0,0,0,0,0,1,0,0
TXN_2338426,2.0,2.0,4.0,2023-05-07,5,7,6,1,0,0,0,0,0,0,1,0,1
TXN_2338617,2.0,3.0,6.0,2023-01-12,1,12,3,0,0,0,0,0,0,0,0,1,0
TXN_2339781,2.0,4.0,8.0,2023-01-02,1,2,0,0,0,0,0,0,1,0,0,1,0
TXN_2340312,4.0,3.0,12.0,2023-07-30,7,30,6,0,0,0,0,0,0,0,0,0,1
TXN_2340643,5.0,5.0,25.0,2023-01-05,1,5,3,0,0,0,1,0,0,0,0,0,0
TXN_2342308,5.0,1.0,5.0,2023-05-20,5,20,5,0,1,0,0,0,0,0,0,1,0
TXN_2345326,3.0,1.0,3.0,2023-01-29,1,29,6,0,1,0,0,0,0,0,0,1,1
TXN_2345332,3.0,1.5,4.5,2023-07-05,7,5,2,0,0,0,0,0,0,1,0,1,0
TXN_2345373,3.0,1.5,4.5,2023-02-20,2,20,0,0,0,0,0,0,0,1,1,0,1
TXN_2346001,2.0,5.0,10.0,2023-08-21,8,21,0,0,0,0,1,0,0,0,0,1,1
TXN_2346296,4.0,3.0,12.0,2023-10-04,10,4,2,0,0,0,0,0,0,0,0,1,0
TXN_2346362,4.0,3.0,12.0,2023-12-30,12,30,5,0,0,1,0,0,0,0,1,0,0
TXN_2347248,1.0,5.0,5.0,2023-11-11,11,11,5,0,0,0,1,0,0,0,1,0,0
TXN_2347596,4.0,3.0,12.0,2023-12-27,12,27,2,0,0,1,0,0,0,0,1,0,0
TXN_2349072,5.0,4.0,20.0,2023-09-06,9,6,2,0,0,0,0,0,1,0,0,0,1
TXN_2350703,4.0,3.0,12.0,2023-08-20,8,20,6,0,0,1,0,0,0,0,0,0,0
TXN_2351890,4.0,1.5,6.0,2023-02-27,2,27,0,0,0,0,0,0,0,1,0,1,0
TXN_2352246,4.0,4.0,16.0,2023-06-20,6,20,1,0,0,0,0,0,1,0,1,0,1
TXN_2352308,2.0,1.0,2.0,2023-11-10,11,10,4,0,1,0,0,0,0,0,0,0,0
TXN_2353057,3.0,3.0,9.0,2023-08-04,8,4,4,0,0,0,0,0,0,0,0,0,1
TXN_2354394,4.0,1.5,6.0,2023-04-17,4,17,0,0,0,0,0,0,0,1,0,0,0
TXN_2355099,5.0,5.0,25.0,2023-03-18,3,18,5,0,0,0,1,0,0,0,0,0,1
TXN_2356583,4.0,4.0,16.0,2023-11-30,11,30,3,0,0,0,0,0,1,0,0,1,0
TXN_2357107,1.0,4.0,4.0,2023-07-05,7,5,2,0,0,0,0,1,0,0,0,1,0
TXN_2360229,1.0,4.0,4.0,2023-06-18,6,18,6,0,0,0,0,1,0,0,0,1,1
TXN_2361290,4.0,5.0,20.0,2023-07-16,7,16,6,0,0,0,1,0,0,0,0,0,0
TXN_2363378,5.0,2.0,10.0,2023-04-23,4,23,6,1,0,0,0,0,0,0,0,0,1
TXN_2364171,4.0,3.0,12.0,2023-05-18,5,18,3,0,0,1,0,0,0,0,0,0,0
TXN_2365394,2.0,3.0,6.0,2023-04-06,4,6,3,0,0,0,0,0,0,0,0,1,0
TXN_2366464,1.0,3.0,3.0,2023-06-05,6,5,0,0,0,1,0,0,0,0,0,0,1
TXN_2367947,5.0,4.0,20.0,2023-05-13,5,13,5,0,0,0,0,0,1,0,0,1,1
TXN_2368126,5.0,3.0,15.0,2023-12-06,12,6,2,0,0,0,0,0,0,0,1,0,0
TXN_2369294,2.0,4.0,8.0,2023-09-07,9,7,3,0,0,0,0,1,0,0,0,0,1
TXN_2370338,4.0,3.0,12.0,2023-10-30,10,30,0,0,0,0,0,0,0,0,1,0,1
TXN_2371464,4.0,4.0,16.0,2023-09-20,9,20,2,0,0,0,0,0,1,0,0,0,0
TXN_2371763,4.0,4.0,16.0,2023-05-17,5,17,2,0,0,0,0,1,0,0,0,0,1
TXN_2371827,5.0,1.0,5.0,2023-04-03,4,3,0,0,1,0,0,0,0,0,0,0,0
TXN_2371941,2.0,3.0,6.0,2023-01-26,1,26,3,0,0,1,0,0,0,0,0,0,0
TXN_2372348,2.0,3.0,6.0,2023-01-05,1,5,3,0,0,0,0,0,0,0,0,1,1
TXN_2374950,5.0,3.0,15.0,2023-04-28,4,28,4,0,0,0,0,0,0,0,0,1,0
TXN_2375667,1.0,5.0,5.0,2023-12-28,12,28,3,0,0,0,1,0,0,0,0,0,0
TXN_2375919,3.0,4.0,12.0,2023-11-23,11,23,3,0,0,0,0,1,0,0,0,1,0
TXN_2377667,3.0,4.0,12.0,2023-10-27,10,27,4,0,0,0,0,0,1,0,0,1,1
TXN_2377708,1.0,1.0,1.0,2023-01-03,1,3,1,0,1,0,0,0,0,0,0,1,1
TXN_2378096,3.0,1.5,4.5,2023-09-22,9,22,4,0,0,0,0,0,0,1,0,0,1
TXN_2379052,1.0,5.0,5.0,2023-02-16,2,16,3,0,0,0,1,0,0,0,1,0,1
TXN_2379467,5.0,2.0,10.0,2023-04-01,4,1,5,1,0,0,0,0,0,0,0,1,0
TXN_2380352,3.0,1.5,4.5,2023-11-03,11,3,4,0,0,0,0,0,0,1,0,1,1
TXN_2381411,5.0,2.0,10.0,2023-07-30,7,30,6,1,0,0,0,0,0,0,0,0,0
TXN_2383598,2.0,4.0,8.0,2023-09-19,9,19,1,0,0,0,0,1,0,0,0,1,0
TXN_2385697,1.0,2.0,2.0,2023-09-10,9,10,6,1,0,0,0,0,0,0,0,0,1
TXN_2386202,4.0,5.0,20.0,2023-01-22,1,22,6,0,0,0,1,0,0,0,0,0,0
TXN_2389110,2.0,4.0,8.0,2023-05-30,5,30,1,0,0,0,0,1,0,0,0,0,0
TXN_2389320,2.0,2.0,4.0,2023-07-26,7,26,2,1,0,0,0,0,0,0,0,1,1
TXN_2390146,3.0,2.0,6.0,2023-06-24,6,24,5,1,0,0,0,0,0,0,0,1,1
TXN_2391245,4.0,2.0,8.0,2023-04-13,4,13,3,1,0,0,0,0,0,0,0,1,0
TXN_2391446,3.0,4.0,12.0,2023-12-06,12,6,2,0,0,0,0,1,0,0,0,1,0
TXN_2391534,3.0,1.0,3.0,2023-05-06,5,6,5,0,1,0,0,0,0,0,1,0,1
TXN_2391659,5.0,1.5,7.5,2023-02-16,2,16,3,0,0,0,0,0,0,1,0,1,0
TXN_2392263,5.0,5.0,25.0,2023-02-08,2,8,2,0,0,0,1,0,0,0,1,0,1
TXN_2392934,2.0,2.0,4.0,2023-11-25,11,25,5,1,0,0,0,0,0,0,1,0,0
TXN_2393219,4.0,3.0,12.0,2023-12-27,12,27,2,0,0,1,0,0,0,0,0,1,0
TXN_2393287,2.0,3.0,6.0,2023-04-14,4,14,4,0,0,0,0,0,0,0,0,0,1
TXN_2393500,1.0,3.0,3.0,2023-12-15,12,15,4,0,0,1,0,0,0,0,1,0,0
TXN_2394502,4.0,1.0,4.0,2023-12-22,12,22,4,0,1,0,0,0,0,0,0,1,0
TXN_2395608,3.0,1.5,4.5,2023-03-16,3,16,3,0,0,0,0,0,0,1,0,0,0
TXN_2396191,4.0,3.0,12.0,2023-05-12,5,12,4,0,0,1,0,0,0,0,1,0,0
TXN_2396923,1.0,1.0,1.0,2023-11-02,11,2,3,0,1,0,0,0,0,0,0,1,1
TXN_2398895,5.0,3.0,15.0,2023-04-04,4,4,1,0,0,1,0,0,0,0,0,1,0
TXN_2399870,4.0,5.0,20.0,2023-04-08,4,8,5,0,0,0,1,0,0,0,0,1,1
TXN_2400518,3.0,3.0,9.0,2023-02-04,2,4,5,0,0,1,0,0,0,0,1,0,1
TXN_2401073,4.0,2.0,8.0,2023-02-10,2,10,4,1,0,0,0,0,0,0,1,0,1
TXN_2401829,5.0,4.0,20.0,2023-02-07,2,7,1,0,0,0,0,0,1,0,0,1,1
TXN_2402637,2.0,4.0,8.0,2023-06-18,6,18,6,0,0,0,0,1,0,0,0,1,1
TXN_2402928,4.0,2.0,8.0,2023-10-20,10,20,4,1,0,0,0,0,0,0,0,0,1
TXN_2402978,3.0,1.0,3.0,2023-01-21,1,21,5,0,1,0,0,0,0,0,1,0,0
TXN_2402993,5.0,1.0,5.0,2023-06-11,6,11,6,0,1,0,0,0,0,0,0,0,1
TXN_2404800,5.0,4.0,20.0,2023-01-28,1,28,5,0,0,0,0,1,0,0,0,0,0
TXN_2405666,2.0,3.0,6.0,2023-04-20,4,20,3,0,0,0,0,0,0,0,0,0,1
TXN_2406254,5.0,3.0,15.0,2023-11-12,11,12,6,0,0,1,0,0,0,0,0,1,1
TXN_2406283,4.0,3.0,12.0,2023-02-24,2,24,4,0,0,1,0,0,0,0,0,1,0
TXN_2407379,4.0,4.0,16.0,2023-03-13,3,13,0,0,0,0,0,0,1,0,0,1,0
TXN_2408143,2.0,2.0,4.0,2023-11-15,11,15,2,1,0,0,0,0,0,0,0,1,0
TXN_2408294,4.0,4.0,16.0,2023-12-26,12,26,1,0,0,0,0,1,0,0,0,1,0
TXN_2409052,1.0,4.0,4.0,2023-07-08,7,8,5,0,0,0,0,1,0,0,1,0,0
TXN_2413026,1.0,2.0,2.0,2023-04-26,4,26,2,1,0,0,0,0,0,0,1,0,1
TXN_2413548,2.0,1.5,3.0,2023-08-12,8,12,5,0,0,0,0,0,0,1,1,0,1
TXN_2413626,1.0,3.0,3.0,2023-11-06,11,6,0,0,0,0,0,0,0,0,1,0,1
TXN_2416816,5.0,4.0,20.0,2023-10-19,10,19,3,0,0,0,0,0,1,0,0,1,0
TXN_2417271,4.0,1.5,6.0,2023-02-01,2,1,2,0,0,0,0,0,0,1,1,0,1
TXN_2417402,3.0,4.0,12.0,2023-05-09,5,9,1,0,0,0,0,1,0,0,0,1,0
TXN_2417721,4.0,2.0,8.0,2023-10-20,10,20,4,1,0,0,0,0,0,0,1,0,1
TXN_2418609,2.0,4.0,8.0,2023-09-06,9,6,2,0,0,0,0,1,0,0,0,1,0
TXN_2421387,4.0,1.0,4.0,2023-04-09,4,9,6,0,1,0,0,0,0,0,0,1,1
TXN_2421873,2.0,2.0,4.0,2023-02-18,2,18,5,1,0,0,0,0,0,0,1,0,1
TXN_2422584,1.0,1.5,1.5,2023-11-28,11,28,1,0,0,0,0,0,0,1,0,0,0
TXN_2423167,3.0,3.0,9.0,2023-06-29,6,29,3,0,0,0,0,0,0,0,0,1,1
TXN_2423343,4.0,1.5,6.0,2023-09-25,9,25,0,0,0,0,0,0,0,1,0,0,0
TXN_2423762,1.0,2.0,2.0,2023-08-12,8,12,5,1,0,0,0,0,0,0,1,0,1
TXN_2424839,4.0,3.0,12.0,2023-09-28,9,28,3,0,0,1,0,0,0,0,0,1,0
TXN_2424930,5.0,1.5,7.5,2023-01-20,1,20,4,0,0,0,0,0,0,1,0,1,0
TXN_2425755,1.0,4.0,4.0,2023-09-14,9,14,3,0,0,0,0,0,1,0,1,0,1
TXN_2426782,2.0,2.0,4.0,2023-11-04,11,4,5,1,0,0,0,0,0,0,1,0,0
TXN_2427584,4.0,4.0,16.0,2023-12-22,12,22,4,0,0,0,0,1,0,0,0,1,1
TXN_2427834,4.0,1.5,6.0,2023-06-15,6,15,3,0,0,0,0,0,0,1,0,1,0
TXN_2428781,2.0,5.0,10.0,2023-05-09,5,9,1,0,0,0,1,0,0,0,0,1,0
TXN_2430215,2.0,1.0,2.0,2023-04-10,4,10,0,0,1,0,0,0,0,0,0,1,1
TXN_2432379,1.0,2.0,2.0,2023-10-24,10,24,1,1,0,0,0,0,0,0,1,0,0
TXN_2435025,1.0,3.0,3.0,2023-10-08,10,8,6,0,0,1,0,0,0,0,0,0,0
TXN_2435218,5.0,2.0,10.0,2023-05-02,5,2,1,1,0,0,0,0,0,0,0,1,0
TXN_2436779,1.0,3.0,3.0,2023-05-24,5,24,2,0,0,0,0,0,0,0,1,0,1
TXN_2437112,3.0,1.0,3.0,2023-04-06,4,6,3,0,1,0,0,0,0,0,0,1,1
TXN_2437508,2.0,5.0,10.0,2023-11-20,11,20,0,0,0,0,1,0,0,0,0,0,1
TXN_2437586,4.0,4.0,16.0,2023-08-29,8,29,1,0,0,0,0,1,0,0,0,0,1
TXN_2437725,4.0,4.0,16.0,2023-01-27,1,27,4,0,0,0,0,1,0,0,1,0,1
TXN_2437751,1.0,4.0,4.0,2023-03-18,3,18,5,0,0,0,0,1,0,0,0,1,0
TXN_2438638,2.0,3.0,6.0,2023-08-12,8,12,5,0,0,0,0,0,0,0,1,0,1
TXN_2441029,5.0,3.0,15.0,2023-05-18,5,18,3,0,0,0,0,0,0,0,0,0,0
TXN_2444134,2.0,4.0,8.0,2023-01-16,1,16,0,0,0,0,0,1,0,0,1,0,0
TXN_2444408,2.0,4.0,8.0,2023-05-11,5,11,3,0,0,0,0,1,0,0,0,1,0
TXN_2445017,5.0,1.5,7.5,2023-07-23,7,23,6,0,0,0,0,0,0,1,0,1,1
TXN_2446298,5.0,3.0,15.0,2023-05-21,5,21,6,0,0,1,0,0,0,0,0,1,0
TXN_2446874,4.0,3.0,12.0,2023-07-22,7,22,5,0,0,1,0,0,0,0,1,0,1
TXN_2447261,3.0,1.0,3.0,2023-10-15,10,15,6,0,1,0,0,0,0,0,1,0,1
TXN_2449402,5.0,4.0,20.0,2023-01-29,1,29,6,0,0,0,0,0,1,0,0,0,0
TXN_2450799,5.0,1.5,7.5,2023-11-26,11,26,6,0,0,0,0,0,0,1,0,1,0
TXN_2451247,4.0,1.5,6.0,2023-02-14,2,14,1,0,0,0,0,0,0,1,0,1,1
TXN_2452624,1.0,3.0,3.0,2023-11-10,11,10,4,0,0,1,0,0,0,0,0,0,1
TXN_2452819,3.0,1.0,3.0,2023-07-31,7,31,0,0,1,0,0,0,0,0,1,0,0
TXN_2453194,4.0,3.0,12.0,2023-11-18,11,18,5,0,0,0,0,0,0,0,0,1,1
TXN_2457189,3.0,4.0,12.0,2023-08-28,8,28,0,0,0,0,0,1,0,0,0,1,1
TXN_2457961,2.0,2.0,4.0,2023-06-08,6,8,3,1,0,0,0,0,0,0,1,0,0
TXN_2458782,1.0,5.0,5.0,2023-04-15,4,15,5,0,0,0,1,0,0,0,0,0,0
TXN_2461238,1.0,2.0,2.0,2023-01-29,1,29,6,1,0,0,0,0,0,0,0,1,1
TXN_2461859,2.0,4.0,8.0,2023-09-23,9,23,5,0,0,0,0,1,0,0,0,1,0
TXN_2462604,5.0,1.5,7.5,2023-07-13,7,13,3,0,0,0,0,0,0,1,1,0,0
TXN_2463115,5.0,4.0,20.0,2023-09-12,9,12,1,0,0,0,0,1,0,0,1,0,1
TXN_2464054,5.0,2.0,10.0,2023-08-18,8,18,4,1,0,0,0,0,0,0,0,1,1
TXN_2464236,5.0,1.0,5.0,2023-04-02,4,2,6,0,1,0,0,0,0,0,0,1,0
TXN_2464706,4.0,3.0,12.0,2023-11-09,11,9,3,0,0,0,0,0,0,0,0,1,1
TXN_2464879,2.0,3.0,6.0,2023-10-11,10,11,2,0,0,0,0,0,0,0,1,0,0
TXN_2465074,1.0,4.0,4.0,2023-09-29,9,29,4,0,0,0,0,0,1,0,0,1,0
TXN_2466036,5.0,2.0,10.0,2023-08-31,8,31,3,1,0,0,0,0,0,0,0,1,1
TXN_2466187,2.0,2.0,4.0,2023-04-18,4,18,1,1,0,0,0,0,0,0,0,1,1
TXN_2467699,1.0,1.5,1.5,2023-06-17,6,17,5,0,0,0,0,0,0,1,0,0,1
TXN_2468359,2.0,5.0,10.0,2023-07-20,7,20,3,0,0,0,1,0,0,0,0,1,0
TXN_2470530,1.0,3.0,3.0,2023-03-21,3,21,1,0,0,0,0,0,0,0,0,1,1
TXN_2470532,1.0,2.0,2.0,2023-01-21,1,21,5,1,0,0,0,0,0,0,0,1,0
TXN_2470745,2.0,4.0,8.0,2023-01-10,1,10,1,0,0,0,0,1,0,0,0,1,1
TXN_2471972,1.0,1.0,1.0,2023-04-08,4,8,5,0,1,0,0,0,0,0,0,0,1
TXN_2473090,2.0,1.5,3.0,2023-03-03,3,3,4,0,0,0,0,0,0,1,1,0,0
TXN_2474286,2.0,3.0,6.0,2023-12-09,12,9,5,0,0,1,0,0,0,0,0,1,0
TXN_2474395,4.0,4.0,16.0,2023-12-28,12,28,3,0,0,0,0,0,1,0,0,1,1
TXN_2475111,3.0,1.0,3.0,2023-03-31,3,31,4,0,1,0,0,0,0,0,0,1,1
TXN_2477550,2.0,4.0,8.0,2023-02-02,2,2,3,0,0,0,0,1,0,0,0,0,1
TXN_2477650,1.0,1.0,1.0,2023-10-24,10,24,1,0,1,0,0,0,0,0,0,0,1
TXN_2480488,2.0,3.0,6.0,2023-03-01,3,1,2,0,0,1,0,0,0,0,0,0,1
TXN_2480808,1.0,4.0,4.0,2023-03-30,3,30,3,0,0,0,0,0,1,0,1,0,1
TXN_2482129,1.0,3.0,3.0,2023-12-12,12,12,1,0,0,1,0,0,0,0,0,0,1
TXN_2482242,4.0,1.0,4.0,2023-02-07,2,7,1,0,1,0,0,0,0,0,0,1,1
TXN_2482298,2.0,5.0,10.0,2023-06-15,6,15,3,0,0,0,1,0,0,0,0,0,1
TXN_2482363,3.0,1.5,4.5,2023-08-06,8,6,6,0,0,0,0,0,0,1,0,0,1
TXN_2484241,3.0,3.0,9.0,2023-07-19,7,19,2,0,0,0,0,0,0,0,0,1,0
TXN_2485183,5.0,4.0,20.0,2023-07-07,7,7,4,0,0,0,0,0,1,0,0,0,0
TXN_2485272,4.0,1.5,6.0,2023-06-30,6,30,4,0,0,0,0,0,0,1,0,1,1
TXN_2486026,5.0,1.5,7.5,2023-03-26,3,26,6,0,0,0,0,0,0,1,0,1,0
TXN_2488232,2.0,1.5,3.0,2023-10-05,10,5,3,0,0,0,0,0,0,1,0,1,1
TXN_2488987,5.0,1.5,7.5,2023-06-12,6,12,0,0,0,0,0,0,0,1,0,0,0
TXN_2489067,2.0,3.0,6.0,2023-07-05,7,5,2,0,0,1,0,0,0,0,0,1,1
TXN_2490026,5.0,3.0,15.0,2023-10-21,10,21,5,0,0,0,0,0,0,0,0,1,1
TXN_2490185,4.0,5.0,20.0,2023-12-18,12,18,0,0,0,0,1,0,0,0,1,0,0
TXN_2490435,1.0,1.0,1.0,2023-03-13,3,13,0,0,1,0,0,0,0,0,0,1,1
TXN_2490461,4.0,5.0,20.0,2023-09-22,9,22,4,0,0,0,1,0,0,0,0,1,1
TXN_2490699,1.0,2.0,2.0,2023-10-05,10,5,3,1,0,0,0,0,0,0,0,0,1
TXN_2490759,3.0,4.0,12.0,2023-11-19,11,19,6,0,0,0,0,0,1,0,0,0,1
TXN_2491186,5.0,5.0,25.0,2023-11-28,11,28,1,0,0,0,1,0,0,0,0,1,0
TXN_2492058,5.0,4.0,20.0,2023-09-22,9,22,4,0,0,0,0,0,1,0,0,0,0
TXN_2492586,3.0,5.0,15.0,2023-05-17,5,17,2,0,0,0,1,0,0,0,0,0,0
TXN_2493262,2.0,1.0,2.0,2023-01-03,1,3,1,0,1,0,0,0,0,0,1,0,1
TXN_2493446,1.0,4.0,4.0,2023-05-19,5,19,4,0,0,0,0,1,0,0,0,0,1
TXN_2494138,3.0,1.0,3.0,2023-01-10,1,10,1,0,1,0,0,0,0,0,0,0,0
TXN_2494194,5.0,5.0,25.0,2023-02-11,2,11,5,0,0,0,1,0,0,0,0,1,0
TXN_2494494,1.0,2.0,2.0,2023-06-13,6,13,1,1,0,0,0,0,0,0,0,0,0
TXN_2495471,3.0,5.0,15.0,2023-10-22,10,22,6,0,0,0,1,0,0,0,1,0,1
TXN_2495788,2.0,1.0,2.0,2023-12-16,12,16,5,0,1,0,0,0,0,0,1,0,1
TXN_2496907,2.0,2.0,4.0,2023-11-28,11,28,1,1,0,0,0,0,0,0,1,0,0
TXN_2498488,2.0,4.0,8.0,2023-12-06,12,6,2,0,0,0,0,0,1,0,0,1,1
TXN_2500345,5.0,5.0,25.0,2023-04-16,4,16,6,0,0,0,1,0,0,0,0,1,0
TXN_2501648,2.0,3.0,6.0,2023-12-05,12,5,1,0,0,0,0,0,0,0,1,0,0
TXN_2501656,5.0,3.0,15.0,2023-07-02,7,2,6,0,0,0,0,0,0,0,0,1,1
TXN_2503128,1.0,3.0,3.0,2023-01-12,1,12,3,0,0,0,0,0,0,0,0,0,0
TXN_2503245,3.0,4.0,12.0,2023-04-15,4,15,5,0,0,0,0,1,0,0,0,1,1
TXN_2504703,5.0,4.0,20.0,2023-01-09,1,9,0,0,0,0,0,0,1,0,0,1,1
TXN_2505416,2.0,1.0,2.0,2023-05-18,5,18,3,0,1,0,0,0,0,0,0,1,0
TXN_2507188,1.0,2.0,2.0,2023-02-04,2,4,5,1,0,0,0,0,0,0,1,0,1
TXN_2508266,1.0,1.0,1.0,2023-01-28,1,28,5,0,1,0,0,0,0,0,0,1,1
TXN_2508476,5.0,4.0,20.0,2023-04-14,4,14,4,0,0,0,0,0,1,0,0,0,1
TXN_2508499,3.0,1.5,4.5,2023-02-22,2,22,2,0,0,0,0,0,0,1,1,0,0
TXN_2509803,1.0,2.0,2.0,2023-02-22,2,22,2,1,0,0,0,0,0,0,1,0,1
TXN_2510233,2.0,4.0,8.0,2023-11-04,11,4,5,0,0,0,0,0,1,0,1,0,0
TXN_2513558,4.0,3.0,12.0,2023-10-11,10,11,2,0,0,1,0,0,0,0,0,1,1
TXN_2513950,4.0,4.0,16.0,2023-04-03,4,3,0,0,0,0,0,0,1,0,0,1,0
TXN_2515796,3.0,1.5,4.5,2023-02-06,2,6,0,0,0,0,0,0,0,1,1,0,1
TXN_2515920,3.0,3.0,9.0,2023-10-02,10,2,0,0,0,1,0,0,0,0,0,0,0
TXN_2517078,2.0,4.0,8.0,2023-03-07,3,7,1,0,0,0,0,1,0,0,0,1,0
TXN_2518917,1.0,1.0,1.0,2023-05-21,5,21,6,0,1,0,0,0,0,0,0,1,0
TXN_2519044,5.0,5.0,25.0,2023-05-20,5,20,5,0,0,0,1,0,0,0,0,1,1
TXN_2520102,1.0,2.0,2.0,2023-03-08,3,8,2,1,0,0,0,0,0,0,0,1,1
TXN_2521185,2.0,4.0,8.0,2023-03-20,3,20,0,0,0,0,0,0,1,0,0,0,1
TXN_2522047,1.0,5.0,5.0,2023-12-05,12,5,1,0,0,0,1,0,0,0,0,1,1
TXN_2522182,2.0,5.0,10.0,2023-11-11,11,11,5,0,0,0,1,0,0,0,0,1,0
TXN_2522828,4.0,4.0,16.0,2023-01-15,1,15,6,0,0,0,0,0,1,0,1,0,1
TXN_2523298,4.0,1.5,6.0,2023-03-25,3,25,5,0,0,0,0,0,0,1,0,1,0
TXN_2525207,2.0,1.0,2.0,2023-11-25,11,25,5,0,1,0,0,0,0,0,0,1,0
TXN_2526267,5.0,4.0,20.0,2023-04-06,4,6,3,0,0,0,0,1,0,0,0,0,0
TXN_2526667,3.0,3.0,9.0,2023-06-10,6,10,5,0,0,1,0,0,0,0,0,1,0
TXN_2527007,1.0,4.0,4.0,2023-10-22,10,22,6,0,0,0,0,0,1,0,0,1,0
TXN_2528186,2.0,2.0,4.0,2023-06-17,6,17,5,1,0,0,0,0,0,0,0,0,1
TXN_2530326,5.0,4.0,20.0,2023-05-06,5,6,5,0,0,0,0,1,0,0,0,1,0
TXN_2530938,5.0,4.0,20.0,2023-04-27,4,27,3,0,0,0,0,0,1,0,0,1,1
TXN_2531878,3.0,5.0,15.0,2023-01-06,1,6,4,0,0,0,1,0,0,0,0,1,0
TXN_2532519,2.0,3.0,6.0,2023-04-10,4,10,0,0,0,0,0,0,0,0,0,1,1
TXN_2534066,2.0,5.0,10.0,2023-10-13,10,13,4,0,0,0,1,0,0,0,0,0,0
TXN_2534831,5.0,1.5,7.5,2023-08-19,8,19,5,0,0,0,0,0,0,1,0,0,1
TXN_2535099,5.0,4.0,20.0,2023-02-10,2,10,4,0,0,0,0,1,0,0,1,0,0
TXN_2535662,1.0,3.0,3.0,2023-05-01,5,1,0,0,0,1,0,0,0,0,0,0,0
TXN_2536021,5.0,1.0,5.0,2023-10-02,10,2,0,0,1,0,0,0,0,0,0,1,1
TXN_2536573,2.0,4.0,8.0,2023-06-24,6,24,5,0,0,0,0,1,0,0,0,0,0
TXN_2536821,5.0,5.0,25.0,2023-12-01,12,1,4,0,0,0,1,0,0,0,0,1,1
TXN_2537138,3.0,3.0,9.0,2023-10-24,10,24,1,0,0,0,0,0,0,0,0,1,0
TXN_2537617,1.0,4.0,4.0,2023-05-27,5,27,5,0,0,0,0,1,0,0,0,0,1
TXN_2538739,2.0,5.0,10.0,2023-07-29,7,29,5,0,0,0,1,0,0,0,0,1,0
TXN_2539318,4.0,4.0,16.0,2023-01-15,1,15,6,0,0,0,0,1,0,0,0,1,0
TXN_2539469,2.0,3.0,6.0,2023-09-24,9,24,6,0,0,0,0,0,0,0,1,0,1
TXN_2540440,2.0,1.5,3.0,2023-12-30,12,30,5,0,0,0,0,0,0,1,0,1,1
TXN_2541441,1.0,3.0,3.0,2023-09-21,9,21,3,0,0,0,0,0,0,0,0,0,1
TXN_2543138,1.0,4.0,4.0,2023-05-20,5,20,5,0,0,0,0,1,0,0,1,0,0
TXN_2544072,1.0,1.0,1.0,2023-08-17,8,17,3,0,1,0,0,0,0,0,0,1,0
TXN_2544176,3.0,1.5,4.5,2023-12-19,12,19,1,0,0,0,0,0,0,1,0,1,1
TXN_2544724,5.0,3.0,15.0,2023-12-28,12,28,3,0,0,0,0,0,0,0,0,1,1
TXN_2546684,4.0,3.0,12.0,2023-04-08,4,8,5,0,0,1,0,0,0,0,0,1,1
TXN_2547084,1.0,4.0,4.0,2023-12-16,12,16,5,0,0,0,0,1,0,0,0,0,1
TXN_2547156,3.0,1.0,3.0,2023-08-18,8,18,4,0,1,0,0,0,0,0,0,1,1
TXN_2548248,4.0,3.0,12.0,2023-06-28,6,28,2,0,0,0,0,0,0,0,0,1,1
TXN_2548360,5.0,5.0,25.0,2023-11-07,11,7,1,0,0,0,1,0,0,0,0,0,1
TXN_2550923,2.0,3.0,6.0,2023-08-26,8,26,5,0,0,0,0,0,0,0,0,0,1
TXN_2551074,1.0,1.0,1.0,2023-09-17,9,17,6,0,1,0,0,0,0,0,0,0,0
TXN_2551378,2.0,1.5,3.0,2023-10-27,10,27,4,0,0,0,0,0,0,1,0,0,1
TXN_2552405,5.0,3.0,15.0,2023-06-22,6,22,3,0,0,1,0,0,0,0,1,0,0
TXN_2553269,5.0,1.0,5.0,2023-04-09,4,9,6,0,1,0,0,0,0,0,0,1,0
TXN_2553803,1.0,3.0,3.0,2023-12-29,12,29,4,0,0,1,0,0,0,0,0,0,0
TXN_2555823,4.0,3.0,12.0,2023-06-21,6,21,2,0,0,0,0,0,0,0,0,1,0
TXN_2556368,1.0,4.0,4.0,2023-10-26,10,26,3,0,0,0,0,0,1,0,0,1,0
TXN_2556999,1.0,1.5,1.5,2023-08-14,8,14,0,0,0,0,0,0,0,1,1,0,1
TXN_2559020,1.0,3.0,3.0,2023-07-20,7,20,3,0,0,0,0,0,0,0,0,1,1
TXN_2559288,4.0,5.0,20.0,2023-12-27,12,27,2,0,0,0,1,0,0,0,1,0,0
TXN_2560137,1.0,3.0,3.0,2023-10-13,10,13,4,0,0,0,0,0,0,0,0,0,1
TXN_2561071,5.0,3.0,15.0,2023-01-30,1,30,0,0,0,1,0,0,0,0,0,1,0
TXN_2561471,1.0,4.0,4.0,2023-07-12,7,12,2,0,0,0,0,1,0,0,0,1,0
TXN_2561970,3.0,4.0,12.0,2023-03-16,3,16,3,0,0,0,0,1,0,0,0,1,0
TXN_2562041,5.0,3.0,15.0,2023-12-24,12,24,6,0,0,0,0,0,0,0,0,0,1
TXN_2563505,1.0,4.0,4.0,2023-10-27,10,27,4,0,0,0,0,1,0,0,0,0,1
TXN_2563679,3.0,5.0,15.0,2023-04-09,4,9,6,0,0,0,1,0,0,0,0,1,1
TXN_2564219,1.0,5.0,5.0,2023-07-18,7,18,1,0,0,0,1,0,0,0,0,1,1
TXN_2564718,5.0,5.0,25.0,2023-10-10,10,10,1,0,0,0,1,0,0,0,0,1,1
TXN_2565449,3.0,4.0,12.0,2023-10-04,10,4,2,0,0,0,0,0,1,0,1,0,0
TXN_2566211,2.0,1.5,3.0,2023-09-26,9,26,1,0,0,0,0,0,0,1,0,0,0
TXN_2566258,4.0,1.0,4.0,2023-06-08,6,8,3,0,1,0,0,0,0,0,0,0,1
TXN_2566299,2.0,3.0,6.0,2023-08-20,8,20,6,0,0,1,0,0,0,0,0,0,1
TXN_2567222,3.0,2.0,6.0,2023-09-09,9,9,5,1,0,0,0,0,0,0,0,1,1
TXN_2568101,5.0,5.0,25.0,2023-08-03,8,3,3,0,0,0,1,0,0,0,0,0,1
TXN_2569119,1.0,3.0,3.0,2023-08-04,8,4,4,0,0,1,0,0,0,0,1,0,1
TXN_2570829,1.0,3.0,3.0,2023-03-31,3,31,4,0,0,1,0,0,0,0,0,0,1
TXN_2571835,3.0,5.0,15.0,2023-03-03,3,3,4,0,0,0,1,0,0,0,0,1,0
TXN_2575160,5.0,1.5,7.5,2023-01-02,1,2,0,0,0,0,0,0,0,1,0,1,1
TXN_2575331,5.0,1.0,5.0,2023-03-20,3,20,0,0,1,0,0,0,0,0,0,0,0
TXN_2576799,1.0,3.0,3.0,2023-03-12,3,12,6,0,0,1,0,0,0,0,0,0,0
TXN_2576936,3.0,3.0,9.0,2023-10-14,10,14,5,0,0,0,0,0,0,0,0,0,0
TXN_2578309,3.0,4.0,12.0,2023-05-05,5,5,4,0,0,0,0,0,1,0,0,0,1
TXN_2579157,1.0,4.0,4.0,2023-09-27,9,27,2,0,0,0,0,1,0,0,0,1,0
TXN_2579242,5.0,3.0,15.0,2023-09-11,9,11,0,0,0,1,0,0,0,0,0,1,0
TXN_2580487,1.0,3.0,3.0,2023-01-13,1,13,4,0,0,0,0,0,0,0,0,1,1
TXN_2581559,1.0,4.0,4.0,2023-03-25,3,25,5,0,0,0,0,1,0,0,1,0,1
TXN_2585392,4.0,5.0,20.0,2023-07-12,7,12,2,0,0,0,1,0,0,0,0,1,1
TXN_2586183,2.0,1.0,2.0,2023-09-04,9,4,0,0,1,0,0,0,0,0,0,0,1
TXN_2586215,2.0,3.0,6.0,2023-03-23,3,23,3,0,0,1,0,0,0,0,0,1,0
TXN_2586830,1.0,3.0,3.0,2023-02-12,2,12,6,0,0,1,0,0,0,0,0,1,0
TXN_2588566,3.0,5.0,15.0,2023-01-10,1,10,1,0,0,0,1,0,0,0,0,1,1
TXN_2593909,2.0,3.0,6.0,2023-02-25,2,25,5,0,0,1,0,0,0,0,0,0,0
TXN_2594056,4.0,5.0,20.0,2023-03-11,3,11,5,0,0,0,1,0,0,0,0,0,1
TXN_2594430,1.0,2.0,2.0,2023-05-18,5,18,3,1,0,0,0,0,0,0,0,0,1
TXN_2598728,2.0,3.0,6.0,2023-01-13,1,13,4,0,0,0,0,0,0,0,1,0,0
TXN_2599005,2.0,3.0,6.0,2023-06-10,6,10,5,0,0,0,0,0,0,0,0,0,0
TXN_2601689,4.0,5.0,20.0,2023-01-14,1,14,5,0,0,0,1,0,0,0,0,1,1
TXN_2601923,4.0,3.0,12.0,2023-07-24,7,24,0,0,0,0,0,0,0,0,0,0,1
TXN_2602732,4.0,5.0,20.0,2023-06-09,6,9,4,0,0,0,1,0,0,0,0,1,0
TXN_2602893,5.0,4.0,20.0,2023-03-31,3,31,4,0,0,0,0,0,1,0,1,0,1
TXN_2603561,3.0,2.0,6.0,2023-04-25,4,25,1,1,0,0,0,0,0,0,0,1,0
TXN_2605566,2.0,3.0,6.0,2023-12-01,12,1,4,0,0,0,0,0,0,0,0,1,1
TXN_2606750,3.0,1.5,4.5,2023-06-20,6,20,1,0,0,0,0,0,0,1,0,0,1
TXN_2609762,5.0,2.0,10.0,2023-07-26,7,26,2,1,0,0,0,0,0,0,0,1,1
TXN_2610195,2.0,3.0,6.0,2023-10-25,10,25,2,0,0,0,0,0,0,0,0,1,1
TXN_2611393,3.0,4.0,12.0,2023-04-25,4,25,1,0,0,0,0,0,1,0,0,1,0
TXN_2611683,3.0,3.0,9.0,2023-04-11,4,11,1,0,0,0,0,0,0,0,0,1,0
TXN_2611960,3.0,4.0,12.0,2023-09-11,9,11,0,0,0,0,0,1,0,0,1,0,1
TXN_2611990,3.0,1.0,3.0,2023-10-25,10,25,2,0,1,0,0,0,0,0,0,1,1
TXN_2613440,3.0,3.0,9.0,2023-04-15,4,15,5,0,0,1,0,0,0,0,1,0,0
TXN_2614271,2.0,4.0,8.0,2023-08-03,8,3,3,0,0,0,0,1,0,0,0,1,0
TXN_2614545,1.0,1.5,1.5,2023-08-10,8,10,3,0,0,0,0,0,0,1,0,1,0
TXN_2614633,4.0,2.0,8.0,2023-04-23,4,23,6,1,0,0,0,0,0,0,0,1,0
TXN_2616353,3.0,4.0,12.0,2023-06-24,6,24,5,0,0,0,0,0,1,0,0,0,1
TXN_2616390,2.0,4.0,8.0,2023-09-18,9,18,0,0,0,0,0,1,0,0,0,1,0
TXN_2617257,1.0,1.0,1.0,2023-08-20,8,20,6,0,1,0,0,0,0,0,0,0,1
TXN_2617632,4.0,4.0,16.0,2023-10-17,10,17,1,0,0,0,0,0,1,0,0,1,0
TXN_2621008,2.0,1.0,2.0,2023-10-21,10,21,5,0,1,0,0,0,0,0,0,1,1
TXN_2621580,2.0,1.5,3.0,2023-03-22,3,22,2,0,0,0,0,0,0,1,0,0,0
TXN_2622670,5.0,3.0,15.0,2023-01-28,1,28,5,0,0,0,0,0,0,0,0,1,0
TXN_2623927,2.0,4.0,8.0,2023-01-27,1,27,4,0,0,0,0,1,0,0,0,1,1
TXN_2624121,5.0,1.5,7.5,2023-01-28,1,28,5,0,0,0,0,0,0,1,0,1,0
TXN_2625324,1.0,2.0,2.0,2023-09-02,9,2,5,1,0,0,0,0,0,0,0,1,0
TXN_2625388,5.0,2.0,10.0,2023-02-09,2,9,3,1,0,0,0,0,0,0,0,1,0
TXN_2625464,3.0,4.0,12.0,2023-10-06,10,6,4,0,0,0,0,0,1,0,1,0,0
TXN_2627056,4.0,4.0,16.0,2023-04-22,4,22,5,0,0,0,0,1,0,0,0,1,0
TXN_2628024,1.0,4.0,4.0,2023-05-02,5,2,1,0,0,0,0,0,1,0,0,1,0
TXN_2628157,4.0,2.0,8.0,2023-10-26,10,26,3,1,0,0,0,0,0,0,0,1,0
TXN_2628941,1.0,4.0,4.0,2023-12-27,12,27,2,0,0,0,0,0,1,0,0,1,0
TXN_2629420,2.0,4.0,8.0,2023-01-16,1,16,0,0,0,0,0,0,1,0,0,1,1
TXN_2630698,2.0,4.0,8.0,2023-08-22,8,22,1,0,0,0,0,1,0,0,0,1,1
TXN_2631423,3.0,1.0,3.0,2023-01-07,1,7,5,0,1,0,0,0,0,0,0,0,1
TXN_2632916,3.0,3.0,9.0,2023-06-17,6,17,5,0,0,1,0,0,0,0,1,0,1
TXN_2633322,4.0,5.0,20.0,2023-01-15,1,15,6,0,0,0,1,0,0,0,0,1,1
TXN_2633600,5.0,5.0,25.0,2023-11-28,11,28,1,0,0,0,1,0,0,0,0,0,1
TXN_2633602,2.0,3.0,6.0,2023-02-02,2,2,3,0,0,0,0,0,0,0,0,1,0
TXN_2634410,3.0,4.0,12.0,2023-07-15,7,15,5,0,0,0,0,0,1,0,0,1,0
TXN_2634805,4.0,1.0,4.0,2023-06-25,6,25,6,0,1,0,0,0,0,0,0,1,1
TXN_2635532,4.0,4.0,16.0,2023-01-14,1,14,5,0,0,0,0,1,0,0,0,0,1
TXN_2638434,5.0,3.0,15.0,2023-09-18,9,18,0,0,0,1,0,0,0,0,1,0,0
TXN_2638644,1.0,1.5,1.5,2023-03-08,3,8,2,0,0,0,0,0,0,1,0,1,1
TXN_2638760,5.0,3.0,15.0,2023-02-09,2,9,3,0,0,0,0,0,0,0,0,0,0
TXN_2638810,2.0,1.5,3.0,2023-11-16,11,16,3,0,0,0,0,0,0,1,1,0,1
TXN_2639283,5.0,3.0,15.0,2023-08-13,8,13,6,0,0,1,0,0,0,0,0,1,1
TXN_2640701,3.0,5.0,15.0,2023-05-07,5,7,6,0,0,0,1,0,0,0,0,1,1
TXN_2640727,3.0,3.0,9.0,2023-03-05,3,5,6,0,0,0,0,0,0,0,0,1,1
TXN_2640771,2.0,1.0,2.0,2023-01-27,1,27,4,0,1,0,0,0,0,0,0,1,1
TXN_2641386,3.0,4.0,12.0,2023-03-25,3,25,5,0,0,0,0,1,0,0,0,1,1
TXN_2642834,2.0,5.0,10.0,2023-11-13,11,13,0,0,0,0,1,0,0,0,0,0,0
TXN_2643389,2.0,4.0,8.0,2023-08-24,8,24,3,0,0,0,0,1,0,0,1,0,0
TXN_2643748,3.0,5.0,15.0,2023-11-28,11,28,1,0,0,0,1,0,0,0,0,0,0
TXN_2643815,3.0,1.0,3.0,2023-12-06,12,6,2,0,1,0,0,0,0,0,0,1,0
TXN_2644403,4.0,1.5,6.0,2023-12-22,12,22,4,0,0,0,0,0,0,1,0,1,1
TXN_2644561,4.0,4.0,16.0,2023-09-13,9,13,2,0,0,0,0,1,0,0,0,1,1
TXN_2644962,2.0,4.0,8.0,2023-04-09,4,9,6,0,0,0,0,0,1,0,0,1,1
TXN_2647425,4.0,3.0,12.0,2023-07-30,7,30,6,0,0,1,0,0,0,0,1,0,0
TXN_2648236,2.0,4.0,8.0,2023-09-10,9,10,6,0,0,0,0,0,1,0,1,0,0
TXN_2649010,4.0,1.5,6.0,2023-08-01,8,1,1,0,0,0,0,0,0,1,0,0,1
TXN_2651216,3.0,4.0,12.0,2023-04-04,4,4,1,0,0,0,0,0,1,0,0,1,0
TXN_2651789,1.0,1.0,1.0,2023-02-10,2,10,4,0,1,0,0,0,0,0,0,1,1
TXN_2652800,4.0,3.0,12.0,2023-11-30,11,30,3,0,0,0,0,0,0,0,0,0,0
TXN_2653224,3.0,3.0,9.0,2023-03-27,3,27,0,0,0,1,0,0,0,0,0,1,0
TXN_2655815,4.0,4.0,16.0,2023-06-08,6,8,3,0,0,0,0,0,1,0,0,1,1
TXN_2656162,1.0,2.0,2.0,2023-04-11,4,11,1,1,0,0,0,0,0,0,0,1,0
TXN_2659832,3.0,4.0,12.0,2023-12-05,12,5,1,0,0,0,0,1,0,0,1,0,1
TXN_2660295,3.0,1.0,3.0,2023-12-06,12,6,2,0,1,0,0,0,0,0,0,1,0
TXN_2660576,1.0,4.0,4.0,2023-05-15,5,15,0,0,0,0,0,1,0,0,0,1,1
TXN_2661443,2.0,3.0,6.0,2023-06-30,6,30,4,0,0,1,0,0,0,0,1,0,1
TXN_2662711,1.0,3.0,3.0,2023-11-02,11,2,3,0,0,1,0,0,0,0,0,1,1
TXN_2662720,5.0,3.0,15.0,2023-09-18,9,18,0,0,0,1,0,0,0,0,0,1,1
TXN_2666340,2.0,3.0,6.0,2023-09-29,9,29,4,0,0,0,0,0,0,0,0,0,1
TXN_2666773,3.0,3.0,9.0,2023-06-29,6,29,3,0,0,1,0,0,0,0,1,0,1
TXN_2667131,2.0,4.0,8.0,2023-10-10,10,10,1,0,0,0,0,1,0,0,1,0,1
TXN_2667225,2.0,5.0,10.0,2023-11-21,11,21,1,0,0,0,1,0,0,0,0,0,0
TXN_2668108,5.0,1.0,5.0,2023-09-23,9,23,5,0,1,0,0,0,0,0,0,0,1
TXN_2668838,4.0,3.0,12.0,2023-05-11,5,11,3,0,0,0,0,0,0,0,0,1,1
TXN_2670487,3.0,2.0,6.0,2023-10-20,10,20,4,1,0,0,0,0,0,0,0,1,0
TXN_2670824,2.0,3.0,6.0,2023-03-03,3,3,4,0,0,1,0,0,0,0,0,1,1
TXN_2671272,1.0,4.0,4.0,2023-02-13,2,13,0,0,0,0,0,0,1,0,0,1,1
TXN_2672126,3.0,1.0,3.0,2023-07-07,7,7,4,0,1,0,0,0,0,0,0,0,1
TXN_2672972,1.0,4.0,4.0,2023-06-15,6,15,3,0,0,0,0,1,0,0,0,1,1
TXN_2673104,1.0,1.5,1.5,2023-06-23,6,23,4,0,0,0,0,0,0,1,0,1,0
TXN_2673294,3.0,2.0,6.0,2023-11-11,11,11,5,1,0,0,0,0,0,0,0,0,1
TXN_2674372,4.0,1.0,4.0,2023-11-14,11,14,1,0,1,0,0,0,0,0,1,0,1
TXN_2675174,2.0,5.0,10.0,2023-12-04,12,4,0,0,0,0,1,0,0,0,0,1,1
TXN_2678484,1.0,2.0,2.0,2023-03-27,3,27,0,1,0,0,0,0,0,0,0,1,1
TXN_2680626,3.0,3.0,9.0,2023-01-08,1,8,6,0,0,0,0,0,0,0,0,0,0
TXN_2681833,3.0,1.0,3.0,2023-10-05,10,5,3,0,1,0,0,0,0,0,0,1,0
TXN_2682803,5.0,3.0,15.0,2023-04-09,4,9,6,0,0,0,0,0,0,0,1,0,1
TXN_2684400,3.0,2.0,6.0,2023-03-30,3,30,3,1,0,0,0,0,0,0,0,1,0
TXN_2687149,5.0,2.0,10.0,2023-03-24,3,24,4,1,0,0,0,0,0,0,0,1,1
TXN_2687593,5.0,3.0,15.0,2023-06-27,6,27,1,0,0,0,0,0,0,0,1,0,1
TXN_2687748,3.0,3.0,9.0,2023-02-26,2,26,6,0,0,1,0,0,0,0,0,1,1
TXN_2690222,4.0,3.0,12.0,2023-01-01,1,1,6,0,0,0,0,0,0,0,0,1,1
TXN_2690314,5.0,1.5,7.5,2023-08-10,8,10,3,0,0,0,0,0,0,1,0,0,0
TXN_2690515,2.0,4.0,8.0,2023-09-06,9,6,2,0,0,0,0,1,0,0,0,0,1
TXN_2693108,3.0,1.0,3.0,2023-11-18,11,18,5,0,1,0,0,0,0,0,0,0,0
TXN_2693278,3.0,1.5,4.5,2023-11-26,11,26,6,0,0,0,0,0,0,1,0,1,1
TXN_2693431,2.0,5.0,10.0,2023-05-20,5,20,5,0,0,0,1,0,0,0,0,1,1
TXN_2693584,3.0,1.0,3.0,2023-10-28,10,28,5,0,1,0,0,0,0,0,0,1,1
TXN_2694605,2.0,1.0,2.0,2023-11-09,11,9,3,0,1,0,0,0,0,0,1,0,1
TXN_2694724,2.0,4.0,8.0,2023-06-26,6,26,0,0,0,0,0,1,0,0,0,1,1
TXN_2695546,1.0,1.5,1.5,2023-08-26,8,26,5,0,0,0,0,0,0,1,1,0,1
TXN_2696377,4.0,3.0,12.0,2023-04-11,4,11,1,0,0,1,0,0,0,0,0,1,0
TXN_2696664,5.0,1.0,5.0,2023-01-07,1,7,5,0,1,0,0,0,0,0,0,1,0
TXN_2698591,5.0,1.5,7.5,2023-08-05,8,5,5,0,0,0,0,0,0,1,1,0,0
TXN_2699583,5.0,4.0,20.0,2023-07-26,7,26,2,0,0,0,0,1,0,0,0,1,0
TXN_2699745,4.0,2.0,8.0,2023-12-30,12,30,5,1,0,0,0,0,0,0,0,1,0
TXN_2701016,5.0,3.0,15.0,2023-03-06,3,6,0,0,0,0,0,0,0,0,0,1,1
TXN_2702861,4.0,1.0,4.0,2023-06-02,6,2,4,0,1,0,0,0,0,0,0,1,1
TXN_2703095,1.0,5.0,5.0,2023-10-05,10,5,3,0,0,0,1,0,0,0,0,1,0
TXN_2704452,2.0,5.0,10.0,2023-09-05,9,5,1,0,0,0,1,0,0,0,1,0,1
TXN_2705302,2.0,5.0,10.0,2023-01-18,1,18,2,0,0,0,1,0,0,0,1,0,1
TXN_2706461,3.0,5.0,15.0,2023-12-13,12,13,2,0,0,0,1,0,0,0,1,0,0
TXN_2708387,4.0,1.5,6.0,2023-11-12,11,12,6,0,0,0,0,0,0,1,1,0,1
TXN_2710603,5.0,4.0,20.0,2023-02-02,2,2,3,0,0,0,0,0,1,0,0,1,1
TXN_2710779,5.0,4.0,20.0,2023-09-30,9,30,5,0,0,0,0,1,0,0,0,1,0
TXN_2711627,5.0,4.0,20.0,2023-11-09,11,9,3,0,0,0,0,0,1,0,0,0,0
TXN_2713279,4.0,1.0,4.0,2023-02-12,2,12,6,0,1,0,0,0,0,0,0,1,0
TXN_2714524,4.0,4.0,16.0,2023-01-02,1,2,0,0,0,0,0,1,0,0,0,0,1
TXN_2715086,2.0,3.0,6.0,2023-11-03,11,3,4,0,0,1,0,0,0,0,0,0,1
TXN_2716377,4.0,3.0,12.0,2023-01-03,1,3,1,0,0,1,0,0,0,0,0,0,1
TXN_2716560,4.0,4.0,16.0,2023-08-29,8,29,1,0,0,0,0,1,0,0,1,0,1
TXN_2716940,1.0,2.0,2.0,2023-11-27,11,27,0,1,0,0,0,0,0,0,0,1,1
TXN_2719734,5.0,3.0,15.0,2023-05-22,5,22,0,0,0,0,0,0,0,0,0,1,0
TXN_2721997,3.0,3.0,9.0,2023-05-20,5,20,5,0,0,0,0,0,0,0,0,1,1
TXN_2723755,3.0,3.0,9.0,2023-06-30,6,30,4,0,0,1,0,0,0,0,0,0,0
TXN_2725602,5.0,3.0,15.0,2023-09-10,9,10,6,0,0,1,0,0,0,0,1,0,1
TXN_2726078,3.0,2.0,6.0,2023-11-27,11,27,0,1,0,0,0,0,0,0,0,1,1
TXN_2726254,3.0,4.0,12.0,2023-06-08,6,8,3,0,0,0,0,0,1,0,0,1,1
TXN_2726676,3.0,2.0,6.0,2023-08-10,8,10,3,1,0,0,0,0,0,0,0,1,0
TXN_2726700,2.0,1.5,3.0,2023-04-10,4,10,0,0,0,0,0,0,0,1,0,1,1
TXN_2726749,4.0,3.0,12.0,2023-05-19,5,19,4,0,0,1,0,0,0,0,0,1,1
TXN_2726843,1.0,4.0,4.0,2023-05-31,5,31,2,0,0,0,0,1,0,0,0,0,0
TXN_2726848,5.0,3.0,15.0,2023-09-11,9,11,0,0,0,0,0,0,0,0,1,0,0
TXN_2727347,5.0,3.0,15.0,2023-01-20,1,20,4,0,0,0,0,0,0,0,0,0,1
TXN_2728444,1.0,5.0,5.0,2023-01-23,1,23,0,0,0,0,1,0,0,0,0,1,1
TXN_2729959,4.0,4.0,16.0,2023-02-01,2,1,2,0,0,0,0,0,1,0,0,1,0
TXN_2730798,4.0,1.5,6.0,2023-12-01,12,1,4,0,0,0,0,0,0,1,1,0,0
TXN_2731270,1.0,3.0,3.0,2023-05-31,5,31,2,0,0,0,0,0,0,0,0,0,1
TXN_2732570,3.0,1.0,3.0,2023-06-23,6,23,4,0,1,0,0,0,0,0,0,1,0
TXN_2733833,4.0,3.0,12.0,2023-09-09,9,9,5,0,0,0,0,0,0,0,0,1,0
TXN_2734718,2.0,1.5,3.0,2023-08-16,8,16,2,0,0,0,0,0,0,1,0,1,0
TXN_2735598,5.0,1.5,7.5,2023-06-30,6,30,4,0,0,0,0,0,0,1,1,0,1
TXN_2736267,5.0,5.0,25.0,2023-03-17,3,17,4,0,0,0,1,0,0,0,0,1,0
TXN_2737300,1.0,3.0,3.0,2023-12-25,12,25,0,0,0,0,0,0,0,0,0,1,0
TXN_2738904,4.0,4.0,16.0,2023-11-23,11,23,3,0,0,0,0,0,1,0,0,1,0
TXN_2739140,4.0,4.0,16.0,2023-07-05,7,5,2,0,0,0,0,0,1,0,1,0,0
TXN_2741424,4.0,1.5,6.0,2023-05-03,5,3,2,0,0,0,0,0,0,1,1,0,0
TXN_2741928,1.0,3.0,3.0,2023-10-06,10,6,4,0,0,0,0,0,0,0,0,1,0
TXN_2743397,2.0,3.0,6.0,2023-10-03,10,3,1,0,0,0,0,0,0,0,0,1,0
TXN_2743696,1.0,1.0,1.0,2023-04-28,4,28,4,0,1,0,0,0,0,0,0,1,0
TXN_2747156,1.0,1.0,1.0,2023-01-29,1,29,6,0,1,0,0,0,0,0,0,1,0
TXN_2749266,3.0,4.0,12.0,2023-02-06,2,6,0,0,0,0,0,1,0,0,0,1,1
TXN_2749289,2.0,4.0,8.0,2023-05-05,5,5,4,0,0,0,0,0,1,0,0,1,1
TXN_2749862,4.0,5.0,20.0,2023-07-19,7,19,2,0,0,0,1,0,0,0,0,1,0
TXN_2755642,3.0,3.0,9.0,2023-03-24,3,24,4,0,0,0,0,0,0,0,0,1,0
TXN_2756336,3.0,4.0,12.0,2023-07-07,7,7,4,0,0,0,0,0,1,0,1,0,1
TXN_2760327,1.0,5.0,5.0,2023-02-16,2,16,3,0,0,0,1,0,0,0,1,0,1
TXN_2761003,2.0,4.0,8.0,2023-11-08,11,8,2,0,0,0,0,0,1,0,0,1,0
TXN_2761204,3.0,3.0,9.0,2023-07-14,7,14,4,0,0,0,0,0,0,0,0,0,0
TXN_2761542,4.0,1.0,4.0,2023-10-15,10,15,6,0,1,0,0,0,0,0,0,1,1
TXN_2761949,3.0,5.0,15.0,2023-10-01,10,1,6,0,0,0,1,0,0,0,1,0,0
TXN_2764544,4.0,3.0,12.0,2023-04-02,4,2,6,0,0,1,0,0,0,0,0,0,0
TXN_2764625,1.0,1.5,1.5,2023-12-03,12,3,6,0,0,0,0,0,0,1,0,0,0
TXN_2764819,1.0,3.0,3.0,2023-02-23,2,23,3,0,0,1,0,0,0,0,1,0,1
TXN_2764962,2.0,1.5,3.0,2023-08-13,8,13,6,0,0,0,0,0,0,1,1,0,1
TXN_2766651,3.0,3.0,9.0,2023-05-11,5,11,3,0,0,0,0,0,0,0,0,1,1
TXN_2767034,4.0,5.0,20.0,2023-08-12,8,12,5,0,0,0,1,0,0,0,0,0,0
TXN_2769769,5.0,5.0,25.0,2023-04-01,4,1,5,0,0,0,1,0,0,0,1,0,0
TXN_2770536,2.0,4.0,8.0,2023-11-03,11,3,4,0,0,0,0,0,1,0,0,1,0
TXN_2771364,1.0,2.0,2.0,2023-01-23,1,23,0,1,0,0,0,0,0,0,0,1,0
TXN_2771482,4.0,5.0,20.0,2023-02-03,2,3,4,0,0,0,1,0,0,0,1,0,0
TXN_2771512,4.0,3.0,12.0,2023-12-23,12,23,5,0,0,1,0,0,0,0,0,1,1
TXN_2772639,4.0,1.5,6.0,2023-08-30,8,30,2,0,0,0,0,0,0,1,1,0,0
TXN_2773085,1.0,2.0,2.0,2023-10-16,10,16,0,1,0,0,0,0,0,0,0,1,1
TXN_2773491,5.0,5.0,25.0,2023-11-14,11,14,1,0,0,0,1,0,0,0,0,0,1
TXN_2773987,5.0,4.0,20.0,2023-01-11,1,11,2,0,0,0,0,0,1,0,0,1,0
TXN_2780349,5.0,2.0,10.0,2023-11-12,11,12,6,1,0,0,0,0,0,0,0,0,0
TXN_2784588,2.0,3.0,6.0,2023-03-26,3,26,6,0,0,1,0,0,0,0,0,0,1
TXN_2785262,3.0,5.0,15.0,2023-08-30,8,30,2,0,0,0,1,0,0,0,0,0,1
TXN_2785654,1.0,1.5,1.5,2023-02-21,2,21,1,0,0,0,0,0,0,1,1,0,1
TXN_2786231,1.0,3.0,3.0,2023-08-17,8,17,3,0,0,1,0,0,0,0,0,0,1
TXN_2788676,2.0,1.0,2.0,2023-11-05,11,5,6,0,1,0,0,0,0,0,0,1,0
TXN_2788797,2.0,1.5,3.0,2023-03-23,3,23,3,0,0,0,0,0,0,1,0,1,0
TXN_2790608,1.0,3.0,3.0,2023-12-18,12,18,0,0,0,1,0,0,0,0,0,0,0
TXN_2791987,1.0,4.0,4.0,2023-06-23,6,23,4,0,0,0,0,0,1,0,1,0,1
TXN_2792107,1.0,3.0,3.0,2023-07-10,7,10,0,0,0,0,0,0,0,0,0,1,1
TXN_2793054,4.0,4.0,16.0,2023-04-29,4,29,5,0,0,0,0,0,1,0,0,0,1
TXN_2797077,2.0,5.0,10.0,2023-07-04,7,4,1,0,0,0,1,0,0,0,0,0,1
TXN_2797871,2.0,1.0,2.0,2023-09-21,9,21,3,0,1,0,0,0,0,0,0,1,1
TXN_2797925,2.0,3.0,6.0,2023-10-19,10,19,3,0,0,0,0,0,0,0,0,0,1
TXN_2798069,5.0,1.5,7.5,2023-09-02,9,2,5,0,0,0,0,0,0,1,0,1,1
TXN_2798420,5.0,1.5,7.5,2023-03-17,3,17,4,0,0,0,0,0,0,1,0,1,1
TXN_2798736,2.0,4.0,8.0,2023-01-15,1,15,6,0,0,0,0,1,0,0,0,1,0
TXN_2799785,1.0,3.0,3.0,2023-01-25,1,25,2,0,0,1,0,0,0,0,0,0,0
TXN_2801651,4.0,3.0,12.0,2023-07-10,7,10,0,0,0,1,0,0,0,0,0,1,1
TXN_2802630,4.0,1.0,4.0,2023-06-18,6,18,6,0,1,0,0,0,0,0,1,0,1
TXN_2804828,3.0,3.0,9.0,2023-02-25,2,25,5,0,0,0,0,0,0,0,0,0,0
TXN_2805332,4.0,3.0,12.0,2023-08-10,8,10,3,0,0,0,0,0,0,0,0,0,0
TXN_2806206,3.0,4.0,12.0,2023-01-25,1,25,2,0,0,0,0,1,0,0,0,0,1
TXN_2806243,4.0,5.0,20.0,2023-01-14,1,14,5,0,0,0,1,0,0,0,0,1,1
TXN_2806515,4.0,4.0,16.0,2023-12-31,12,31,6,0,0,0,0,0,1,0,0,1,0
TXN_2807324,2.0,4.0,8.0,2023-11-13,11,13,0,0,0,0,0,1,0,0,0,0,1
TXN_2807590,4.0,4.0,16.0,2023-09-05,9,5,1,0,0,0,0,0,1,0,0,0,1
TXN_2809397,2.0,5.0,10.0,2023-09-13,9,13,2,0,0,0,1,0,0,0,0,1,1
TXN_2810187,4.0,2.0,8.0,2023-10-17,10,17,1,1,0,0,0,0,0,0,0,1,0
TXN_2810280,1.0,4.0,4.0,2023-06-25,6,25,6,0,0,0,0,0,1,0,0,1,1
TXN_2810554,1.0,3.0,3.0,2023-02-18,2,18,5,0,0,1,0,0,0,0,1,0,1
TXN_2813872,1.0,5.0,5.0,2023-05-01,5,1,0,0,0,0,1,0,0,0,1,0,1
TXN_2814363,2.0,1.5,3.0,2023-07-02,7,2,6,0,0,0,0,0,0,1,0,1,0
TXN_2814866,1.0,4.0,4.0,2023-07-29,7,29,5,0,0,0,0,0,1,0,0,1,0
TXN_2815335,5.0,3.0,15.0,2023-03-30,3,30,3,0,0,1,0,0,0,0,0,0,1
TXN_2815691,5.0,3.0,15.0,2023-02-06,2,6,0,0,0,1,0,0,0,0,0,1,1
TXN_2817018,3.0,4.0,12.0,2023-04-25,4,25,1,0,0,0,0,1,0,0,1,0,1
TXN_2817210,4.0,3.0,12.0,2023-11-10,11,10,4,0,0,0,0,0,0,0,0,1,1
TXN_2818204,1.0,3.0,3.0,2023-03-09,3,9,3,0,0,0,0,0,0,0,0,1,1
TXN_2818867,3.0,5.0,15.0,2023-01-11,1,11,2,0,0,0,1,0,0,0,0,0,0
TXN_2820693,3.0,5.0,15.0,2023-05-05,5,5,4,0,0,0,1,0,0,0,0,0,1
TXN_2820788,5.0,1.0,5.0,2023-09-25,9,25,0,0,1,0,0,0,0,0,0,1,0
TXN_2822949,2.0,4.0,8.0,2023-11-19,11,19,6,0,0,0,0,0,1,0,0,1,0
TXN_2823220,4.0,5.0,20.0,2023-05-17,5,17,2,0,0,0,1,0,0,0,0,1,0
TXN_2824366,4.0,4.0,16.0,2023-07-02,7,2,6,0,0,0,0,1,0,0,0,1,0
TXN_2825812,3.0,3.0,9.0,2023-06-26,6,26,0,0,0,0,0,0,0,0,0,0,1
TXN_2826603,2.0,5.0,10.0,2023-06-22,6,22,3,0,0,0,1,0,0,0,0,1,1
TXN_2827994,5.0,3.0,15.0,2023-12-04,12,4,0,0,0,0,0,0,0,0,0,1,0
TXN_2828596,2.0,2.0,4.0,2023-11-25,11,25,5,1,0,0,0,0,0,0,0,1,0
TXN_2828785,1.0,4.0,4.0,2023-01-24,1,24,1,0,0,0,0,0,1,0,0,1,0
TXN_2829951,4.0,4.0,16.0,2023-06-28,6,28,2,0,0,0,0,0,1,0,1,0,1
TXN_2830671,1.0,4.0,4.0,2023-11-08,11,8,2,0,0,0,0,1,0,0,0,0,1
TXN_2831842,2.0,3.0,6.0,2023-05-20,5,20,5,0,0,0,0,0,0,0,0,1,1
TXN_2832660,2.0,4.0,8.0,2023-01-08,1,8,6,0,0,0,0,0,1,0,1,0,0
TXN_2832778,2.0,3.0,6.0,2023-09-27,9,27,2,0,0,1,0,0,0,0,1,0,1
TXN_2833327,3.0,2.0,6.0,2023-07-05,7,5,2,1,0,0,0,0,0,0,0,0,0
TXN_2834323,1.0,1.5,1.5,2023-05-13,5,13,5,0,0,0,0,0,0,1,0,1,1
TXN_2838588,2.0,2.0,4.0,2023-01-28,1,28,5,1,0,0,0,0,0,0,0,1,0
TXN_2838958,1.0,2.0,2.0,2023-03-10,3,10,4,1,0,0,0,0,0,0,0,0,1
TXN_2840323,4.0,1.5,6.0,2023-05-07,5,7,6,0,0,0,0,0,0,1,1,0,0
TXN_2840861,2.0,1.5,3.0,2023-05-31,5,31,2,0,0,0,0,0,0,1,0,1,1
TXN_2841233,1.0,1.0,1.0,2023-12-01,12,1,4,0,1,0,0,0,0,0,0,0,1
TXN_2842641,1.0,3.0,3.0,2023-06-11,6,11,6,0,0,0,0,0,0,0,0,1,0
TXN_2844982,1.0,1.0,1.0,2023-03-04,3,4,5,0,1,0,0,0,0,0,0,1,1
TXN_2845506,2.0,1.5,3.0,2023-12-30,12,30,5,0,0,0,0,0,0,1,0,1,1
TXN_2847255,3.0,5.0,15.0,2023-11-15,11,15,2,0,0,0,1,0,0,0,1,0,0
TXN_2847831,1.0,2.0,2.0,2023-02-19,2,19,6,1,0,0,0,0,0,0,0,0,0
TXN_2848421,1.0,1.0,1.0,2023-08-07,8,7,0,0,1,0,0,0,0,0,0,1,0
TXN_2848654,5.0,4.0,20.0,2023-03-15,3,15,2,0,0,0,0,0,1,0,0,1,0
TXN_2849095,3.0,2.0,6.0,2023-07-13,7,13,3,1,0,0,0,0,0,0,0,1,0
TXN_2849719,5.0,2.0,10.0,2023-06-23,6,23,4,1,0,0,0,0,0,0,0,1,1
TXN_2851147,2.0,5.0,10.0,2023-06-24,6,24,5,0,0,0,1,0,0,0,0,1,0
TXN_2851446,2.0,5.0,10.0,2023-10-08,10,8,6,0,0,0,1,0,0,0,1,0,1
TXN_2851804,3.0,2.0,6.0,2023-11-30,11,30,3,1,0,0,0,0,0,0,0,1,1
TXN_2853459,4.0,1.5,6.0,2023-08-14,8,14,0,0,0,0,0,0,0,1,0,0,1
TXN_2855149,2.0,4.0,8.0,2023-07-16,7,16,6,0,0,0,0,1,0,0,0,0,0
TXN_2855581,4.0,2.0,8.0,2023-10-23,10,23,0,1,0,0,0,0,0,0,1,0,0
TXN_2857444,1.0,4.0,4.0,2023-05-10,5,10,2,0,0,0,0,0,1,0,0,0,1
TXN_2858441,2.0,4.0,8.0,2023-12-14,12,14,3,0,0,0,0,1,0,0,1,0,0
TXN_2858635,1.0,4.0,4.0,2023-09-28,9,28,3,0,0,0,0,1,0,0,0,1,0
TXN_2859077,3.0,4.0,12.0,2023-01-31,1,31,1,0,0,0,0,0,1,0,0,1,1
TXN_2860281,4.0,4.0,16.0,2023-09-19,9,19,1,0,0,0,0,0,1,0,0,0,0
TXN_2860514,5.0,1.0,5.0,2023-09-01,9,1,4,0,1,0,0,0,0,0,1,0,1
TXN_2861396,5.0,5.0,25.0,2023-01-04,1,4,2,0,0,0,1,0,0,0,1,0,0
TXN_2861912,3.0,2.0,6.0,2023-03-25,3,25,5,1,0,0,0,0,0,0,0,1,0
TXN_2862856,5.0,3.0,15.0,2023-02-01,2,1,2,0,0,0,0,0,0,0,0,1,1
TXN_2864420,1.0,4.0,4.0,2023-07-12,7,12,2,0,0,0,0,1,0,0,0,0,0
TXN_2864951,5.0,1.5,7.5,2023-10-09,10,9,0,0,0,0,0,0,0,1,1,0,1
TXN_2865033,2.0,2.0,4.0,2023-08-03,8,3,3,1,0,0,0,0,0,0,0,0,1
TXN_2865104,5.0,3.0,15.0,2023-03-12,3,12,6,0,0,0,0,0,0,0,0,1,0
TXN_2866147,2.0,3.0,6.0,2023-08-28,8,28,0,0,0,1,0,0,0,0,0,1,1
TXN_2866587,3.0,4.0,12.0,2023-09-16,9,16,5,0,0,0,0,1,0,0,1,0,1
TXN_2866735,4.0,1.0,4.0,2023-03-13,3,13,0,0,1,0,0,0,0,0,0,0,1
TXN_2867795,1.0,1.0,1.0,2023-06-26,6,26,0,0,1,0,0,0,0,0,1,0,1
TXN_2871592,4.0,1.0,4.0,2023-08-07,8,7,0,0,1,0,0,0,0,0,0,0,0
TXN_2873573,3.0,2.0,6.0,2023-01-11,1,11,2,1,0,0,0,0,0,0,0,1,0
TXN_2873990,2.0,4.0,8.0,2023-03-12,3,12,6,0,0,0,0,1,0,0,0,1,1
TXN_2875074,4.0,3.0,12.0,2023-02-06,2,6,0,0,0,0,0,0,0,0,1,0,1
TXN_2878078,2.0,3.0,6.0,2023-12-15,12,15,4,0,0,0,0,0,0,0,0,1,1
TXN_2878994,1.0,4.0,4.0,2023-05-19,5,19,4,0,0,0,0,1,0,0,0,1,0
TXN_2879092,3.0,1.5,4.5,2023-05-22,5,22,0,0,0,0,0,0,0,1,0,0,0
TXN_2879361,3.0,3.0,9.0,2023-11-22,11,22,2,0,0,1,0,0,0,0,1,0,1
TXN_2879543,5.0,3.0,15.0,2023-03-30,3,30,3,0,0,1,0,0,0,0,0,0,1
TXN_2879791,1.0,4.0,4.0,2023-07-10,7,10,0,0,0,0,0,1,0,0,0,1,1
TXN_2880409,4.0,1.5,6.0,2023-09-11,9,11,0,0,0,0,0,0,0,1,0,0,0
TXN_2880516,1.0,1.5,1.5,2023-03-26,3,26,6,0,0,0,0,0,0,1,0,0,0
TXN_2881199,1.0,4.0,4.0,2023-03-05,3,5,6,0,0,0,0,0,1,0,0,1,1
TXN_2881529,1.0,3.0,3.0,2023-07-04,7,4,1,0,0,1,0,0,0,0,0,1,0
TXN_2882571,1.0,3.0,3.0,2023-05-24,5,24,2,0,0,0,0,0,0,0,1,0,0
TXN_2882871,3.0,5.0,15.0,2023-08-30,8,30,2,0,0,0,1,0,0,0,1,0,1
TXN_2883054,4.0,3.0,12.0,2023-11-17,11,17,4,0,0,0,0,0,0,0,0,0,0
TXN_2886223,5.0,4.0,20.0,2023-07-24,7,24,0,0,0,0,0,1,0,0,1,0,0
TXN_2886505,3.0,1.5,4.5,2023-09-05,9,5,1,0,0,0,0,0,0,1,0,1,0
TXN_2887257,3.0,1.0,3.0,2023-08-27,8,27,6,0,1,0,0,0,0,0,1,0,0
TXN_2887332,5.0,4.0,20.0,2023-11-16,11,16,3,0,0,0,0,1,0,0,0,1,0
TXN_2887411,2.0,4.0,8.0,2023-01-16,1,16,0,0,0,0,0,0,1,0,0,0,0
TXN_2887528,2.0,3.0,6.0,2023-04-23,4,23,6,0,0,0,0,0,0,0,0,1,1
TXN_2887971,2.0,4.0,8.0,2023-06-26,6,26,0,0,0,0,0,0,1,0,0,1,0
TXN_2888655,4.0,1.0,4.0,2023-12-17,12,17,6,0,1,0,0,0,0,0,0,1,1
TXN_2889185,2.0,4.0,8.0,2023-10-21,10,21,5,0,0,0,0,0,1,0,1,0,1
TXN_2889344,3.0,4.0,12.0,2023-05-21,5,21,6,0,0,0,0,1,0,0,0,0,0
TXN_2889622,4.0,3.0,12.0,2023-11-01,11,1,2,0,0,1,0,0,0,0,1,0,0
TXN_2890321,3.0,1.5,4.5,2023-06-13,6,13,1,0,0,0,0,0,0,1,0,0,0
TXN_2892693,4.0,1.0,4.0,2023-03-02,3,2,3,0,1,0,0,0,0,0,1,0,0
TXN_2893987,4.0,3.0,12.0,2023-05-31,5,31,2,0,0,0,0,0,0,0,0,1,1
TXN_2894525,3.0,3.0,9.0,2023-04-16,4,16,6,0,0,1,0,0,0,0,0,1,1
TXN_2894945,2.0,2.0,4.0,2023-02-28,2,28,1,1,0,0,0,0,0,0,0,1,0
TXN_2896048,4.0,1.5,6.0,2023-05-17,5,17,2,0,0,0,0,0,0,1,0,0,1
TXN_2897115,3.0,2.0,6.0,2023-06-23,6,23,4,1,0,0,0,0,0,0,0,1,0
TXN_2897354,4.0,3.0,12.0,2023-06-22,6,22,3,0,0,1,0,0,0,0,0,1,0
TXN_2897468,2.0,5.0,10.0,2023-10-10,10,10,1,0,0,0,1,0,0,0,0,0,1
TXN_2897727,5.0,4.0,20.0,2023-02-15,2,15,2,0,0,0,0,0,1,0,1,0,1
TXN_2897794,4.0,1.0,4.0,2023-01-29,1,29,6,0,1,0,0,0,0,0,1,0,1
TXN_2898188,4.0,5.0,20.0,2023-04-26,4,26,2,0,0,0,1,0,0,0,0,1,1
TXN_2898571,3.0,4.0,12.0,2023-05-10,5,10,2,0,0,0,0,0,1,0,0,1,0
TXN_2899889,2.0,5.0,10.0,2023-12-09,12,9,5,0,0,0,1,0,0,0,1,0,0
TXN_2901304,3.0,1.0,3.0,2023-07-01,7,1,5,0,1,0,0,0,0,0,1,0,1
TXN_2902289,5.0,1.5,7.5,2023-12-16,12,16,5,0,0,0,0,0,0,1,1,0,0
TXN_2903973,2.0,3.0,6.0,2023-12-26,12,26,1,0,0,0,0,0,0,0,1,0,1
TXN_2904046,1.0,4.0,4.0,2023-12-11,12,11,0,0,0,0,0,0,1,0,1,0,0
TXN_2905118,5.0,1.5,7.5,2023-03-04,3,4,5,0,0,0,0,0,0,1,0,1,1
TXN_2905218,5.0,4.0,20.0,2023-09-03,9,3,6,0,0,0,0,0,1,0,0,0,0
TXN_2905234,1.0,1.0,1.0,2023-09-24,9,24,6,0,1,0,0,0,0,0,1,0,1
TXN_2906443,4.0,3.0,12.0,2023-08-14,8,14,0,0,0,0,0,0,0,0,0,1,0
TXN_2907979,3.0,3.0,9.0,2023-06-18,6,18,6,0,0,1,0,0,0,0,0,0,0
TXN_2909634,1.0,4.0,4.0,2023-10-02,10,2,0,0,0,0,0,0,1,0,0,1,1
TXN_2910247,4.0,4.0,16.0,2023-12-02,12,2,5,0,0,0,0,0,1,0,0,1,1
TXN_2911863,2.0,4.0,8.0,2023-07-09,7,9,6,0,0,0,0,1,0,0,1,0,1
TXN_2911864,3.0,1.0,3.0,2023-03-21,3,21,1,0,1,0,0,0,0,0,0,1,1
TXN_2912934,5.0,1.0,5.0,2023-04-01,4,1,5,0,1,0,0,0,0,0,1,0,1
TXN_2913107,4.0,2.0,8.0,2023-05-20,5,20,5,1,0,0,0,0,0,0,1,0,0
TXN_2914088,5.0,5.0,25.0,2023-03-22,3,22,2,0,0,0,1,0,0,0,0,0,0
TXN_2914953,2.0,3.0,6.0,2023-07-25,7,25,1,0,0,0,0,0,0,0,0,0,0
TXN_2915281,1.0,1.0,1.0,2023-07-01,7,1,5,0,1,0,0,0,0,0,0,1,0
TXN_2915287,1.0,5.0,5.0,2023-01-16,1,16,0,0,0,0,1,0,0,0,0,1,1
TXN_2915856,1.0,1.5,1.5,2023-06-19,6,19,0,0,0,0,0,0,0,1,0,1,0
TXN_2916209,2.0,3.0,6.0,2023-04-15,4,15,5,0,0,0,0,0,0,0,0,1,0
TXN_2916247,3.0,5.0,15.0,2023-09-03,9,3,6,0,0,0,1,0,0,0,0,1,0
TXN_2916992,2.0,5.0,10.0,2023-08-20,8,20,6,0,0,0,1,0,0,0,0,0,1
TXN_2917072,3.0,1.5,4.5,2023-01-25,1,25,2,0,0,0,0,0,0,1,0,0,1
TXN_2917211,5.0,4.0,20.0,2023-11-19,11,19,6,0,0,0,0,0,1,0,0,1,1
TXN_2917349,4.0,1.5,6.0,2023-01-15,1,15,6,0,0,0,0,0,0,1,0,1,1
TXN_2919225,4.0,2.0,8.0,2023-02-14,2,14,1,1,0,0,0,0,0,0,1,0,1
TXN_2919952,5.0,3.0,15.0,2023-02-17,2,17,4,0,0,1,0,0,0,0,0,1,0
TXN_2920551,4.0,4.0,16.0,2023-11-27,11,27,0,0,0,0,0,1,0,0,1,0,1
TXN_2920578,4.0,4.0,16.0,2023-09-06,9,6,2,0,0,0,0,0,1,0,0,0,0
TXN_2923987,4.0,2.0,8.0,2023-03-28,3,28,1,1,0,0,0,0,0,0,0,0,1
TXN_2924262,5.0,1.0,5.0,2023-09-01,9,1,4,0,1,0,0,0,0,0,0,1,1
TXN_2924611,3.0,3.0,9.0,2023-04-19,4,19,2,0,0,1,0,0,0,0,0,0,0
TXN_2925996,3.0,3.0,9.0,2023-04-11,4,11,1,0,0,0,0,0,0,0,0,0,1
TXN_2927909,4.0,3.0,12.0,2023-10-04,10,4,2,0,0,0,0,0,0,0,1,0,0
TXN_2927941,4.0,4.0,16.0,2023-08-29,8,29,1,0,0,0,0,1,0,0,1,0,1
TXN_2928676,1.0,1.0,1.0,2023-06-09,6,9,4,0,1,0,0,0,0,0,1,0,1
TXN_2929426,5.0,5.0,25.0,2023-01-29,1,29,6,0,0,0,1,0,0,0,0,0,1
TXN_2930503,3.0,3.0,9.0,2023-06-18,6,18,6,0,0,1,0,0,0,0,0,1,0
TXN_2930752,2.0,3.0,6.0,2023-03-04,3,4,5,0,0,0,0,0,0,0,1,0,1
TXN_2930963,2.0,4.0,8.0,2023-02-09,2,9,3,0,0,0,0,0,1,0,0,1,0
TXN_2931198,2.0,3.0,6.0,2023-04-21,4,21,4,0,0,0,0,0,0,0,1,0,0
TXN_2931403,2.0,3.0,6.0,2023-05-29,5,29,0,0,0,1,0,0,0,0,1,0,0
TXN_2933439,4.0,5.0,20.0,2023-04-14,4,14,4,0,0,0,1,0,0,0,0,1,1
TXN_2933739,1.0,1.0,1.0,2023-09-15,9,15,4,0,1,0,0,0,0,0,0,1,1
TXN_2935758,1.0,4.0,4.0,2023-09-03,9,3,6,0,0,0,0,0,1,0,1,0,0
TXN_2935761,4.0,4.0,16.0,2023-04-01,4,1,5,0,0,0,0,0,1,0,0,1,1
TXN_2935871,4.0,1.0,4.0,2023-07-07,7,7,4,0,1,0,0,0,0,0,0,0,1
TXN_2936975,1.0,1.5,1.5,2023-10-05,10,5,3,0,0,0,0,0,0,1,0,1,1
TXN_2939069,5.0,4.0,20.0,2023-09-06,9,6,2,0,0,0,0,0,1,0,1,0,1
TXN_2939667,1.0,3.0,3.0,2023-12-21,12,21,3,0,0,0,0,0,0,0,0,1,0
TXN_2940613,4.0,3.0,12.0,2023-06-28,6,28,2,0,0,1,0,0,0,0,0,0,1
TXN_2940895,4.0,3.0,12.0,2023-02-20,2,20,0,0,0,0,0,0,0,0,0,1,0
TXN_2941227,3.0,1.0,3.0,2023-08-29,8,29,1,0,1,0,0,0,0,0,0,0,0
TXN_2941800,5.0,5.0,25.0,2023-04-25,4,25,1,0,0,0,1,0,0,0,0,0,1
TXN_2944325,4.0,4.0,16.0,2023-12-18,12,18,0,0,0,0,0,1,0,0,0,0,0
TXN_2944460,1.0,5.0,5.0,2023-04-16,4,16,6,0,0,0,1,0,0,0,0,1,0
TXN_2944518,3.0,3.0,9.0,2023-09-14,9,14,3,0,0,0,0,0,0,0,0,1,1
TXN_2944717,2.0,1.0,2.0,2023-12-11,12,11,0,0,1,0,0,0,0,0,0,0,1
TXN_2946829,2.0,1.0,2.0,2023-02-08,2,8,2,0,1,0,0,0,0,0,0,1,1
TXN_2946861,3.0,3.0,9.0,2023-03-28,3,28,1,0,0,1,0,0,0,0,0,1,1
TXN_2947622,5.0,4.0,20.0,2023-08-06,8,6,6,0,0,0,0,0,1,0,1,0,0
TXN_2947683,3.0,3.0,9.0,2023-05-14,5,14,6,0,0,0,0,0,0,0,0,1,0
TXN_2947822,4.0,3.0,12.0,2023-10-27,10,27,4,0,0,0,0,0,0,0,0,1,0
TXN_2950265,3.0,5.0,15.0,2023-08-23,8,23,2,0,0,0,1,0,0,0,1,0,1
TXN_2950680,2.0,2.0,4.0,2023-12-10,12,10,6,1,0,0,0,0,0,0,1,0,1
TXN_2951148,4.0,4.0,16.0,2023-02-21,2,21,1,0,0,0,0,1,0,0,0,0,0
TXN_2953908,5.0,2.0,10.0,2023-10-11,10,11,2,1,0,0,0,0,0,0,1,0,0
TXN_2954575,2.0,1.5,3.0,2023-11-14,11,14,1,0,0,0,0,0,0,1,0,1,1
TXN_2954630,2.0,5.0,10.0,2023-09-30,9,30,5,0,0,0,1,0,0,0,1,0,1
TXN_2954833,1.0,2.0,2.0,2023-01-29,1,29,6,1,0,0,0,0,0,0,0,1,1
TXN_2955040,5.0,3.0,15.0,2023-03-21,3,21,1,0,0,1,0,0,0,0,1,0,1
TXN_2955691,1.0,3.0,3.0,2023-04-04,4,4,1,0,0,0,0,0,0,0,0,1,1
TXN_2957017,5.0,4.0,20.0,2023-06-13,6,13,1,0,0,0,0,1,0,0,0,0,0
TXN_2958213,5.0,1.0,5.0,2023-08-15,8,15,1,0,1,0,0,0,0,0,0,1,1
TXN_2962728,4.0,5.0,20.0,2023-12-05,12,5,1,0,0,0,1,0,0,0,1,0,1
TXN_2962976,4.0,3.0,12.0,2023-03-17,3,17,4,0,0,1,0,0,0,0,0,1,0
TXN_2964638,2.0,5.0,10.0,2023-09-28,9,28,3,0,0,0,1,0,0,0,0,1,0
TXN_2964794,2.0,3.0,6.0,2023-03-09,3,9,3,0,0,0,0,0,0,0,0,1,1
TXN_2964982,1.0,4.0,4.0,2023-04-15,4,15,5,0,0,0,0,1,0,0,0,1,0
TXN_2966262,3.0,1.5,4.5,2023-11-19,11,19,6,0,0,0,0,0,0,1,0,0,1
TXN_2966507,3.0,1.0,3.0,2023-04-25,4,25,1,0,1,0,0,0,0,0,0,1,0
TXN_2968827,5.0,5.0,25.0,2023-09-14,9,14,3,0,0,0,1,0,0,0,0,1,1
TXN_2970011,4.0,2.0,8.0,2023-06-04,6,4,6,1,0,0,0,0,0,0,1,0,1
TXN_2970600,1.0,5.0,5.0,2023-08-18,8,18,4,0,0,0,1,0,0,0,1,0,0
TXN_2971555,1.0,3.0,3.0,2023-02-24,2,24,4,0,0,0,0,0,0,0,0,0,0
TXN_2972659,3.0,1.5,4.5,2023-12-16,12,16,5,0,0,0,0,0,0,1,0,1,1
TXN_2972777,4.0,3.0,12.0,2023-04-08,4,8,5,0,0,1,0,0,0,0,1,0,1
TXN_2975443,5.0,5.0,25.0,2023-12-31,12,31,6,0,0,0,1,0,0,0,0,1,1
TXN_2976052,5.0,1.0,5.0,2023-11-01,11,1,2,0,1,0,0,0,0,0,0,1,1
TXN_2977414,4.0,3.0,12.0,2023-06-09,6,9,4,0,0,0,0,0,0,0,0,1,0
TXN_2977905,3.0,4.0,12.0,2023-06-23,6,23,4,0,0,0,0,0,1,0,0,1,1
TXN_2978326,3.0,4.0,12.0,2023-12-02,12,2,5,0,0,0,0,0,1,0,0,0,0
TXN_2979899,5.0,3.0,15.0,2023-05-26,5,26,4,0,0,0,0,0,0,0,0,1,1
TXN_2980008,3.0,3.0,9.0,2023-11-17,11,17,4,0,0,0,0,0,0,0,0,1,1
TXN_2980279,1.0,3.0,3.0,2023-04-23,4,23,6,0,0,0,0,0,0,0,0,1,1
TXN_2980632,3.0,1.0,3.0,2023-01-14,1,14,5,0,1,0,0,0,0,0,1,0,1
TXN_2981117,1.0,3.0,3.0,2023-10-02,10,2,0,0,0,1,0,0,0,0,1,0,0
TXN_2982163,4.0,2.0,8.0,2023-03-22,3,22,2,1,0,0,0,0,0,0,0,1,1
TXN_2982995,1.0,5.0,5.0,2023-04-06,4,6,3,0,0,0,1,0,0,0,1,0,1
TXN_2985748,3.0,2.0,6.0,2023-12-19,12,19,1,1,0,0,0,0,0,0,1,0,1
TXN_2987590,5.0,4.0,20.0,2023-02-17,2,17,4,0,0,0,0,1,0,0,0,1,0
TXN_2988434,1.0,3.0,3.0,2023-12-09,12,9,5,0,0,1,0,0,0,0,0,1,0
TXN_2989533,5.0,5.0,25.0,2023-01-30,1,30,0,0,0,0,1,0,0,0,0,1,1
TXN_2991726,5.0,3.0,15.0,2023-09-01,9,1,4,0,0,1,0,0,0,0,0,1,0
TXN_2991733,5.0,1.5,7.5,2023-04-13,4,13,3,0,0,0,0,0,0,1,1,0,1
TXN_2996519,5.0,3.0,15.0,2023-01-19,1,19,3,0,0,0,0,0,0,0,0,0,1
TXN_2996948,3.0,4.0,12.0,2023-06-25,6,25,6,0,0,0,0,0,1,0,0,1,1
TXN_2997717,4.0,3.0,12.0,2023-10-19,10,19,3,0,0,0,0,0,0,0,1,0,0
TXN_2999220,4.0,4.0,16.0,2023-02-23,2,23,3,0,0,0,0,0,1,0,0,1,1
TXN_3001647,1.0,5.0,5.0,2023-07-01,7,1,5,0,0,0,1,0,0,0,0,1,1
TXN_3002889,3.0,2.0,6.0,2023-10-22,10,22,6,1,0,0,0,0,0,0,0,1,0
TXN_3003311,5.0,3.0,15.0,2023-08-01,8,1,1,0,0,0,0,0,0,0,0,1,0
TXN_3003809,4.0,2.0,8.0,2023-04-21,4,21,4,1,0,0,0,0,0,0,0,0,1
TXN_3003876,3.0,1.0,3.0,2023-08-27,8,27,6,0,1,0,0,0,0,0,0,0,1
TXN_3003979,1.0,1.5,1.5,2023-01-08,1,8,6,0,0,0,0,0,0,1,0,1,1
TXN_3007866,4.0,3.0,12.0,2023-04-14,4,14,4,0,0,1,0,0,0,0,1,0,0
TXN_3008336,5.0,4.0,20.0,2023-07-27,7,27,3,0,0,0,0,1,0,0,1,0,0
TXN_3009994,5.0,1.0,5.0,2023-09-13,9,13,2,0,1,0,0,0,0,0,1,0,0
TXN_3010103,5.0,4.0,20.0,2023-02-14,2,14,1,0,0,0,0,0,1,0,0,1,1
TXN_3011323,3.0,2.0,6.0,2023-03-07,3,7,1,1,0,0,0,0,0,0,1,0,0
TXN_3014261,4.0,5.0,20.0,2023-11-29,11,29,2,0,0,0,1,0,0,0,0,0,0
TXN_3016079,3.0,4.0,12.0,2023-09-24,9,24,6,0,0,0,0,0,1,0,0,1,1
TXN_3016203,1.0,5.0,5.0,2023-06-16,6,16,4,0,0,0,1,0,0,0,0,0,0
TXN_3017494,1.0,1.5,1.5,2023-11-21,11,21,1,0,0,0,0,0,0,1,1,0,1
TXN_3017917,3.0,1.0,3.0,2023-08-31,8,31,3,0,1,0,0,0,0,0,1,0,1
TXN_3019996,2.0,4.0,8.0,2023-06-27,6,27,1,0,0,0,0,1,0,0,0,0,0
TXN_3020475,4.0,5.0,20.0,2023-09-13,9,13,2,0,0,0,1,0,0,0,0,1,1
TXN_3022839,5.0,2.0,10.0,2023-08-25,8,25,4,1,0,0,0,0,0,0,0,1,1
TXN_3023841,3.0,1.5,4.5,2023-04-29,4,29,5,0,0,0,0,0,0,1,0,1,1
TXN_3026930,2.0,3.0,6.0,2023-03-23,3,23,3,0,0,0,0,0,0,0,0,0,0
TXN_3026936,5.0,3.0,15.0,2023-05-19,5,19,4,0,0,0,0,0,0,0,0,1,1
TXN_3027490,3.0,1.0,3.0,2023-02-25,2,25,5,0,1,0,0,0,0,0,0,1,1
TXN_3028667,2.0,3.0,6.0,2023-11-24,11,24,4,0,0,1,0,0,0,0,0,1,1
TXN_3033598,5.0,4.0,20.0,2023-03-12,3,12,6,0,0,0,0,1,0,0,0,0,1
TXN_3033987,4.0,3.0,12.0,2023-03-13,3,13,0,0,0,0,0,0,0,0,0,0,0
TXN_3034652,5.0,3.0,15.0,2023-11-04,11,4,5,0,0,1,0,0,0,0,1,0,0
TXN_3038078,1.0,1.0,1.0,2023-04-06,4,6,3,0,1,0,0,0,0,0,1,0,1
TXN_3039985,5.0,1.0,5.0,2023-04-08,4,8,5,0,1,0,0,0,0,0,0,1,0
TXN_3040823,1.0,4.0,4.0,2023-10-06,10,6,4,0,0,0,0,0,1,0,0,1,0
TXN_3041142,3.0,4.0,12.0,2023-12-22,12,22,4,0,0,0,0,0,1,0,0,1,0
TXN_3042552,1.0,3.0,3.0,2023-09-08,9,8,4,0,0,0,0,0,0,0,0,0,1
TXN_3042768,3.0,1.0,3.0,2023-09-07,9,7,3,0,1,0,0,0,0,0,0,1,1
TXN_3043371,1.0,4.0,4.0,2023-12-04,12,4,0,0,0,0,0,0,1,0,0,1,1
TXN_3043982,5.0,4.0,20.0,2023-01-10,1,10,1,0,0,0,0,1,0,0,0,0,0
TXN_3044825,1.0,1.5,1.5,2023-08-14,8,14,0,0,0,0,0,0,0,1,1,0,0
TXN_3045673,3.0,4.0,12.0,2023-06-24,6,24,5,0,0,0,0,0,1,0,0,1,1
TXN_3046108,5.0,1.5,7.5,2023-01-15,1,15,6,0,0,0,0,0,0,1,0,1,1
TXN_3046567,2.0,5.0,10.0,2023-01-07,1,7,5,0,0,0,1,0,0,0,1,0,0
TXN_3046572,4.0,5.0,20.0,2023-05-16,5,16,1,0,0,0,1,0,0,0,0,0,0
TXN_3047598,1.0,1.0,1.0,2023-09-06,9,6,2,0,1,0,0,0,0,0,1,0,0
TXN_3048882,2.0,3.0,6.0,2023-12-30,12,30,5,0,0,1,0,0,0,0,0,0,1
TXN_3050797,3.0,4.0,12.0,2023-09-28,9,28,3,0,0,0,0,1,0,0,1,0,0
TXN_3051509,5.0,1.0,5.0,2023-03-07,3,7,1,0,1,0,0,0,0,0,0,1,0
TXN_3052584,1.0,5.0,5.0,2023-01-21,1,21,5,0,0,0,1,0,0,0,0,0,0
TXN_3052953,5.0,2.0,10.0,2023-02-28,2,28,1,1,0,0,0,0,0,0,0,1,1
TXN_3053494,5.0,3.0,15.0,2023-06-11,6,11,6,0,0,1,0,0,0,0,0,1,0
TXN_3054405,3.0,3.0,9.0,2023-11-19,11,19,6,0,0,1,0,0,0,0,0,0,0
TXN_3055407,2.0,1.5,3.0,2023-06-03,6,3,5,0,0,0,0,0,0,1,0,1,0
TXN_3059966,1.0,4.0,4.0,2023-12-24,12,24,6,0,0,0,0,0,1,0,0,1,0
TXN_3060152,5.0,3.0,15.0,2023-02-07,2,7,1,0,0,1,0,0,0,0,0,1,1
TXN_3060286,2.0,1.5,3.0,2023-08-10,8,10,3,0,0,0,0,0,0,1,0,0,1
TXN_3061266,4.0,1.0,4.0,2023-12-06,12,6,2,0,1,0,0,0,0,0,1,0,0
TXN_3061405,5.0,4.0,20.0,2023-12-01,12,1,4,0,0,0,0,0,1,0,0,1,1
TXN_3061498,5.0,5.0,25.0,2023-11-14,11,14,1,0,0,0,1,0,0,0,0,1,0
TXN_3061634,1.0,2.0,2.0,2023-03-17,3,17,4,1,0,0,0,0,0,0,0,1,1
TXN_3064922,2.0,5.0,10.0,2023-11-12,11,12,6,0,0,0,1,0,0,0,0,0,0
TXN_3067195,3.0,5.0,15.0,2023-12-03,12,3,6,0,0,0,1,0,0,0,0,0,1
TXN_3067609,4.0,5.0,20.0,2023-12-25,12,25,0,0,0,0,1,0,0,0,0,0,0
TXN_3067854,1.0,3.0,3.0,2023-07-08,7,8,5,0,0,0,0,0,0,0,1,0,0
TXN_3068204,1.0,1.0,1.0,2023-10-03,10,3,1,0,1,0,0,0,0,0,1,0,1
TXN_3069563,2.0,4.0,8.0,2023-04-25,4,25,1,0,0,0,0,1,0,0,0,0,0
TXN_3071092,2.0,2.0,4.0,2023-09-08,9,8,4,1,0,0,0,0,0,0,0,1,1
TXN_3071617,4.0,1.0,4.0,2023-12-15,12,15,4,0,1,0,0,0,0,0,1,0,1
TXN_3072565,3.0,3.0,9.0,2023-07-09,7,9,6,0,0,1,0,0,0,0,1,0,0
TXN_3075169,2.0,4.0,8.0,2023-06-25,6,25,6,0,0,0,0,1,0,0,1,0,0
TXN_3081950,1.0,1.0,1.0,2023-05-01,5,1,0,0,1,0,0,0,0,0,0,1,0
TXN_3082888,1.0,1.5,1.5,2023-09-20,9,20,2,0,0,0,0,0,0,1,0,0,0
TXN_3085509,4.0,2.0,8.0,2023-04-15,4,15,5,1,0,0,0,0,0,0,0,1,0
TXN_3085628,1.0,5.0,5.0,2023-08-26,8,26,5,0,0,0,1,0,0,0,0,0,1
TXN_3086676,2.0,3.0,6.0,2023-07-21,7,21,4,0,0,0,0,0,0,0,0,0,0
TXN_3087096,3.0,1.5,4.5,2023-08-19,8,19,5,0,0,0,0,0,0,1,0,0,1
TXN_3088330,5.0,1.5,7.5,2023-12-08,12,8,4,0,0,0,0,0,0,1,0,1,0
TXN_3088796,4.0,4.0,16.0,2023-08-16,8,16,2,0,0,0,0,1,0,0,1,0,1
TXN_3089814,5.0,3.0,15.0,2023-03-25,3,25,5,0,0,0,0,0,0,0,0,1,0
TXN_3091574,5.0,1.0,5.0,2023-07-29,7,29,5,0,1,0,0,0,0,0,0,1,0
TXN_3091582,5.0,4.0,20.0,2023-11-28,11,28,1,0,0,0,0,1,0,0,0,1,1
TXN_3092382,5.0,2.0,10.0,2023-02-21,2,21,1,1,0,0,0,0,0,0,0,1,1
TXN_3092390,3.0,4.0,12.0,2023-07-24,7,24,0,0,0,0,0,1,0,0,0,1,0
TXN_3093219,5.0,3.0,15.0,2023-01-28,1,28,5,0,0,1,0,0,0,0,0,0,0
TXN_3093284,4.0,2.0,8.0,2023-01-01,1,1,6,1,0,0,0,0,0,0,0,1,0
TXN_3094597,4.0,4.0,16.0,2023-03-11,3,11,5,0,0,0,0,1,0,0,0,1,0
TXN_3094786,4.0,4.0,16.0,2023-01-16,1,16,0,0,0,0,0,1,0,0,1,0,1
TXN_3097593,2.0,4.0,8.0,2023-06-18,6,18,6,0,0,0,0,0,1,0,1,0,0
TXN_3098503,1.0,5.0,5.0,2023-05-31,5,31,2,0,0,0,1,0,0,0,1,0,1
TXN_3099191,2.0,5.0,10.0,2023-05-19,5,19,4,0,0,0,1,0,0,0,0,1,0
TXN_3100053,3.0,3.0,9.0,2023-12-19,12,19,1,0,0,0,0,0,0,0,0,0,0
TXN_3101575,2.0,2.0,4.0,2023-12-03,12,3,6,1,0,0,0,0,0,0,0,1,1
TXN_3101697,3.0,5.0,15.0,2023-05-29,5,29,0,0,0,0,1,0,0,0,0,0,0
TXN_3103520,3.0,3.0,9.0,2023-09-04,9,4,0,0,0,0,0,0,0,0,0,1,0
TXN_3103967,2.0,3.0,6.0,2023-11-12,11,12,6,0,0,1,0,0,0,0,1,0,0
TXN_3103972,1.0,3.0,3.0,2023-03-01,3,1,2,0,0,0,0,0,0,0,0,1,0
TXN_3104589,2.0,1.0,2.0,2023-03-01,3,1,2,0,1,0,0,0,0,0,0,0,1
TXN_3104867,3.0,3.0,9.0,2023-03-28,3,28,1,0,0,1,0,0,0,0,0,1,1
TXN_3105263,4.0,4.0,16.0,2023-11-25,11,25,5,0,0,0,0,0,1,0,1,0,1
TXN_3105489,3.0,3.0,9.0,2023-03-14,3,14,1,0,0,0,0,0,0,0,0,1,0
TXN_3105633,1.0,2.0,2.0,2023-03-30,3,30,3,1,0,0,0,0,0,0,1,0,0
TXN_3105786,3.0,4.0,12.0,2023-10-04,10,4,2,0,0,0,0,0,1,0,0,1,0
TXN_3106215,3.0,4.0,12.0,2023-04-15,4,15,5,0,0,0,0,0,1,0,0,1,1
TXN_3106348,4.0,5.0,20.0,2023-01-10,1,10,1,0,0,0,1,0,0,0,0,1,0
TXN_3106811,3.0,3.0,9.0,2023-09-27,9,27,2,0,0,1,0,0,0,0,0,0,1
TXN_3107619,2.0,1.0,2.0,2023-05-31,5,31,2,0,1,0,0,0,0,0,0,1,1
TXN_3109057,4.0,1.5,6.0,2023-11-26,11,26,6,0,0,0,0,0,0,1,0,0,0
TXN_3109161,3.0,4.0,12.0,2023-09-11,9,11,0,0,0,0,0,1,0,0,0,1,1
TXN_3109334,3.0,4.0,12.0,2023-04-06,4,6,3,0,0,0,0,0,1,0,0,1,0
TXN_3109692,4.0,3.0,12.0,2023-06-21,6,21,2,0,0,1,0,0,0,0,1,0,0
TXN_3110245,5.0,3.0,15.0,2023-04-21,4,21,4,0,0,0,0,0,0,0,0,0,1
TXN_3110343,5.0,1.5,7.5,2023-06-24,6,24,5,0,0,0,0,0,0,1,0,1,1
TXN_3112013,5.0,4.0,20.0,2023-01-06,1,6,4,0,0,0,0,1,0,0,0,0,0
TXN_3112175,4.0,2.0,8.0,2023-03-16,3,16,3,1,0,0,0,0,0,0,0,0,1
TXN_3113428,2.0,3.0,6.0,2023-10-30,10,30,0,0,0,1,0,0,0,0,0,0,0
TXN_3113823,5.0,5.0,25.0,2023-03-01,3,1,2,0,0,0,1,0,0,0,0,1,0
TXN_3114654,3.0,3.0,9.0,2023-12-01,12,1,4,0,0,1,0,0,0,0,0,1,0
TXN_3115258,1.0,5.0,5.0,2023-12-06,12,6,2,0,0,0,1,0,0,0,0,1,1
TXN_3116227,1.0,3.0,3.0,2023-05-30,5,30,1,0,0,0,0,0,0,0,0,1,0
TXN_3116803,1.0,2.0,2.0,2023-09-10,9,10,6,1,0,0,0,0,0,0,1,0,0
TXN_3119542,1.0,4.0,4.0,2023-10-31,10,31,1,0,0,0,0,0,1,0,1,0,1
TXN_3119835,2.0,1.5,3.0,2023-03-01,3,1,2,0,0,0,0,0,0,1,0,1,0
TXN_3120023,3.0,1.0,3.0,2023-09-30,9,30,5,0,1,0,0,0,0,0,0,0,0
TXN_3120637,3.0,4.0,12.0,2023-08-11,8,11,4,0,0,0,0,1,0,0,0,1,1
TXN_3120848,1.0,1.0,1.0,2023-11-01,11,1,2,0,1,0,0,0,0,0,0,0,0
TXN_3121271,2.0,4.0,8.0,2023-08-13,8,13,6,0,0,0,0,0,1,0,1,0,1
TXN_3121360,3.0,3.0,9.0,2023-01-21,1,21,5,0,0,0,0,0,0,0,0,1,0
TXN_3121483,2.0,5.0,10.0,2023-01-06,1,6,4,0,0,0,1,0,0,0,0,1,1
TXN_3124078,4.0,3.0,12.0,2023-08-06,8,6,6,0,0,0,0,0,0,0,0,1,0
TXN_3125699,1.0,3.0,3.0,2023-02-05,2,5,6,0,0,1,0,0,0,0,1,0,1
TXN_3125997,4.0,3.0,12.0,2023-10-19,10,19,3,0,0,1,0,0,0,0,0,1,0
TXN_3129441,3.0,3.0,9.0,2023-05-31,5,31,2,0,0,1,0,0,0,0,1,0,0
TXN_3130548,4.0,1.0,4.0,2023-08-21,8,21,0,0,1,0,0,0,0,0,0,1,1
TXN_3131168,3.0,4.0,12.0,2023-03-24,3,24,4,0,0,0,0,1,0,0,0,0,1
TXN_3131555,2.0,4.0,8.0,2023-12-04,12,4,0,0,0,0,0,1,0,0,0,0,1
TXN_3131761,1.0,4.0,4.0,2023-10-18,10,18,2,0,0,0,0,0,1,0,0,1,1
TXN_3132304,1.0,4.0,4.0,2023-01-21,1,21,5,0,0,0,0,1,0,0,1,0,0
TXN_3132488,4.0,4.0,16.0,2023-09-12,9,12,1,0,0,0,0,1,0,0,1,0,1
TXN_3132921,5.0,1.5,7.5,2023-01-10,1,10,1,0,0,0,0,0,0,1,1,0,0
TXN_3134595,3.0,3.0,9.0,2023-02-25,2,25,5,0,0,1,0,0,0,0,1,0,1
TXN_3135048,1.0,5.0,5.0,2023-02-03,2,3,4,0,0,0,1,0,0,0,1,0,1
TXN_3135264,2.0,3.0,6.0,2023-08-25,8,25,4,0,0,0,0,0,0,0,0,1,0
TXN_3136657,2.0,3.0,6.0,2023-09-21,9,21,3,0,0,0,0,0,0,0,0,0,0
TXN_3136701,2.0,4.0,8.0,2023-12-18,12,18,0,0,0,0,0,0,1,0,0,1,0
TXN_3140020,5.0,3.0,15.0,2023-06-19,6,19,0,0,0,1,0,0,0,0,0,1,0
TXN_3142258,4.0,5.0,20.0,2023-11-03,11,3,4,0,0,0,1,0,0,0,0,0,1
TXN_3142496,1.0,4.0,4.0,2023-07-27,7,27,3,0,0,0,0,0,1,0,0,0,1
TXN_3142836,2.0,3.0,6.0,2023-11-01,11,1,2,0,0,0,0,0,0,0,0,0,1
TXN_3145041,5.0,1.5,7.5,2023-09-23,9,23,5,0,0,0,0,0,0,1,0,0,1
TXN_3145515,4.0,4.0,16.0,2023-03-31,3,31,4,0,0,0,0,0,1,0,0,0,1
TXN_3147198,2.0,4.0,8.0,2023-02-04,2,4,5,0,0,0,0,0,1,0,0,1,0
TXN_3150614,1.0,4.0,4.0,2023-08-06,8,6,6,0,0,0,0,1,0,0,0,0,1
TXN_3150792,5.0,2.0,10.0,2023-07-02,7,2,6,1,0,0,0,0,0,0,0,0,1
TXN_3152531,3.0,2.0,6.0,2023-11-24,11,24,4,1,0,0,0,0,0,0,1,0,1
TXN_3157867,2.0,5.0,10.0,2023-11-02,11,2,3,0,0,0,1,0,0,0,0,1,1
TXN_3158921,1.0,4.0,4.0,2023-04-16,4,16,6,0,0,0,0,1,0,0,0,1,0
TXN_3160090,1.0,5.0,5.0,2023-07-23,7,23,6,0,0,0,1,0,0,0,0,1,1
TXN_3160411,2.0,2.0,4.0,2023-06-11,6,11,6,1,0,0,0,0,0,0,0,1,0
TXN_3162244,5.0,4.0,20.0,2023-12-15,12,15,4,0,0,0,0,1,0,0,0,1,0
TXN_3163383,2.0,1.5,3.0,2023-10-24,10,24,1,0,0,0,0,0,0,1,0,1,0
TXN_3163567,2.0,5.0,10.0,2023-06-01,6,1,3,0,0,0,1,0,0,0,0,1,1
TXN_3163681,2.0,4.0,8.0,2023-05-11,5,11,3,0,0,0,0,1,0,0,0,1,0
TXN_3164212,4.0,4.0,16.0,2023-11-14,11,14,1,0,0,0,0,0,1,0,0,1,0
TXN_3166181,3.0,1.0,3.0,2023-05-21,5,21,6,0,1,0,0,0,0,0,1,0,0
TXN_3171150,1.0,3.0,3.0,2023-02-06,2,6,0,0,0,1,0,0,0,0,0,1,0
TXN_3171373,3.0,4.0,12.0,2023-05-10,5,10,2,0,0,0,0,0,1,0,1,0,0
TXN_3171673,2.0,4.0,8.0,2023-12-07,12,7,3,0,0,0,0,0,1,0,0,1,1
TXN_3172090,1.0,3.0,3.0,2023-05-09,5,9,1,0,0,1,0,0,0,0,1,0,0
TXN_3172621,4.0,4.0,16.0,2023-10-15,10,15,6,0,0,0,0,1,0,0,0,0,1
TXN_3173923,2.0,1.0,2.0,2023-06-29,6,29,3,0,1,0,0,0,0,0,0,1,0
TXN_3174336,1.0,1.0,1.0,2023-07-17,7,17,0,0,1,0,0,0,0,0,1,0,0
TXN_3174488,4.0,1.0,4.0,2023-06-28,6,28,2,0,1,0,0,0,0,0,0,0,1
TXN_3175177,3.0,3.0,9.0,2023-10-24,10,24,1,0,0,1,0,0,0,0,1,0,1
TXN_3177517,1.0,1.5,1.5,2023-02-22,2,22,2,0,0,0,0,0,0,1,1,0,0
TXN_3179966,2.0,1.5,3.0,2023-05-27,5,27,5,0,0,0,0,0,0,1,0,1,0
TXN_3182191,5.0,3.0,15.0,2023-07-21,7,21,4,0,0,0,0,0,0,0,0,1,1
TXN_3182547,3.0,3.0,9.0,2023-07-28,7,28,4,0,0,1,0,0,0,0,0,1,1
TXN_3183527,3.0,2.0,6.0,2023-10-26,10,26,3,1,0,0,0,0,0,0,0,1,0
TXN_3185667,5.0,1.5,7.5,2023-12-26,12,26,1,0,0,0,0,0,0,1,0,1,0
TXN_3185929,3.0,5.0,15.0,2023-07-27,7,27,3,0,0,0,1,0,0,0,0,1,1
TXN_3186333,5.0,1.0,5.0,2023-08-19,8,19,5,0,1,0,0,0,0,0,0,0,0
TXN_3187634,5.0,2.0,10.0,2023-09-01,9,1,4,1,0,0,0,0,0,0,0,1,1
TXN_3189677,1.0,4.0,4.0,2023-01-11,1,11,2,0,0,0,0,0,1,0,0,1,0
TXN_3190538,2.0,2.0,4.0,2023-06-03,6,3,5,1,0,0,0,0,0,0,0,1,0
TXN_3190959,2.0,1.5,3.0,2023-12-16,12,16,5,0,0,0,0,0,0,1,1,0,1
TXN_3193212,1.0,3.0,3.0,2023-11-23,11,23,3,0,0,0,0,0,0,0,0,0,0
TXN_3193321,3.0,4.0,12.0,2023-08-15,8,15,1,0,0,0,0,0,1,0,0,1,1
TXN_3195132,4.0,5.0,20.0,2023-08-26,8,26,5,0,0,0,1,0,0,0,1,0,1
TXN_3195257,1.0,5.0,5.0,2023-10-09,10,9,0,0,0,0,1,0,0,0,0,0,1
TXN_3196388,3.0,5.0,15.0,2023-03-04,3,4,5,0,0,0,1,0,0,0,0,0,0
TXN_3197621,5.0,4.0,20.0,2023-02-10,2,10,4,0,0,0,0,1,0,0,1,0,0
TXN_3197752,2.0,4.0,8.0,2023-03-10,3,10,4,0,0,0,0,0,1,0,0,1,1
TXN_3200195,3.0,3.0,9.0,2023-05-04,5,4,3,0,0,1,0,0,0,0,0,1,0
TXN_3200203,2.0,4.0,8.0,2023-12-04,12,4,0,0,0,0,0,0,1,0,0,1,1
TXN_3200434,4.0,3.0,12.0,2023-02-18,2,18,5,0,0,0,0,0,0,0,0,1,1
TXN_3201783,3.0,3.0,9.0,2023-12-03,12,3,6,0,0,1,0,0,0,0,0,1,1
TXN_3202346,2.0,5.0,10.0,2023-11-19,11,19,6,0,0,0,1,0,0,0,0,1,0
TXN_3203928,3.0,2.0,6.0,2023-12-04,12,4,0,1,0,0,0,0,0,0,0,0,0
TXN_3205009,2.0,1.5,3.0,2023-01-03,1,3,1,0,0,0,0,0,0,1,0,0,0
TXN_3205079,5.0,3.0,15.0,2023-11-07,11,7,1,0,0,0,0,0,0,0,1,0,0
TXN_3205813,3.0,3.0,9.0,2023-04-25,4,25,1,0,0,1,0,0,0,0,0,0,0
TXN_3206049,4.0,2.0,8.0,2023-03-27,3,27,0,1,0,0,0,0,0,0,0,1,0
TXN_3206293,5.0,1.0,5.0,2023-05-04,5,4,3,0,1,0,0,0,0,0,0,1,1
TXN_3206842,4.0,5.0,20.0,2023-04-30,4,30,6,0,0,0,1,0,0,0,0,0,0
TXN_3206876,4.0,5.0,20.0,2023-11-07,11,7,1,0,0,0,1,0,0,0,0,1,0
TXN_3207254,1.0,3.0,3.0,2023-04-25,4,25,1,0,0,0,0,0,0,0,0,1,1
TXN_3209025,2.0,5.0,10.0,2023-10-12,10,12,3,0,0,0,1,0,0,0,0,0,0
TXN_3209184,4.0,5.0,20.0,2023-03-19,3,19,6,0,0,0,1,0,0,0,0,0,1
TXN_3210288,3.0,5.0,15.0,2023-04-30,4,30,6,0,0,0,1,0,0,0,0,1,1
TXN_3212317,5.0,5.0,25.0,2023-05-25,5,25,3,0,0,0,1,0,0,0,0,1,1
TXN_3212505,3.0,4.0,12.0,2023-07-15,7,15,5,0,0,0,0,1,0,0,1,0,0
TXN_3213035,4.0,4.0,16.0,2023-05-21,5,21,6,0,0,0,0,0,1,0,0,1,0
TXN_3214521,4.0,1.5,6.0,2023-06-30,6,30,4,0,0,0,0,0,0,1,0,1,1
TXN_3215610,2.0,3.0,6.0,2023-06-14,6,14,2,0,0,0,0,0,0,0,0,1,1
TXN_3216618,4.0,5.0,20.0,2023-12-30,12,30,5,0,0,0,1,0,0,0,1,0,0
TXN_3218971,5.0,4.0,20.0,2023-06-13,6,13,1,0,0,0,0,1,0,0,1,0,1
TXN_3219175,5.0,4.0,20.0,2023-02-23,2,23,3,0,0,0,0,1,0,0,0,1,1
TXN_3219263,5.0,4.0,20.0,2023-03-31,3,31,4,0,0,0,0,0,1,0,0,1,1
TXN_3219378,3.0,5.0,15.0,2023-12-04,12,4,0,0,0,0,1,0,0,0,0,1,0
TXN_3219599,2.0,3.0,6.0,2023-08-22,8,22,1,0,0,0,0,0,0,0,0,1,1
TXN_3221795,5.0,4.0,20.0,2023-10-01,10,1,6,0,0,0,0,1,0,0,0,0,0
TXN_3222612,3.0,3.0,9.0,2023-01-25,1,25,2,0,0,1,0,0,0,0,0,0,1
TXN_3222677,1.0,4.0,4.0,2023-12-16,12,16,5,0,0,0,0,1,0,0,0,1,1
TXN_3223187,2.0,2.0,4.0,2023-08-21,8,21,0,1,0,0,0,0,0,0,1,0,0
TXN_3224156,1.0,1.0,1.0,2023-03-16,3,16,3,0,1,0,0,0,0,0,1,0,0
TXN_3224397,4.0,1.0,4.0,2023-05-15,5,15,0,0,1,0,0,0,0,0,0,1,1
TXN_3224756,2.0,3.0,6.0,2023-11-20,11,20,0,0,0,0,0,0,0,0,1,0,1
TXN_3224921,5.0,4.0,20.0,2023-04-06,4,6,3,0,0,0,0,1,0,0,0,1,0
TXN_3225132,3.0,4.0,12.0,2023-06-26,6,26,0,0,0,0,0,1,0,0,1,0,0
TXN_3225552,1.0,5.0,5.0,2023-05-16,5,16,1,0,0,0,1,0,0,0,0,1,0
TXN_3226832,5.0,4.0,20.0,2023-09-04,9,4,0,0,0,0,0,1,0,0,0,0,1
TXN_3226989,1.0,5.0,5.0,2023-04-17,4,17,0,0,0,0,1,0,0,0,1,0,1
TXN_3227186,2.0,5.0,10.0,2023-05-05,5,5,4,0,0,0,1,0,0,0,0,1,1
TXN_3227673,1.0,1.0,1.0,2023-10-13,10,13,4,0,1,0,0,0,0,0,0,0,0
TXN_3228558,2.0,4.0,8.0,2023-12-13,12,13,2,0,0,0,0,1,0,0,1,0,1
TXN_3228646,5.0,1.0,5.0,2023-09-19,9,19,1,0,1,0,0,0,0,0,1,0,1
TXN_3228823,5.0,1.5,7.5,2023-01-06,1,6,4,0,0,0,0,0,0,1,0,1,1
TXN_3229409,3.0,3.0,9.0,2023-04-15,4,15,5,0,0,1,0,0,0,0,0,0,1
TXN_3232043,2.0,1.5,3.0,2023-07-05,7,5,2,0,0,0,0,0,0,1,0,1,0
TXN_3232227,4.0,1.0,4.0,2023-03-30,3,30,3,0,1,0,0,0,0,0,0,1,1
TXN_3232279,4.0,4.0,16.0,2023-05-30,5,30,1,0,0,0,0,1,0,0,0,1,1
TXN_3233211,2.0,1.5,3.0,2023-06-07,6,7,2,0,0,0,0,0,0,1,0,1,1
TXN_3233221,5.0,3.0,15.0,2023-06-15,6,15,3,0,0,0,0,0,0,0,0,1,1
TXN_3234146,1.0,3.0,3.0,2023-11-14,11,14,1,0,0,1,0,0,0,0,0,1,1
TXN_3234877,4.0,2.0,8.0,2023-07-29,7,29,5,1,0,0,0,0,0,0,0,0,1
TXN_3237919,1.0,4.0,4.0,2023-02-04,2,4,5,0,0,0,0,1,0,0,0,1,0
TXN_3238759,5.0,4.0,20.0,2023-07-20,7,20,3,0,0,0,0,1,0,0,0,1,0
TXN_3240077,4.0,4.0,16.0,2023-12-14,12,14,3,0,0,0,0,1,0,0,0,0,1
TXN_3241422,2.0,5.0,10.0,2023-07-17,7,17,0,0,0,0,1,0,0,0,0,0,1
TXN_3241510,5.0,1.5,7.5,2023-10-05,10,5,3,0,0,0,0,0,0,1,1,0,0
TXN_3243410,2.0,1.5,3.0,2023-10-30,10,30,0,0,0,0,0,0,0,1,0,0,0
TXN_3243832,2.0,3.0,6.0,2023-08-10,8,10,3,0,0,0,0,0,0,0,0,0,0
TXN_3244935,5.0,5.0,25.0,2023-11-24,11,24,4,0,0,0,1,0,0,0,0,1,1
TXN_3247340,3.0,1.5,4.5,2023-12-25,12,25,0,0,0,0,0,0,0,1,0,0,1
TXN_3251340,4.0,5.0,20.0,2023-06-18,6,18,6,0,0,0,1,0,0,0,0,1,0
TXN_3251591,3.0,4.0,12.0,2023-01-26,1,26,3,0,0,0,0,1,0,0,0,1,1
TXN_3251829,3.0,1.5,4.5,2023-07-25,7,25,1,0,0,0,0,0,0,1,0,1,0
TXN_3252542,5.0,4.0,20.0,2023-09-22,9,22,4,0,0,0,0,1,0,0,0,1,0
TXN_3255254,4.0,3.0,12.0,2023-03-23,3,23,3,0,0,1,0,0,0,0,0,0,1
TXN_3256497,2.0,2.0,4.0,2023-08-20,8,20,6,1,0,0,0,0,0,0,0,0,1
TXN_3260087,5.0,5.0,25.0,2023-04-20,4,20,3,0,0,0,1,0,0,0,0,1,1
TXN_3263746,1.0,2.0,2.0,2023-11-14,11,14,1,1,0,0,0,0,0,0,0,0,1
TXN_3265085,5.0,1.0,5.0,2023-09-05,9,5,1,0,1,0,0,0,0,0,0,1,0
TXN_3265596,1.0,1.5,1.5,2023-12-28,12,28,3,0,0,0,0,0,0,1,0,0,0
TXN_3267393,2.0,4.0,8.0,2023-02-24,2,24,4,0,0,0,0,1,0,0,0,1,0
TXN_3267783,3.0,3.0,9.0,2023-10-30,10,30,0,0,0,0,0,0,0,0,0,1,0
TXN_3269434,1.0,3.0,3.0,2023-02-01,2,1,2,0,0,1,0,0,0,0,0,0,1
TXN_3270584,3.0,3.0,9.0,2023-01-10,1,10,1,0,0,0,0,0,0,0,1,0,1
TXN_3272613,2.0,1.0,2.0,2023-03-30,3,30,3,0,1,0,0,0,0,0,0,0,1
TXN_3272946,3.0,5.0,15.0,2023-09-06,9,6,2,0,0,0,1,0,0,0,1,0,0
TXN_3273540,1.0,3.0,3.0,2023-08-21,8,21,0,0,0,1,0,0,0,0,1,0,0
TXN_3274105,5.0,1.0,5.0,2023-07-28,7,28,4,0,1,0,0,0,0,0,1,0,1
TXN_3274591,5.0,3.0,15.0,2023-04-09,4,9,6,0,0,1,0,0,0,0,0,1,1
TXN_3275800,3.0,2.0,6.0,2023-05-27,5,27,5,1,0,0,0,0,0,0,0,1,1
TXN_3277379,2.0,5.0,10.0,2023-01-06,1,6,4,0,0,0,1,0,0,0,1,0,1
TXN_3277936,2.0,1.5,3.0,2023-06-21,6,21,2,0,0,0,0,0,0,1,0,1,1
TXN_3279039,4.0,3.0,12.0,2023-06-26,6,26,0,0,0,0,0,0,0,0,1,0,0
TXN_3281605,1.0,1.5,1.5,2023-07-27,7,27,3,0,0,0,0,0,0,1,0,1,1
TXN_3282436,5.0,5.0,25.0,2023-12-14,12,14,3,0,0,0,1,0,0,0,1,0,0
TXN_3282601,2.0,3.0,6.0,2023-02-03,2,3,4,0,0,1,0,0,0,0,0,1,0
TXN_3283097,5.0,2.0,10.0,2023-02-28,2,28,1,1,0,0,0,0,0,0,0,0,1
TXN_3283631,2.0,4.0,8.0,2023-03-15,3,15,2,0,0,0,0,1,0,0,1,0,0
TXN_3284157,4.0,1.5,6.0,2023-05-17,5,17,2,0,0,0,0,0,0,1,0,1,1
TXN_3286168,5.0,4.0,20.0,2023-06-25,6,25,6,0,0,0,0,0,1,0,0,1,1
TXN_3286932,1.0,1.0,1.0,2023-07-11,7,11,1,0,1,0,0,0,0,0,0,1,1
TXN_3287282,2.0,1.5,3.0,2023-09-23,9,23,5,0,0,0,0,0,0,1,0,1,1
TXN_3288233,5.0,3.0,15.0,2023-12-24,12,24,6,0,0,1,0,0,0,0,0,0,0
TXN_3290872,2.0,3.0,6.0,2023-06-13,6,13,1,0,0,0,0,0,0,0,1,0,0
TXN_3291149,5.0,2.0,10.0,2023-12-09,12,9,5,1,0,0,0,0,0,0,0,1,1
TXN_3291900,4.0,4.0,16.0,2023-05-04,5,4,3,0,0,0,0,0,1,0,0,0,1
TXN_3291988,2.0,3.0,6.0,2023-07-03,7,3,0,0,0,1,0,0,0,0,1,0,0
TXN_3295247,5.0,2.0,10.0,2023-08-25,8,25,4,1,0,0,0,0,0,0,0,1,1
TXN_3295578,1.0,3.0,3.0,2023-05-04,5,4,3,0,0,1,0,0,0,0,0,1,0
TXN_3296152,3.0,5.0,15.0,2023-10-20,10,20,4,0,0,0,1,0,0,0,1,0,0
TXN_3297457,2.0,3.0,6.0,2023-01-03,1,3,1,0,0,0,0,0,0,0,0,1,1
TXN_3299535,3.0,2.0,6.0,2023-11-16,11,16,3,1,0,0,0,0,0,0,1,0,1
TXN_3300171,5.0,1.0,5.0,2023-02-14,2,14,1,0,1,0,0,0,0,0,1,0,0
TXN_3301517,5.0,5.0,25.0,2023-04-13,4,13,3,0,0,0,1,0,0,0,1,0,0
TXN_3303114,4.0,5.0,20.0,2023-06-18,6,18,6,0,0,0,1,0,0,0,1,0,0
TXN_3303518,4.0,3.0,12.0,2023-06-30,6,30,4,0,0,1,0,0,0,0,0,1,0
TXN_3305132,4.0,3.0,12.0,2023-01-30,1,30,0,0,0,0,0,0,0,0,1,0,1
TXN_3308378,4.0,1.0,4.0,2023-04-28,4,28,4,0,1,0,0,0,0,0,0,1,1
TXN_3311860,1.0,3.0,3.0,2023-11-21,11,21,1,0,0,1,0,0,0,0,0,1,0
TXN_3312002,4.0,4.0,16.0,2023-04-30,4,30,6,0,0,0,0,0,1,0,0,1,1
TXN_3312088,1.0,3.0,3.0,2023-08-17,8,17,3,0,0,0,0,0,0,0,0,1,1
TXN_3312574,2.0,1.0,2.0,2023-11-03,11,3,4,0,1,0,0,0,0,0,0,1,1
TXN_3312653,5.0,1.0,5.0,2023-12-09,12,9,5,0,1,0,0,0,0,0,0,0,1
TXN_3312690,3.0,1.0,3.0,2023-03-01,3,1,2,0,1,0,0,0,0,0,1,0,0
TXN_3313000,5.0,2.0,10.0,2023-01-08,1,8,6,1,0,0,0,0,0,0,1,0,0
TXN_3313534,2.0,1.0,2.0,2023-01-05,1,5,3,0,1,0,0,0,0,0,0,1,0
TXN_3314971,3.0,3.0,9.0,2023-05-04,5,4,3,0,0,1,0,0,0,0,0,1,1
TXN_3315026,5.0,3.0,15.0,2023-11-06,11,6,0,0,0,1,0,0,0,0,0,0,0
TXN_3315467,2.0,4.0,8.0,2023-11-17,11,17,4,0,0,0,0,1,0,0,0,1,1
TXN_3317406,3.0,4.0,12.0,2023-01-04,1,4,2,0,0,0,0,1,0,0,0,1,1
TXN_3317649,3.0,4.0,12.0,2023-11-06,11,6,0,0,0,0,0,1,0,0,0,1,1
TXN_3321395,1.0,1.5,1.5,2023-07-08,7,8,5,0,0,0,0,0,0,1,0,1,1
TXN_3321611,3.0,4.0,12.0,2023-09-09,9,9,5,0,0,0,0,1,0,0,0,1,1
TXN_3324387,1.0,4.0,4.0,2023-12-13,12,13,2,0,0,0,0,1,0,0,1,0,1
TXN_3325234,1.0,1.5,1.5,2023-08-26,8,26,5,0,0,0,0,0,0,1,0,1,0
TXN_3326110,2.0,2.0,4.0,2023-08-13,8,13,6,1,0,0,0,0,0,0,1,0,1
TXN_3326626,2.0,3.0,6.0,2023-09-26,9,26,1,0,0,0,0,0,0,0,0,0,1
TXN_3327212,2.0,1.5,3.0,2023-12-20,12,20,2,0,0,0,0,0,0,1,1,0,1
TXN_3328393,3.0,3.0,9.0,2023-04-16,4,16,6,0,0,1,0,0,0,0,0,1,1
TXN_3330279,1.0,3.0,3.0,2023-11-13,11,13,0,0,0,0,0,0,0,0,1,0,1
TXN_3330377,5.0,2.0,10.0,2023-05-08,5,8,0,1,0,0,0,0,0,0,0,1,1
TXN_3330687,5.0,3.0,15.0,2023-12-26,12,26,1,0,0,0,0,0,0,0,0,0,0
TXN_3331437,1.0,2.0,2.0,2023-02-26,2,26,6,1,0,0,0,0,0,0,0,0,1
TXN_3332915,2.0,1.0,2.0,2023-01-19,1,19,3,0,1,0,0,0,0,0,0,1,1
TXN_3334257,2.0,4.0,8.0,2023-06-10,6,10,5,0,0,0,0,1,0,0,0,0,1
TXN_3334632,1.0,2.0,2.0,2023-11-20,11,20,0,1,0,0,0,0,0,0,1,0,1
TXN_3336502,3.0,4.0,12.0,2023-05-04,5,4,3,0,0,0,0,1,0,0,1,0,1
TXN_3337203,3.0,4.0,12.0,2023-11-16,11,16,3,0,0,0,0,0,1,0,0,1,1
TXN_3338458,5.0,3.0,15.0,2023-10-27,10,27,4,0,0,0,0,0,0,0,0,0,1
TXN_3339728,5.0,3.0,15.0,2023-05-13,5,13,5,0,0,1,0,0,0,0,1,0,0
TXN_3340550,2.0,3.0,6.0,2023-05-02,5,2,1,0,0,1,0,0,0,0,0,1,1
TXN_3341779,3.0,1.5,4.5,2023-07-30,7,30,6,0,0,0,0,0,0,1,0,0,1
TXN_3342106,1.0,4.0,4.0,2023-01-14,1,14,5,0,0,0,0,1,0,0,1,0,0
TXN_3343585,1.0,3.0,3.0,2023-09-17,9,17,6,0,0,0,0,0,0,0,0,0,0
TXN_3344089,4.0,4.0,16.0,2023-08-10,8,10,3,0,0,0,0,1,0,0,0,0,0
TXN_3345675,4.0,1.0,4.0,2023-09-23,9,23,5,0,1,0,0,0,0,0,0,0,1
TXN_3346749,2.0,1.5,3.0,2023-05-06,5,6,5,0,0,0,0,0,0,1,1,0,0
TXN_3349404,3.0,2.0,6.0,2023-01-31,1,31,1,1,0,0,0,0,0,0,0,1,0
TXN_3352028,4.0,1.0,4.0,2023-08-26,8,26,5,0,1,0,0,0,0,0,1,0,0
TXN_3352256,2.0,4.0,8.0,2023-09-08,9,8,4,0,0,0,0,1,0,0,0,1,1
TXN_3353214,5.0,4.0,20.0,2023-08-12,8,12,5,0,0,0,0,0,1,0,1,0,0
TXN_3353615,4.0,2.0,8.0,2023-07-24,7,24,0,1,0,0,0,0,0,0,1,0,1
TXN_3355537,3.0,1.5,4.5,2023-01-09,1,9,0,0,0,0,0,0,0,1,0,1,1
TXN_3357336,4.0,3.0,12.0,2023-02-20,2,20,0,0,0,0,0,0,0,0,0,1,0
TXN_3358494,5.0,2.0,10.0,2023-06-22,6,22,3,1,0,0,0,0,0,0,0,1,1
TXN_3358787,1.0,3.0,3.0,2023-06-10,6,10,5,0,0,0,0,0,0,0,0,1,0
TXN_3359704,3.0,5.0,15.0,2023-07-23,7,23,6,0,0,0,1,0,0,0,0,1,0
TXN_3359911,4.0,1.0,4.0,2023-06-18,6,18,6,0,1,0,0,0,0,0,0,1,0
TXN_3360401,2.0,1.5,3.0,2023-02-05,2,5,6,0,0,0,0,0,0,1,0,1,1
TXN_3360649,2.0,1.0,2.0,2023-09-10,9,10,6,0,1,0,0,0,0,0,0,1,1
TXN_3363746,3.0,4.0,12.0,2023-11-25,11,25,5,0,0,0,0,0,1,0,1,0,1
TXN_3363831,3.0,3.0,9.0,2023-05-10,5,10,2,0,0,1,0,0,0,0,0,1,1
TXN_3364751,2.0,2.0,4.0,2023-04-12,4,12,2,1,0,0,0,0,0,0,0,1,1
TXN_3365018,5.0,3.0,15.0,2023-02-06,2,6,0,0,0,1,0,0,0,0,0,0,1
TXN_3368231,3.0,1.5,4.5,2023-08-11,8,11,4,0,0,0,0,0,0,1,0,1,1
TXN_3369191,5.0,1.0,5.0,2023-02-07,2,7,1,0,1,0,0,0,0,0,0,0,1
TXN_3369789,5.0,4.0,20.0,2023-04-15,4,15,5,0,0,0,0,1,0,0,0,1,0
TXN_3371429,2.0,5.0,10.0,2023-11-01,11,1,2,0,0,0,1,0,0,0,1,0,1
TXN_3373078,4.0,4.0,16.0,2023-12-01,12,1,4,0,0,0,0,0,1,0,0,1,0
TXN_3373997,4.0,5.0,20.0,2023-02-01,2,1,2,0,0,0,1,0,0,0,0,1,0
TXN_3374262,2.0,1.5,3.0,2023-04-14,4,14,4,0,0,0,0,0,0,1,0,1,0
TXN_3374343,2.0,3.0,6.0,2023-09-02,9,2,5,0,0,0,0,0,0,0,0,1,1
TXN_3375399,1.0,1.0,1.0,2023-05-21,5,21,6,0,1,0,0,0,0,0,0,1,1
TXN_3376952,2.0,1.5,3.0,2023-10-23,10,23,0,0,0,0,0,0,0,1,0,1,1
TXN_3376958,4.0,5.0,20.0,2023-10-31,10,31,1,0,0,0,1,0,0,0,0,1,0
TXN_3377626,5.0,1.0,5.0,2023-07-23,7,23,6,0,1,0,0,0,0,0,0,0,0
TXN_3377885,3.0,4.0,12.0,2023-05-08,5,8,0,0,0,0,0,1,0,0,0,0,0
TXN_3379182,4.0,3.0,12.0,2023-06-03,6,3,5,0,0,1,0,0,0,0,0,0,1
TXN_3379368,5.0,3.0,15.0,2023-05-26,5,26,4,0,0,0,0,0,0,0,1,0,1
TXN_3380698,3.0,2.0,6.0,2023-12-15,12,15,4,1,0,0,0,0,0,0,1,0,1
TXN_3381656,5.0,3.0,15.0,2023-10-26,10,26,3,0,0,0,0,0,0,0,0,0,1
TXN_3383926,3.0,3.0,9.0,2023-07-08,7,8,5,0,0,0,0,0,0,0,0,0,1
TXN_3384640,4.0,5.0,20.0,2023-10-17,10,17,1,0,0,0,1,0,0,0,0,1,1
TXN_3385167,3.0,1.5,4.5,2023-04-26,4,26,2,0,0,0,0,0,0,1,0,0,0
TXN_3386311,1.0,3.0,3.0,2023-11-30,11,30,3,0,0,1,0,0,0,0,0,0,0
TXN_3388054,5.0,2.0,10.0,2023-11-13,11,13,0,1,0,0,0,0,0,0,0,0,0
TXN_3388908,4.0,1.0,4.0,2023-11-22,11,22,2,0,1,0,0,0,0,0,0,1,1
TXN_3389521,5.0,5.0,25.0,2023-02-10,2,10,4,0,0,0,1,0,0,0,0,1,0
TXN_3390072,1.0,1.5,1.5,2023-05-03,5,3,2,0,0,0,0,0,0,1,1,0,0
TXN_3390285,2.0,1.5,3.0,2023-02-06,2,6,0,0,0,0,0,0,0,1,0,1,1
TXN_3390610,2.0,4.0,8.0,2023-02-01,2,1,2,0,0,0,0,1,0,0,0,1,0
TXN_3390882,3.0,4.0,12.0,2023-07-03,7,3,0,0,0,0,0,1,0,0,1,0,0
TXN_3391446,1.0,1.5,1.5,2023-01-14,1,14,5,0,0,0,0,0,0,1,0,1,1
TXN_3392848,2.0,3.0,6.0,2023-04-03,4,3,0,0,0,0,0,0,0,0,0,0,0
TXN_3392953,1.0,2.0,2.0,2023-01-06,1,6,4,1,0,0,0,0,0,0,0,1,1
TXN_3394710,1.0,4.0,4.0,2023-10-22,10,22,6,0,0,0,0,1,0,0,0,1,0
TXN_3394874,4.0,2.0,8.0,2023-06-18,6,18,6,1,0,0,0,0,0,0,1,0,1
TXN_3396099,1.0,2.0,2.0,2023-04-06,4,6,3,1,0,0,0,0,0,0,0,1,0
TXN_3397034,4.0,3.0,12.0,2023-04-11,4,11,1,0,0,0,0,0,0,0,0,1,0
TXN_3397609,2.0,4.0,8.0,2023-07-22,7,22,5,0,0,0,0,0,1,0,0,1,0
TXN_3397978,5.0,4.0,20.0,2023-08-01,8,1,1,0,0,0,0,0,1,0,0,1,0
TXN_3398520,1.0,4.0,4.0,2023-02-03,2,3,4,0,0,0,0,1,0,0,0,0,0
TXN_3398611,5.0,4.0,20.0,2023-10-01,10,1,6,0,0,0,0,1,0,0,0,0,0
TXN_3398955,3.0,1.0,3.0,2023-10-19,10,19,3,0,1,0,0,0,0,0,0,0,0
TXN_3399636,3.0,3.0,9.0,2023-08-07,8,7,0,0,0,1,0,0,0,0,0,1,1
TXN_3399674,5.0,4.0,20.0,2023-12-09,12,9,5,0,0,0,0,0,1,0,0,1,0
TXN_3401287,3.0,4.0,12.0,2023-02-12,2,12,6,0,0,0,0,1,0,0,0,0,1
TXN_3402368,2.0,1.5,3.0,2023-02-01,2,1,2,0,0,0,0,0,0,1,0,0,0
TXN_3403173,1.0,5.0,5.0,2023-06-24,6,24,5,0,0,0,1,0,0,0,0,1,1
TXN_3403409,2.0,3.0,6.0,2023-02-22,2,22,2,0,0,0,0,0,0,0,1,0,1
TXN_3404479,4.0,4.0,16.0,2023-08-23,8,23,2,0,0,0,0,1,0,0,1,0,0
TXN_3407169,2.0,4.0,8.0,2023-03-11,3,11,5,0,0,0,0,1,0,0,0,0,0
TXN_3410147,1.0,3.0,3.0,2023-09-30,9,30,5,0,0,1,0,0,0,0,0,1,1
TXN_3410971,1.0,4.0,4.0,2023-01-02,1,2,0,0,0,0,0,0,1,0,0,1,1
TXN_3411281,2.0,3.0,6.0,2023-09-29,9,29,4,0,0,0,0,0,0,0,0,1,0
TXN_3412484,4.0,3.0,12.0,2023-09-06,9,6,2,0,0,0,0,0,0,0,0,1,1
TXN_3413156,1.0,3.0,3.0,2023-10-16,10,16,0,0,0,1,0,0,0,0,1,0,0
TXN_3413185,4.0,3.0,12.0,2023-03-03,3,3,4,0,0,0,0,0,0,0,1,0,0
TXN_3414935,4.0,2.0,8.0,2023-08-03,8,3,3,1,0,0,0,0,0,0,0,1,0
TXN_3416466,2.0,3.0,6.0,2023-09-13,9,13,2,0,0,1,0,0,0,0,0,1,1
TXN_3418612,3.0,1.5,4.5,2023-01-31,1,31,1,0,0,0,0,0,0,1,0,1,0
TXN_3419352,3.0,5.0,15.0,2023-10-22,10,22,6,0,0,0,1,0,0,0,0,1,0
TXN_3420316,3.0,4.0,12.0,2023-10-31,10,31,1,0,0,0,0,1,0,0,0,1,1
TXN_3420633,4.0,5.0,20.0,2023-04-11,4,11,1,0,0,0,1,0,0,0,0,1,1
TXN_3421079,1.0,4.0,4.0,2023-12-18,12,18,0,0,0,0,0,0,1,0,1,0,0
TXN_3421404,4.0,4.0,16.0,2023-05-05,5,5,4,0,0,0,0,0,1,0,1,0,1
TXN_3421456,1.0,3.0,3.0,2023-09-05,9,5,1,0,0,0,0,0,0,0,1,0,0
TXN_3422336,5.0,1.5,7.5,2023-08-02,8,2,2,0,0,0,0,0,0,1,0,1,1
TXN_3422759,5.0,5.0,25.0,2023-02-19,2,19,6,0,0,0,1,0,0,0,1,0,1
TXN_3422774,2.0,4.0,8.0,2023-07-09,7,9,6,0,0,0,0,0,1,0,0,1,0
TXN_3423451,4.0,5.0,20.0,2023-10-11,10,11,2,0,0,0,1,0,0,0,0,0,1
TXN_3424331,4.0,3.0,12.0,2023-01-18,1,18,2,0,0,0,0,0,0,0,0,1,1
TXN_3425783,2.0,3.0,6.0,2023-06-15,6,15,3,0,0,1,0,0,0,0,0,1,1
TXN_3426338,1.0,5.0,5.0,2023-07-31,7,31,0,0,0,0,1,0,0,0,0,0,0
TXN_3426892,4.0,5.0,20.0,2023-05-23,5,23,1,0,0,0,1,0,0,0,1,0,1
TXN_3427754,2.0,4.0,8.0,2023-08-06,8,6,6,0,0,0,0,0,1,0,0,1,1
TXN_3427950,5.0,4.0,20.0,2023-02-23,2,23,3,0,0,0,0,0,1,0,0,0,0
TXN_3429942,3.0,4.0,12.0,2023-04-24,4,24,0,0,0,0,0,0,1,0,0,1,0
TXN_3430805,4.0,3.0,12.0,2023-11-12,11,12,6,0,0,1,0,0,0,0,1,0,1
TXN_3430842,2.0,1.0,2.0,2023-08-02,8,2,2,0,1,0,0,0,0,0,0,0,1
TXN_3431526,3.0,1.0,3.0,2023-12-27,12,27,2,0,1,0,0,0,0,0,1,0,1
TXN_3431892,2.0,3.0,6.0,2023-07-18,7,18,1,0,0,0,0,0,0,0,0,1,0
TXN_3432433,5.0,1.0,5.0,2023-02-19,2,19,6,0,1,0,0,0,0,0,0,0,0
TXN_3432879,5.0,3.0,15.0,2023-02-05,2,5,6,0,0,0,0,0,0,0,1,0,1
TXN_3434549,5.0,4.0,20.0,2023-05-25,5,25,3,0,0,0,0,1,0,0,1,0,1
TXN_3435509,1.0,4.0,4.0,2023-08-19,8,19,5,0,0,0,0,1,0,0,0,0,1
TXN_3436344,2.0,4.0,8.0,2023-02-28,2,28,1,0,0,0,0,0,1,0,0,1,0
TXN_3436462,2.0,5.0,10.0,2023-06-29,6,29,3,0,0,0,1,0,0,0,1,0,0
TXN_3437948,2.0,4.0,8.0,2023-11-02,11,2,3,0,0,0,0,0,1,0,0,0,1
TXN_3439155,3.0,5.0,15.0,2023-07-30,7,30,6,0,0,0,1,0,0,0,0,1,1
TXN_3439712,4.0,3.0,12.0,2023-04-04,4,4,1,0,0,1,0,0,0,0,0,1,0
TXN_3440463,1.0,3.0,3.0,2023-04-04,4,4,1,0,0,0,0,0,0,0,1,0,1
TXN_3440487,5.0,2.0,10.0,2023-10-22,10,22,6,1,0,0,0,0,0,0,0,0,0
TXN_3441457,2.0,5.0,10.0,2023-10-20,10,20,4,0,0,0,1,0,0,0,0,1,0
TXN_3442244,4.0,3.0,12.0,2023-05-13,5,13,5,0,0,0,0,0,0,0,1,0,1
TXN_3442435,2.0,4.0,8.0,2023-04-01,4,1,5,0,0,0,0,0,1,0,0,1,0
TXN_3443235,5.0,4.0,20.0,2023-10-11,10,11,2,0,0,0,0,1,0,0,0,1,1
TXN_3444519,4.0,1.0,4.0,2023-03-10,3,10,4,0,1,0,0,0,0,0,0,1,1
TXN_3444569,1.0,4.0,4.0,2023-10-07,10,7,5,0,0,0,0,0,1,0,1,0,1
TXN_3446033,3.0,1.0,3.0,2023-02-15,2,15,2,0,1,0,0,0,0,0,1,0,1
TXN_3446174,5.0,3.0,15.0,2023-10-31,10,31,1,0,0,0,0,0,0,0,0,0,0
TXN_3446643,1.0,4.0,4.0,2023-06-01,6,1,3,0,0,0,0,0,1,0,0,0,0
TXN_3447069,2.0,3.0,6.0,2023-03-11,3,11,5,0,0,1,0,0,0,0,1,0,0
TXN_3447575,4.0,4.0,16.0,2023-01-17,1,17,1,0,0,0,0,1,0,0,1,0,1
TXN_3447594,1.0,5.0,5.0,2023-02-24,2,24,4,0,0,0,1,0,0,0,0,1,0
TXN_3450160,4.0,3.0,12.0,2023-10-23,10,23,0,0,0,0,0,0,0,0,1,0,0
TXN_3450880,3.0,1.5,4.5,2023-05-29,5,29,0,0,0,0,0,0,0,1,0,1,0
TXN_3451212,3.0,3.0,9.0,2023-01-29,1,29,6,0,0,0,0,0,0,0,0,1,1
TXN_3454877,5.0,4.0,20.0,2023-04-19,4,19,2,0,0,0,0,1,0,0,1,0,1
TXN_3454881,1.0,5.0,5.0,2023-11-29,11,29,2,0,0,0,1,0,0,0,0,0,0
TXN_3455103,1.0,5.0,5.0,2023-04-22,4,22,5,0,0,0,1,0,0,0,0,1,1
TXN_3455415,2.0,1.0,2.0,2023-03-31,3,31,4,0,1,0,0,0,0,0,1,0,1
TXN_3455702,1.0,5.0,5.0,2023-03-23,3,23,3,0,0,0,1,0,0,0,0,0,1
TXN_3456242,5.0,4.0,20.0,2023-04-28,4,28,4,0,0,0,0,1,0,0,1,0,1
TXN_3456748,2.0,3.0,6.0,2023-01-30,1,30,0,0,0,1,0,0,0,0,0,0,0
TXN_3458602,2.0,3.0,6.0,2023-11-18,11,18,5,0,0,0,0,0,0,0,0,0,0
TXN_3459152,3.0,3.0,9.0,2023-06-28,6,28,2,0,0,0,0,0,0,0,0,1,1
TXN_3459927,5.0,1.0,5.0,2023-07-20,7,20,3,0,1,0,0,0,0,0,0,1,0
TXN_3460926,3.0,3.0,9.0,2023-03-25,3,25,5,0,0,1,0,0,0,0,0,1,1
TXN_3461209,4.0,3.0,12.0,2023-04-26,4,26,2,0,0,1,0,0,0,0,1,0,0
TXN_3462602,3.0,3.0,9.0,2023-08-27,8,27,6,0,0,0,0,0,0,0,1,0,0
TXN_3463281,5.0,3.0,15.0,2023-10-06,10,6,4,0,0,0,0,0,0,0,0,1,1
TXN_3463337,5.0,3.0,15.0,2023-09-20,9,20,2,0,0,1,0,0,0,0,1,0,0
TXN_3463568,2.0,5.0,10.0,2023-04-12,4,12,2,0,0,0,1,0,0,0,0,1,0
TXN_3463928,4.0,1.5,6.0,2023-06-07,6,7,2,0,0,0,0,0,0,1,1,0,0
TXN_3465980,4.0,1.0,4.0,2023-07-08,7,8,5,0,1,0,0,0,0,0,0,0,1
TXN_3466686,3.0,4.0,12.0,2023-09-03,9,3,6,0,0,0,0,0,1,0,0,1,1
TXN_3467985,3.0,4.0,12.0,2023-12-10,12,10,6,0,0,0,0,1,0,0,0,0,1
TXN_3468006,3.0,4.0,12.0,2023-07-28,7,28,4,0,0,0,0,0,1,0,1,0,1
TXN_3469469,1.0,1.0,1.0,2023-10-25,10,25,2,0,1,0,0,0,0,0,0,1,0
TXN_3471223,1.0,2.0,2.0,2023-10-08,10,8,6,1,0,0,0,0,0,0,0,1,0
TXN_3472433,4.0,2.0,8.0,2023-10-29,10,29,6,1,0,0,0,0,0,0,1,0,1
TXN_3472707,2.0,4.0,8.0,2023-03-26,3,26,6,0,0,0,0,1,0,0,0,0,1
TXN_3474333,3.0,3.0,9.0,2023-01-13,1,13,4,0,0,1,0,0,0,0,1,0,1
TXN_3475342,3.0,3.0,9.0,2023-04-24,4,24,0,0,0,1,0,0,0,0,0,1,0
TXN_3477101,4.0,1.0,4.0,2023-05-02,5,2,1,0,1,0,0,0,0,0,0,1,1
TXN_3477975,4.0,4.0,16.0,2023-02-26,2,26,6,0,0,0,0,1,0,0,0,1,1
TXN_3478169,2.0,3.0,6.0,2023-02-03,2,3,4,0,0,1,0,0,0,0,0,0,0
TXN_3478329,3.0,1.5,4.5,2023-10-29,10,29,6,0,0,0,0,0,0,1,0,1,0
TXN_3480278,4.0,4.0,16.0,2023-12-26,12,26,1,0,0,0,0,0,1,0,0,1,0
TXN_3480562,5.0,2.0,10.0,2023-12-24,12,24,6,1,0,0,0,0,0,0,0,0,1
TXN_3481470,4.0,5.0,20.0,2023-12-24,12,24,6,0,0,0,1,0,0,0,1,0,0
TXN_3482117,2.0,4.0,8.0,2023-07-18,7,18,1,0,0,0,0,1,0,0,0,1,1
TXN_3483570,2.0,4.0,8.0,2023-03-21,3,21,1,0,0,0,0,1,0,0,0,1,1
TXN_3483911,1.0,5.0,5.0,2023-07-10,7,10,0,0,0,0,1,0,0,0,0,1,1
TXN_3484190,5.0,2.0,10.0,2023-12-27,12,27,2,1,0,0,0,0,0,0,0,1,0
TXN_3484276,5.0,1.0,5.0,2023-06-14,6,14,2,0,1,0,0,0,0,0,0,1,1
TXN_3484520,3.0,3.0,9.0,2023-08-15,8,15,1,0,0,1,0,0,0,0,1,0,1
TXN_3485502,2.0,3.0,6.0,2023-12-25,12,25,0,0,0,1,0,0,0,0,0,0,1
TXN_3485938,4.0,5.0,20.0,2023-05-28,5,28,6,0,0,0,1,0,0,0,0,0,1
TXN_3486178,5.0,3.0,15.0,2023-06-09,6,9,4,0,0,0,0,0,0,0,0,0,0
TXN_3486548,1.0,1.5,1.5,2023-07-08,7,8,5,0,0,0,0,0,0,1,0,1,1
TXN_3487896,5.0,2.0,10.0,2023-01-09,1,9,0,1,0,0,0,0,0,0,1,0,1
TXN_3488082,1.0,4.0,4.0,2023-04-12,4,12,2,0,0,0,0,1,0,0,0,1,0
TXN_3488590,2.0,1.0,2.0,2023-12-28,12,28,3,0,1,0,0,0,0,0,1,0,1
TXN_3488611,1.0,1.5,1.5,2023-02-13,2,13,0,0,0,0,0,0,0,1,0,0,0
TXN_3489721,3.0,2.0,6.0,2023-09-27,9,27,2,1,0,0,0,0,0,0,0,0,0
TXN_3489940,3.0,1.0,3.0,2023-12-15,12,15,4,0,1,0,0,0,0,0,1,0,1
TXN_3490516,5.0,2.0,10.0,2023-04-28,4,28,4,1,0,0,0,0,0,0,0,1,0
TXN_3492393,1.0,2.0,2.0,2023-05-29,5,29,0,1,0,0,0,0,0,0,0,1,0
TXN_3492861,5.0,1.0,5.0,2023-11-09,11,9,3,0,1,0,0,0,0,0,0,0,1
TXN_3493771,2.0,3.0,6.0,2023-02-13,2,13,0,0,0,0,0,0,0,0,0,1,1
TXN_3493951,5.0,4.0,20.0,2023-08-20,8,20,6,0,0,0,0,0,1,0,0,0,1
TXN_3494014,1.0,3.0,3.0,2023-06-09,6,9,4,0,0,0,0,0,0,0,1,0,0
TXN_3494191,2.0,4.0,8.0,2023-01-08,1,8,6,0,0,0,0,0,1,0,1,0,0
TXN_3494565,2.0,4.0,8.0,2023-07-10,7,10,0,0,0,0,0,1,0,0,0,1,1
TXN_3494652,1.0,2.0,2.0,2023-05-23,5,23,1,1,0,0,0,0,0,0,0,1,1
TXN_3495950,4.0,1.5,6.0,2023-02-19,2,19,6,0,0,0,0,0,0,1,1,0,0
TXN_3497691,4.0,4.0,16.0,2023-09-06,9,6,2,0,0,0,0,0,1,0,1,0,0
TXN_3499124,4.0,4.0,16.0,2023-08-25,8,25,4,0,0,0,0,1,0,0,1,0,0
TXN_3499226,1.0,3.0,3.0,2023-09-08,9,8,4,0,0,1,0,0,0,0,1,0,1
TXN_3499910,4.0,1.0,4.0,2023-09-29,9,29,4,0,1,0,0,0,0,0,1,0,1
TXN_3500571,3.0,3.0,9.0,2023-05-03,5,3,2,0,0,1,0,0,0,0,0,1,1
TXN_3502394,3.0,2.0,6.0,2023-09-02,9,2,5,1,0,0,0,0,0,0,1,0,0
TXN_3502743,5.0,4.0,20.0,2023-02-28,2,28,1,0,0,0,0,1,0,0,0,1,1
TXN_3504925,5.0,4.0,20.0,2023-09-21,9,21,3,0,0,0,0,0,1,0,0,0,0
TXN_3507013,1.0,3.0,3.0,2023-01-16,1,16,0,0,0,1,0,0,0,0,0,1,0
TXN_3507334,4.0,3.0,12.0,2023-05-05,5,5,4,0,0,1,0,0,0,0,0,0,1
TXN_3508619,4.0,4.0,16.0,2023-09-04,9,4,0,0,0,0,0,0,1,0,0,1,0
TXN_3509437,4.0,4.0,16.0,2023-12-06,12,6,2,0,0,0,0,1,0,0,0,1,0
TXN_3509609,3.0,4.0,12.0,2023-12-25,12,25,0,0,0,0,0,0,1,0,0,1,1
TXN_3512545,4.0,1.0,4.0,2023-08-08,8,8,1,0,1,0,0,0,0,0,1,0,0
TXN_3512665,5.0,5.0,25.0,2023-10-16,10,16,0,0,0,0,1,0,0,0,1,0,1
TXN_3514492,3.0,3.0,9.0,2023-02-23,2,23,3,0,0,1,0,0,0,0,0,1,0
TXN_3514890,5.0,4.0,20.0,2023-08-02,8,2,2,0,0,0,0,0,1,0,0,1,0
TXN_3515664,2.0,2.0,4.0,2023-09-25,9,25,0,1,0,0,0,0,0,0,0,0,1
TXN_3515730,1.0,1.0,1.0,2023-08-14,8,14,0,0,1,0,0,0,0,0,1,0,0
TXN_3516263,2.0,3.0,6.0,2023-09-23,9,23,5,0,0,0,0,0,0,0,0,1,0
TXN_3516296,3.0,4.0,12.0,2023-05-29,5,29,0,0,0,0,0,1,0,0,0,1,0
TXN_3518261,2.0,4.0,8.0,2023-08-05,8,5,5,0,0,0,0,1,0,0,0,1,1
TXN_3518789,2.0,2.0,4.0,2023-12-01,12,1,4,1,0,0,0,0,0,0,0,1,1
TXN_3519066,1.0,3.0,3.0,2023-11-08,11,8,2,0,0,0,0,0,0,0,0,1,1
TXN_3520908,3.0,4.0,12.0,2023-08-01,8,1,1,0,0,0,0,1,0,0,0,1,1
TXN_3520910,1.0,5.0,5.0,2023-05-06,5,6,5,0,0,0,1,0,0,0,1,0,1
TXN_3520982,5.0,5.0,25.0,2023-10-26,10,26,3,0,0,0,1,0,0,0,0,1,1
TXN_3521791,1.0,2.0,2.0,2023-06-11,6,11,6,1,0,0,0,0,0,0,0,1,1
TXN_3522028,5.0,4.0,20.0,2023-04-04,4,4,1,0,0,0,0,0,1,0,0,0,0
TXN_3522385,4.0,4.0,16.0,2023-03-19,3,19,6,0,0,0,0,0,1,0,1,0,1
TXN_3522597,3.0,1.5,4.5,2023-02-04,2,4,5,0,0,0,0,0,0,1,0,1,0
TXN_3524464,4.0,4.0,16.0,2023-08-31,8,31,3,0,0,0,0,0,1,0,1,0,1
TXN_3526095,3.0,4.0,12.0,2023-08-30,8,30,2,0,0,0,0,1,0,0,0,0,1
TXN_3526255,4.0,4.0,16.0,2023-06-23,6,23,4,0,0,0,0,0,1,0,0,1,1
TXN_3528020,1.0,1.0,1.0,2023-08-26,8,26,5,0,1,0,0,0,0,0,0,1,1
TXN_3528599,1.0,1.0,1.0,2023-12-09,12,9,5,0,1,0,0,0,0,0,0,0,0
TXN_3528653,1.0,3.0,3.0,2023-02-26,2,26,6,0,0,0,0,0,0,0,0,0,1
TXN_3529354,2.0,3.0,6.0,2023-09-06,9,6,2,0,0,1,0,0,0,0,1,0,1
TXN_3530118,5.0,3.0,15.0,2023-11-14,11,14,1,0,0,0,0,0,0,0,0,1,0
TXN_3530720,5.0,4.0,20.0,2023-10-18,10,18,2,0,0,0,0,0,1,0,0,1,0
TXN_3534536,1.0,2.0,2.0,2023-02-02,2,2,3,1,0,0,0,0,0,0,1,0,0
TXN_3534588,1.0,5.0,5.0,2023-07-05,7,5,2,0,0,0,1,0,0,0,0,0,0
TXN_3536893,2.0,5.0,10.0,2023-05-16,5,16,1,0,0,0,1,0,0,0,0,1,1
TXN_3539062,2.0,5.0,10.0,2023-10-04,10,4,2,0,0,0,1,0,0,0,0,1,0
TXN_3540841,3.0,1.5,4.5,2023-03-22,3,22,2,0,0,0,0,0,0,1,1,0,0
TXN_3541304,3.0,4.0,12.0,2023-04-22,4,22,5,0,0,0,0,1,0,0,0,0,0
TXN_3541337,4.0,1.0,4.0,2023-09-01,9,1,4,0,1,0,0,0,0,0,0,1,1
TXN_3542902,1.0,4.0,4.0,2023-06-10,6,10,5,0,0,0,0,0,1,0,0,1,0
TXN_3543133,2.0,1.5,3.0,2023-04-08,4,8,5,0,0,0,0,0,0,1,0,1,1
TXN_3543930,2.0,3.0,6.0,2023-10-10,10,10,1,0,0,1,0,0,0,0,1,0,1
TXN_3544380,1.0,3.0,3.0,2023-09-13,9,13,2,0,0,1,0,0,0,0,1,0,0
TXN_3544789,4.0,1.5,6.0,2023-07-14,7,14,4,0,0,0,0,0,0,1,0,1,0
TXN_3544792,1.0,4.0,4.0,2023-06-27,6,27,1,0,0,0,0,1,0,0,0,1,0
TXN_3546261,3.0,1.5,4.5,2023-03-20,3,20,0,0,0,0,0,0,0,1,0,1,1
TXN_3546303,2.0,1.5,3.0,2023-09-11,9,11,0,0,0,0,0,0,0,1,0,1,1
TXN_3546629,5.0,3.0,15.0,2023-03-04,3,4,5,0,0,1,0,0,0,0,0,1,0
TXN_3547013,3.0,1.5,4.5,2023-04-26,4,26,2,0,0,0,0,0,0,1,0,1,0
TXN_3547569,4.0,4.0,16.0,2023-08-04,8,4,4,0,0,0,0,0,1,0,0,1,0
TXN_3547825,3.0,1.0,3.0,2023-09-04,9,4,0,0,1,0,0,0,0,0,0,0,1
TXN_3548756,3.0,3.0,9.0,2023-02-24,2,24,4,0,0,1,0,0,0,0,0,1,0
TXN_3548788,4.0,5.0,20.0,2023-02-22,2,22,2,0,0,0,1,0,0,0,0,1,0
TXN_3549667,3.0,4.0,12.0,2023-01-29,1,29,6,0,0,0,0,1,0,0,0,1,1
TXN_3550177,5.0,5.0,25.0,2023-09-13,9,13,2,0,0,0,1,0,0,0,0,0,1
TXN_3551665,4.0,3.0,12.0,2023-04-06,4,6,3,0,0,1,0,0,0,0,1,0,0
TXN_3554772,3.0,1.5,4.5,2023-10-06,10,6,4,0,0,0,0,0,0,1,1,0,0
TXN_3555821,3.0,4.0,12.0,2023-07-12,7,12,2,0,0,0,0,1,0,0,0,1,0
TXN_3557583,5.0,4.0,20.0,2023-07-26,7,26,2,0,0,0,0,0,1,0,1,0,1
TXN_3558795,1.0,4.0,4.0,2023-05-30,5,30,1,0,0,0,0,0,1,0,0,0,0
TXN_3560062,1.0,1.0,1.0,2023-03-20,3,20,0,0,1,0,0,0,0,0,0,0,0
TXN_3561149,4.0,3.0,12.0,2023-05-20,5,20,5,0,0,1,0,0,0,0,0,1,1
TXN_3561451,4.0,5.0,20.0,2023-05-31,5,31,2,0,0,0,1,0,0,0,1,0,1
TXN_3562332,5.0,5.0,25.0,2023-06-20,6,20,1,0,0,0,1,0,0,0,0,0,1
TXN_3562350,2.0,2.0,4.0,2023-02-04,2,4,5,1,0,0,0,0,0,0,0,1,1
TXN_3562418,2.0,4.0,8.0,2023-08-13,8,13,6,0,0,0,0,1,0,0,0,1,0
TXN_3564954,4.0,4.0,16.0,2023-03-09,3,9,3,0,0,0,0,0,1,0,0,0,0
TXN_3567645,4.0,4.0,16.0,2023-03-30,3,30,3,0,0,0,0,0,1,0,1,0,1
TXN_3572190,5.0,2.0,10.0,2023-03-05,3,5,6,1,0,0,0,0,0,0,1,0,1
TXN_3574059,1.0,3.0,3.0,2023-01-18,1,18,2,0,0,0,0,0,0,0,0,1,0
TXN_3575713,1.0,1.5,1.5,2023-02-18,2,18,5,0,0,0,0,0,0,1,0,0,1
TXN_3577482,4.0,3.0,12.0,2023-06-01,6,1,3,0,0,1,0,0,0,0,0,1,1
TXN_3577683,2.0,1.0,2.0,2023-09-17,9,17,6,0,1,0,0,0,0,0,0,1,0
TXN_3577949,3.0,3.0,9.0,2023-04-25,4,25,1,0,0,0,0,0,0,0,0,1,1
TXN_3578141,5.0,3.0,15.0,2023-06-27,6,27,1,0,0,0,0,0,0,0,1,0,1
TXN_3578712,5.0,1.5,7.5,2023-08-15,8,15,1,0,0,0,0,0,0,1,1,0,0
TXN_3580048,5.0,4.0,20.0,2023-05-17,5,17,2,0,0,0,0,0,1,0,0,1,1
TXN_3580786,1.0,1.5,1.5,2023-03-28,3,28,1,0,0,0,0,0,0,1,0,1,0
TXN_3584252,2.0,5.0,10.0,2023-12-19,12,19,1,0,0,0,1,0,0,0,0,1,1
TXN_3585097,3.0,2.0,6.0,2023-05-31,5,31,2,1,0,0,0,0,0,0,0,1,1
TXN_3585464,3.0,1.0,3.0,2023-09-12,9,12,1,0,1,0,0,0,0,0,0,1,1
TXN_3585602,2.0,3.0,6.0,2023-04-17,4,17,0,0,0,1,0,0,0,0,0,0,0
TXN_3586768,2.0,2.0,4.0,2023-05-23,5,23,1,1,0,0,0,0,0,0,0,1,0
TXN_3586935,5.0,5.0,25.0,2023-05-21,5,21,6,0,0,0,1,0,0,0,0,0,1
TXN_3587444,2.0,3.0,6.0,2023-02-03,2,3,4,0,0,1,0,0,0,0,1,0,1
TXN_3587915,2.0,5.0,10.0,2023-06-24,6,24,5,0,0,0,1,0,0,0,0,1,1
TXN_3587916,3.0,5.0,15.0,2023-07-09,7,9,6,0,0,0,1,0,0,0,0,0,0
TXN_3589166,1.0,1.5,1.5,2023-02-02,2,2,3,0,0,0,0,0,0,1,0,1,0
TXN_3589218,2.0,5.0,10.0,2023-06-21,6,21,2,0,0,0,1,0,0,0,1,0,0
TXN_3593060,4.0,4.0,16.0,2023-03-05,3,5,6,0,0,0,0,0,1,0,0,0,0
TXN_3594827,5.0,3.0,15.0,2023-03-09,3,9,3,0,0,1,0,0,0,0,0,1,0
TXN_3595118,2.0,3.0,6.0,2023-02-03,2,3,4,0,0,1,0,0,0,0,0,0,0
TXN_3595735,4.0,1.5,6.0,2023-03-26,3,26,6,0,0,0,0,0,0,1,0,1,1
TXN_3596270,4.0,2.0,8.0,2023-05-05,5,5,4,1,0,0,0,0,0,0,1,0,1
TXN_3597656,4.0,2.0,8.0,2023-04-03,4,3,0,1,0,0,0,0,0,0,0,1,0
TXN_3597806,3.0,1.0,3.0,2023-12-11,12,11,0,0,1,0,0,0,0,0,1,0,0
TXN_3599216,1.0,1.5,1.5,2023-09-21,9,21,3,0,0,0,0,0,0,1,0,0,0
TXN_3599473,2.0,2.0,4.0,2023-08-29,8,29,1,1,0,0,0,0,0,0,0,0,0
TXN_3600632,4.0,2.0,8.0,2023-12-09,12,9,5,1,0,0,0,0,0,0,0,0,1
TXN_3601338,3.0,3.0,9.0,2023-03-06,3,6,0,0,0,0,0,0,0,0,1,0,1
TXN_3601382,3.0,5.0,15.0,2023-02-12,2,12,6,0,0,0,1,0,0,0,0,1,1
TXN_3602272,3.0,4.0,12.0,2023-02-15,2,15,2,0,0,0,0,0,1,0,0,1,1
TXN_3602823,4.0,2.0,8.0,2023-08-26,8,26,5,1,0,0,0,0,0,0,0,1,1
TXN_3603434,5.0,2.0,10.0,2023-01-05,1,5,3,1,0,0,0,0,0,0,0,1,0
TXN_3604017,4.0,3.0,12.0,2023-09-21,9,21,3,0,0,0,0,0,0,0,0,1,0
TXN_3604156,5.0,2.0,10.0,2023-11-08,11,8,2,1,0,0,0,0,0,0,1,0,1
TXN_3605929,2.0,4.0,8.0,2023-04-26,4,26,2,0,0,0,0,0,1,0,1,0,0
TXN_3607652,4.0,5.0,20.0,2023-06-05,6,5,0,0,0,0,1,0,0,0,0,1,0
TXN_3607778,2.0,4.0,8.0,2023-11-20,11,20,0,0,0,0,0,0,1,0,0,0,0
TXN_3608237,1.0,5.0,5.0,2023-11-26,11,26,6,0,0,0,1,0,0,0,0,1,1
TXN_3611851,4.0,2.0,8.0,2023-02-09,2,9,3,1,0,0,0,0,0,0,1,0,0
TXN_3612790,1.0,4.0,4.0,2023-09-01,9,1,4,0,0,0,0,0,1,0,1,0,1
TXN_3613385,3.0,1.0,3.0,2023-05-26,5,26,4,0,1,0,0,0,0,0,0,1,1
TXN_3615483,2.0,4.0,8.0,2023-09-08,9,8,4,0,0,0,0,1,0,0,0,1,1
TXN_3616362,5.0,4.0,20.0,2023-12-02,12,2,5,0,0,0,0,0,1,0,0,1,0
TXN_3616839,4.0,3.0,12.0,2023-04-01,4,1,5,0,0,0,0,0,0,0,0,1,1
TXN_3617989,3.0,4.0,12.0,2023-09-29,9,29,4,0,0,0,0,1,0,0,1,0,1
TXN_3618603,4.0,5.0,20.0,2023-03-19,3,19,6,0,0,0,1,0,0,0,0,0,1
TXN_3619141,4.0,1.0,4.0,2023-09-30,9,30,5,0,1,0,0,0,0,0,0,1,0
TXN_3620110,1.0,2.0,2.0,2023-06-01,6,1,3,1,0,0,0,0,0,0,0,1,1
TXN_3620122,1.0,4.0,4.0,2023-05-06,5,6,5,0,0,0,0,1,0,0,0,0,0
TXN_3620213,2.0,2.0,4.0,2023-09-09,9,9,5,1,0,0,0,0,0,0,1,0,0
TXN_3622194,1.0,3.0,3.0,2023-06-26,6,26,0,0,0,0,0,0,0,0,0,1,1
TXN_3628056,4.0,3.0,12.0,2023-07-09,7,9,6,0,0,0,0,0,0,0,0,0,0
TXN_3628566,5.0,2.0,10.0,2023-08-17,8,17,3,1,0,0,0,0,0,0,0,1,1
TXN_3629351,1.0,3.0,3.0,2023-07-21,7,21,4,0,0,0,0,0,0,0,0,1,0
TXN_3629728,1.0,4.0,4.0,2023-03-11,3,11,5,0,0,0,0,0,1,0,0,1,1
TXN_3630892,4.0,1.0,4.0,2023-01-31,1,31,1,0,1,0,0,0,0,0,1,0,1
TXN_3630981,2.0,2.0,4.0,2023-10-31,10,31,1,1,0,0,0,0,0,0,0,0,0
TXN_3632064,5.0,1.0,5.0,2023-02-12,2,12,6,0,1,0,0,0,0,0,0,0,0
TXN_3632068,2.0,3.0,6.0,2023-08-29,8,29,1,0,0,0,0,0,0,0,0,0,1
TXN_3632558,2.0,2.0,4.0,2023-08-10,8,10,3,1,0,0,0,0,0,0,0,0,1
TXN_3633955,4.0,4.0,16.0,2023-09-20,9,20,2,0,0,0,0,1,0,0,0,0,0
TXN_3634860,5.0,3.0,15.0,2023-05-28,5,28,6,0,0,1,0,0,0,0,1,0,0
TXN_3635628,3.0,4.0,12.0,2023-10-28,10,28,5,0,0,0,0,1,0,0,0,1,0
TXN_3635874,2.0,4.0,8.0,2023-03-16,3,16,3,0,0,0,0,1,0,0,0,0,0
TXN_3638955,2.0,1.0,2.0,2023-09-02,9,2,5,0,1,0,0,0,0,0,0,0,1
TXN_3639760,5.0,3.0,15.0,2023-01-29,1,29,6,0,0,0,0,0,0,0,1,0,1
TXN_3641001,3.0,4.0,12.0,2023-11-10,11,10,4,0,0,0,0,0,1,0,0,1,1
TXN_3641356,3.0,3.0,9.0,2023-07-26,7,26,2,0,0,1,0,0,0,0,1,0,0
TXN_3641519,5.0,1.0,5.0,2023-06-08,6,8,3,0,1,0,0,0,0,0,0,1,0
TXN_3642052,1.0,3.0,3.0,2023-07-19,7,19,2,0,0,0,0,0,0,0,0,1,1
TXN_3642982,5.0,2.0,10.0,2023-10-04,10,4,2,1,0,0,0,0,0,0,0,0,0
TXN_3643348,4.0,4.0,16.0,2023-09-06,9,6,2,0,0,0,0,1,0,0,0,1,0
TXN_3643361,1.0,1.5,1.5,2023-01-12,1,12,3,0,0,0,0,0,0,1,0,0,1
TXN_3644269,5.0,1.0,5.0,2023-09-26,9,26,1,0,1,0,0,0,0,0,1,0,1
TXN_3645674,4.0,1.5,6.0,2023-07-18,7,18,1,0,0,0,0,0,0,1,0,0,1
TXN_3645818,1.0,1.0,1.0,2023-03-18,3,18,5,0,1,0,0,0,0,0,0,1,1
TXN_3646359,2.0,5.0,10.0,2023-07-23,7,23,6,0,0,0,1,0,0,0,1,0,1
TXN_3647474,4.0,2.0,8.0,2023-05-05,5,5,4,1,0,0,0,0,0,0,0,1,1
TXN_3648160,5.0,2.0,10.0,2023-12-03,12,3,6,1,0,0,0,0,0,0,0,1,1
TXN_3648327,1.0,3.0,3.0,2023-08-17,8,17,3,0,0,0,0,0,0,0,0,1,1
TXN_3649492,4.0,5.0,20.0,2023-12-01,12,1,4,0,0,0,1,0,0,0,0,1,0
TXN_3651337,4.0,4.0,16.0,2023-10-25,10,25,2,0,0,0,0,0,1,0,0,0,0
TXN_3651743,5.0,3.0,15.0,2023-04-24,4,24,0,0,0,0,0,0,0,0,0,0,0
TXN_3652726,3.0,4.0,12.0,2023-08-03,8,3,3,0,0,0,0,1,0,0,0,1,0
TXN_3653328,4.0,1.0,4.0,2023-06-27,6,27,1,0,1,0,0,0,0,0,0,1,0
TXN_3653560,4.0,2.0,8.0,2023-07-01,7,1,5,1,0,0,0,0,0,0,0,1,1
TXN_3654203,1.0,2.0,2.0,2023-04-21,4,21,4,1,0,0,0,0,0,0,0,1,0
TXN_3654299,1.0,2.0,2.0,2023-09-19,9,19,1,1,0,0,0,0,0,0,0,0,1
TXN_3654670,1.0,3.0,3.0,2023-06-14,6,14,2,0,0,1,0,0,0,0,1,0,1
TXN_3655322,3.0,3.0,9.0,2023-10-03,10,3,1,0,0,1,0,0,0,0,0,1,1
TXN_3655950,1.0,1.0,1.0,2023-11-25,11,25,5,0,1,0,0,0,0,0,1,0,0
TXN_3656762,2.0,4.0,8.0,2023-07-31,7,31,0,0,0,0,0,1,0,0,0,1,1
TXN_3656884,5.0,2.0,10.0,2023-10-08,10,8,6,1,0,0,0,0,0,0,1,0,0
TXN_3658211,4.0,3.0,12.0,2023-04-02,4,2,6,0,0,0,0,0,0,0,0,0,1
TXN_3659483,3.0,4.0,12.0,2023-05-14,5,14,6,0,0,0,0,0,1,0,0,0,1
TXN_3660227,4.0,3.0,12.0,2023-05-13,5,13,5,0,0,1,0,0,0,0,1,0,1
TXN_3660806,5.0,1.0,5.0,2023-02-14,2,14,1,0,1,0,0,0,0,0,0,1,1
TXN_3660999,3.0,3.0,9.0,2023-02-02,2,2,3,0,0,0,0,0,0,0,0,1,1
TXN_3661311,2.0,3.0,6.0,2023-04-30,4,30,6,0,0,1,0,0,0,0,0,1,1
TXN_3663592,2.0,4.0,8.0,2023-08-26,8,26,5,0,0,0,0,0,1,0,0,1,1
TXN_3663712,4.0,1.5,6.0,2023-09-22,9,22,4,0,0,0,0,0,0,1,0,1,1
TXN_3664656,5.0,1.0,5.0,2023-08-13,8,13,6,0,1,0,0,0,0,0,0,1,1
TXN_3665727,1.0,1.0,1.0,2023-10-13,10,13,4,0,1,0,0,0,0,0,0,1,0
TXN_3666858,4.0,3.0,12.0,2023-12-27,12,27,2,0,0,0,0,0,0,0,1,0,0
TXN_3666951,2.0,3.0,6.0,2023-01-06,1,6,4,0,0,1,0,0,0,0,0,1,0
TXN_3668051,1.0,3.0,3.0,2023-11-17,11,17,4,0,0,0,0,0,0,0,0,1,1
TXN_3669068,5.0,3.0,15.0,2023-01-17,1,17,1,0,0,0,0,0,0,0,0,0,1
TXN_3669866,3.0,1.5,4.5,2023-05-10,5,10,2,0,0,0,0,0,0,1,0,1,0
TXN_3669990,2.0,1.5,3.0,2023-01-27,1,27,4,0,0,0,0,0,0,1,0,0,1
TXN_3670041,3.0,4.0,12.0,2023-03-22,3,22,2,0,0,0,0,0,1,0,0,1,0
TXN_3670103,2.0,1.5,3.0,2023-04-30,4,30,6,0,0,0,0,0,0,1,0,1,0
TXN_3670298,4.0,1.0,4.0,2023-02-04,2,4,5,0,1,0,0,0,0,0,1,0,1
TXN_3670476,3.0,1.5,4.5,2023-03-25,3,25,5,0,0,0,0,0,0,1,0,0,1
TXN_3670939,3.0,1.5,4.5,2023-07-13,7,13,3,0,0,0,0,0,0,1,0,0,0
TXN_3672345,3.0,1.5,4.5,2023-10-17,10,17,1,0,0,0,0,0,0,1,1,0,1
TXN_3673322,2.0,5.0,10.0,2023-04-24,4,24,0,0,0,0,1,0,0,0,1,0,1
TXN_3676019,4.0,3.0,12.0,2023-11-07,11,7,1,0,0,1,0,0,0,0,0,1,0
TXN_3676131,3.0,2.0,6.0,2023-09-11,9,11,0,1,0,0,0,0,0,0,0,0,0
TXN_3676305,5.0,5.0,25.0,2023-06-14,6,14,2,0,0,0,1,0,0,0,1,0,1
TXN_3676632,4.0,4.0,16.0,2023-12-11,12,11,0,0,0,0,0,0,1,0,1,0,0
TXN_3677109,5.0,3.0,15.0,2023-12-02,12,2,5,0,0,0,0,0,0,0,0,1,1
TXN_3677592,2.0,4.0,8.0,2023-05-29,5,29,0,0,0,0,0,1,0,0,0,0,0
TXN_3677890,3.0,4.0,12.0,2023-02-28,2,28,1,0,0,0,0,1,0,0,1,0,0
TXN_3678091,3.0,3.0,9.0,2023-09-07,9,7,3,0,0,1,0,0,0,0,0,0,0
TXN_3678804,3.0,2.0,6.0,2023-10-20,10,20,4,1,0,0,0,0,0,0,0,1,0
TXN_3679126,1.0,1.0,1.0,2023-07-15,7,15,5,0,1,0,0,0,0,0,0,0,0
TXN_3679245,4.0,4.0,16.0,2023-09-16,9,16,5,0,0,0,0,0,1,0,0,1,0
TXN_3679582,5.0,2.0,10.0,2023-04-11,4,11,1,1,0,0,0,0,0,0,1,0,0
TXN_3680047,5.0,5.0,25.0,2023-07-16,7,16,6,0,0,0,1,0,0,0,0,1,0
TXN_3680192,4.0,5.0,20.0,2023-05-20,5,20,5,0,0,0,1,0,0,0,0,1,1
TXN_3683787,5.0,1.5,7.5,2023-09-16,9,16,5,0,0,0,0,0,0,1,1,0,0
TXN_3686848,3.0,1.5,4.5,2023-04-06,4,6,3,0,0,0,0,0,0,1,0,1,1
TXN_3687257,4.0,1.5,6.0,2023-03-27,3,27,0,0,0,0,0,0,0,1,1,0,1
TXN_3688181,1.0,3.0,3.0,2023-08-23,8,23,2,0,0,0,0,0,0,0,0,1,1
TXN_3689335,1.0,3.0,3.0,2023-12-11,12,11,0,0,0,1,0,0,0,0,0,1,1
TXN_3689579,2.0,4.0,8.0,2023-12-02,12,2,5,0,0,0,0,0,1,0,0,1,1
TXN_3690903,3.0,2.0,6.0,2023-10-22,10,22,6,1,0,0,0,0,0,0,0,1,0
TXN_3691087,4.0,1.0,4.0,2023-07-11,7,11,1,0,1,0,0,0,0,0,0,1,0
TXN_3691228,3.0,3.0,9.0,2023-10-26,10,26,3,0,0,0,0,0,0,0,0,0,1
TXN_3693990,2.0,1.0,2.0,2023-07-19,7,19,2,0,1,0,0,0,0,0,1,0,0
TXN_3694901,2.0,1.0,2.0,2023-08-16,8,16,2,0,1,0,0,0,0,0,0,1,0
TXN_3695238,5.0,5.0,25.0,2023-04-20,4,20,3,0,0,0,1,0,0,0,0,0,1
TXN_3696194,2.0,5.0,10.0,2023-11-27,11,27,0,0,0,0,1,0,0,0,1,0,0
TXN_3699636,3.0,5.0,15.0,2023-01-12,1,12,3,0,0,0,1,0,0,0,0,1,0
TXN_3700419,4.0,1.0,4.0,2023-01-09,1,9,0,0,1,0,0,0,0,0,0,1,1
TXN_3703482,4.0,3.0,12.0,2023-01-08,1,8,6,0,0,0,0,0,0,0,0,0,0
TXN_3703964,2.0,4.0,8.0,2023-09-23,9,23,5,0,0,0,0,1,0,0,1,0,1
TXN_3705445,5.0,1.0,5.0,2023-09-13,9,13,2,0,1,0,0,0,0,0,0,0,0
TXN_3705669,2.0,1.5,3.0,2023-11-23,11,23,3,0,0,0,0,0,0,1,0,1,1
TXN_3706167,5.0,4.0,20.0,2023-10-02,10,2,0,0,0,0,0,1,0,0,0,1,1
TXN_3706457,5.0,1.5,7.5,2023-07-18,7,18,1,0,0,0,0,0,0,1,1,0,1
TXN_3708535,5.0,2.0,10.0,2023-05-02,5,2,1,1,0,0,0,0,0,0,0,1,0
TXN_3709117,5.0,4.0,20.0,2023-02-04,2,4,5,0,0,0,0,0,1,0,0,0,1
TXN_3709394,4.0,3.0,12.0,2023-01-15,1,15,6,0,0,1,0,0,0,0,0,0,1
TXN_3709853,2.0,4.0,8.0,2023-08-21,8,21,0,0,0,0,0,0,1,0,1,0,1
TXN_3709876,1.0,2.0,2.0,2023-11-04,11,4,5,1,0,0,0,0,0,0,1,0,1
TXN_3710523,3.0,4.0,12.0,2023-10-03,10,3,1,0,0,0,0,1,0,0,0,1,0
TXN_3711520,1.0,1.5,1.5,2023-06-29,6,29,3,0,0,0,0,0,0,1,0,1,0
TXN_3711712,5.0,5.0,25.0,2023-08-20,8,20,6,0,0,0,1,0,0,0,0,1,0
TXN_3712466,5.0,3.0,15.0,2023-04-10,4,10,0,0,0,0,0,0,0,0,0,1,0
TXN_3713527,4.0,1.0,4.0,2023-03-08,3,8,2,0,1,0,0,0,0,0,0,1,1
TXN_3713626,2.0,4.0,8.0,2023-12-24,12,24,6,0,0,0,0,1,0,0,0,0,0
TXN_3713880,5.0,5.0,25.0,2023-06-30,6,30,4,0,0,0,1,0,0,0,0,1,0
TXN_3713976,2.0,3.0,6.0,2023-11-06,11,6,0,0,0,1,0,0,0,0,0,1,1
TXN_3715065,3.0,5.0,15.0,2023-03-17,3,17,4,0,0,0,1,0,0,0,1,0,1
TXN_3717307,1.0,1.0,1.0,2023-07-02,7,2,6,0,1,0,0,0,0,0,1,0,0
TXN_3717372,2.0,3.0,6.0,2023-02-15,2,15,2,0,0,1,0,0,0,0,1,0,0
TXN_3717422,2.0,5.0,10.0,2023-06-15,6,15,3,0,0,0,1,0,0,0,0,0,1
TXN_3717444,3.0,4.0,12.0,2023-09-07,9,7,3,0,0,0,0,0,1,0,0,1,0
TXN_3719842,3.0,3.0,9.0,2023-05-05,5,5,4,0,0,0,0,0,0,0,0,0,1
TXN_3720223,4.0,3.0,12.0,2023-10-22,10,22,6,0,0,0,0,0,0,0,0,0,1
TXN_3722720,2.0,5.0,10.0,2023-06-27,6,27,1,0,0,0,1,0,0,0,0,0,0
TXN_3723007,3.0,1.5,4.5,2023-05-18,5,18,3,0,0,0,0,0,0,1,0,1,0
TXN_3725152,5.0,2.0,10.0,2023-07-08,7,8,5,1,0,0,0,0,0,0,0,0,1
TXN_3725837,5.0,2.0,10.0,2023-10-22,10,22,6,1,0,0,0,0,0,0,0,0,0
TXN_3726397,5.0,5.0,25.0,2023-01-30,1,30,0,0,0,0,1,0,0,0,0,1,1
TXN_3727374,2.0,3.0,6.0,2023-04-10,4,10,0,0,0,0,0,0,0,0,0,1,0
TXN_3729074,3.0,5.0,15.0,2023-04-15,4,15,5,0,0,0,1,0,0,0,1,0,0
TXN_3730077,2.0,1.0,2.0,2023-07-08,7,8,5,0,1,0,0,0,0,0,1,0,1
TXN_3730415,4.0,3.0,12.0,2023-04-09,4,9,6,0,0,0,0,0,0,0,1,0,1
TXN_3732426,2.0,4.0,8.0,2023-03-07,3,7,1,0,0,0,0,1,0,0,0,1,0
TXN_3733753,1.0,4.0,4.0,2023-03-10,3,10,4,0,0,0,0,1,0,0,0,1,1
TXN_3734446,5.0,2.0,10.0,2023-04-16,4,16,6,1,0,0,0,0,0,0,0,1,0
TXN_3736798,4.0,2.0,8.0,2023-07-01,7,1,5,1,0,0,0,0,0,0,0,1,0
TXN_3738314,4.0,4.0,16.0,2023-08-06,8,6,6,0,0,0,0,1,0,0,0,1,0
TXN_3739424,1.0,3.0,3.0,2023-06-03,6,3,5,0,0,1,0,0,0,0,1,0,1
TXN_3740465,4.0,1.0,4.0,2023-03-08,3,8,2,0,1,0,0,0,0,0,0,1,1
TXN_3740505,2.0,1.5,3.0,2023-11-21,11,21,1,0,0,0,0,0,0,1,1,0,1
TXN_3740963,2.0,5.0,10.0,2023-01-22,1,22,6,0,0,0,1,0,0,0,0,1,1
TXN_3741197,4.0,3.0,12.0,2023-10-13,10,13,4,0,0,0,0,0,0,0,1,0,1
TXN_3741325,5.0,4.0,20.0,2023-07-04,7,4,1,0,0,0,0,1,0,0,0,1,1
TXN_3743107,4.0,2.0,8.0,2023-01-14,1,14,5,1,0,0,0,0,0,0,0,0,1
TXN_3743336,2.0,5.0,10.0,2023-02-21,2,21,1,0,0,0,1,0,0,0,0,1,0
TXN_3744962,1.0,5.0,5.0,2023-07-26,7,26,2,0,0,0,1,0,0,0,0,0,0
TXN_3744974,1.0,3.0,3.0,2023-01-09,1,9,0,0,0,0,0,0,0,0,1,0,0
TXN_3745153,4.0,4.0,16.0,2023-06-30,6,30,4,0,0,0,0,0,1,0,0,1,0
TXN_3746260,5.0,4.0,20.0,2023-08-26,8,26,5,0,0,0,0,0,1,0,0,1,1
TXN_3747376,2.0,1.0,2.0,2023-11-03,11,3,4,0,1,0,0,0,0,0,0,1,1
TXN_3748616,2.0,2.0,4.0,2023-12-09,12,9,5,1,0,0,0,0,0,0,1,0,0
TXN_3749051,3.0,4.0,12.0,2023-04-19,4,19,2,0,0,0,0,0,1,0,0,1,1
TXN_3749365,3.0,1.0,3.0,2023-01-19,1,19,3,0,1,0,0,0,0,0,0,0,0
TXN_3749801,5.0,3.0,15.0,2023-01-03,1,3,1,0,0,0,0,0,0,0,1,0,1
TXN_3750900,2.0,1.5,3.0,2023-04-03,4,3,0,0,0,0,0,0,0,1,1,0,0
TXN_3751420,5.0,4.0,20.0,2023-11-20,11,20,0,0,0,0,0,1,0,0,0,0,1
TXN_3752448,5.0,3.0,15.0,2023-05-16,5,16,1,0,0,0,0,0,0,0,0,1,1
TXN_3753993,5.0,4.0,20.0,2023-04-01,4,1,5,0,0,0,0,1,0,0,1,0,0
TXN_3755379,2.0,1.0,2.0,2023-11-19,11,19,6,0,1,0,0,0,0,0,0,1,0
TXN_3755657,2.0,4.0,8.0,2023-03-24,3,24,4,0,0,0,0,0,1,0,0,1,0
TXN_3756680,2.0,1.5,3.0,2023-08-30,8,30,2,0,0,0,0,0,0,1,1,0,1
TXN_3758250,3.0,5.0,15.0,2023-09-08,9,8,4,0,0,0,1,0,0,0,0,0,0
TXN_3758861,3.0,4.0,12.0,2023-07-03,7,3,0,0,0,0,0,0,1,0,1,0,0
TXN_3760598,3.0,3.0,9.0,2023-10-24,10,24,1,0,0,0,0,0,0,0,0,1,0
TXN_3762778,5.0,2.0,10.0,2023-06-14,6,14,2,1,0,0,0,0,0,0,0,1,0
TXN_3764807,2.0,4.0,8.0,2023-08-28,8,28,0,0,0,0,0,0,1,0,0,1,1
TXN_3765707,1.0,4.0,4.0,2023-06-10,6,10,5,0,0,0,0,1,0,0,0,1,0
TXN_3766378,1.0,3.0,3.0,2023-08-18,8,18,4,0,0,0,0,0,0,0,0,0,1
TXN_3766657,5.0,4.0,20.0,2023-08-16,8,16,2,0,0,0,0,0,1,0,1,0,1
TXN_3767196,4.0,5.0,20.0,2023-08-30,8,30,2,0,0,0,1,0,0,0,0,0,1
TXN_3769567,1.0,1.0,1.0,2023-02-10,2,10,4,0,1,0,0,0,0,0,0,1,0
TXN_3770267,2.0,3.0,6.0,2023-10-21,10,21,5,0,0,0,0,0,0,0,0,1,0
TXN_3771902,5.0,3.0,15.0,2023-03-31,3,31,4,0,0,1,0,0,0,0,0,0,1
TXN_3774886,3.0,4.0,12.0,2023-06-01,6,1,3,0,0,0,0,1,0,0,0,1,0
TXN_3775339,3.0,1.0,3.0,2023-04-03,4,3,0,0,1,0,0,0,0,0,1,0,0
TXN_3776109,1.0,5.0,5.0,2023-05-20,5,20,5,0,0,0,1,0,0,0,0,1,1
TXN_3779292,2.0,5.0,10.0,2023-12-30,12,30,5,0,0,0,1,0,0,0,1,0,0
TXN_3779320,4.0,1.5,6.0,2023-03-27,3,27,0,0,0,0,0,0,0,1,1,0,0
TXN_3779366,1.0,1.0,1.0,2023-04-15,4,15,5,0,1,0,0,0,0,0,0,1,0
TXN_3779640,1.0,1.5,1.5,2023-05-16,5,16,1,0,0,0,0,0,0,1,0,1,0
TXN_3781198,3.0,3.0,9.0,2023-11-04,11,4,5,0,0,0,0,0,0,0,0,1,0
TXN_3781240,5.0,3.0,15.0,2023-05-27,5,27,5,0,0,0,0,0,0,0,0,1,1
TXN_3783903,4.0,1.5,6.0,2023-06-25,6,25,6,0,0,0,0,0,0,1,0,1,1
TXN_3785049,4.0,4.0,16.0,2023-11-26,11,26,6,0,0,0,0,1,0,0,1,0,0
TXN_3785168,3.0,3.0,9.0,2023-05-01,5,1,0,0,0,1,0,0,0,0,0,1,1
TXN_3785678,1.0,1.5,1.5,2023-03-13,3,13,0,0,0,0,0,0,0,1,1,0,1
TXN_3786188,3.0,1.5,4.5,2023-10-20,10,20,4,0,0,0,0,0,0,1,1,0,0
TXN_3786518,1.0,5.0,5.0,2023-09-16,9,16,5,0,0,0,1,0,0,0,1,0,0
TXN_3787234,2.0,1.5,3.0,2023-03-15,3,15,2,0,0,0,0,0,0,1,0,1,0
TXN_3787265,1.0,5.0,5.0,2023-12-16,12,16,5,0,0,0,1,0,0,0,1,0,0
TXN_3789752,3.0,3.0,9.0,2023-12-16,12,16,5,0,0,1,0,0,0,0,0,1,1
TXN_3790025,1.0,4.0,4.0,2023-10-07,10,7,5,0,0,0,0,1,0,0,0,0,0
TXN_3792125,5.0,5.0,25.0,2023-08-25,8,25,4,0,0,0,1,0,0,0,1,0,0
TXN_3792683,4.0,5.0,20.0,2023-08-06,8,6,6,0,0,0,1,0,0,0,0,1,0
TXN_3793672,5.0,1.0,5.0,2023-01-14,1,14,5,0,1,0,0,0,0,0,1,0,1
TXN_3794410,4.0,3.0,12.0,2023-12-06,12,6,2,0,0,0,0,0,0,0,1,0,0
TXN_3794585,1.0,4.0,4.0,2023-02-10,2,10,4,0,0,0,0,1,0,0,1,0,0
TXN_3799280,5.0,2.0,10.0,2023-09-23,9,23,5,1,0,0,0,0,0,0,0,0,1
TXN_3800182,2.0,1.5,3.0,2023-10-26,10,26,3,0,0,0,0,0,0,1,0,0,0
TXN_3800253,2.0,3.0,6.0,2023-01-15,1,15,6,0,0,0,0,0,0,0,0,0,1
TXN_3801179,2.0,3.0,6.0,2023-12-07,12,7,3,0,0,1,0,0,0,0,0,0,0
TXN_3801338,3.0,4.0,12.0,2023-11-03,11,3,4,0,0,0,0,1,0,0,1,0,0
TXN_3801485,5.0,2.0,10.0,2023-11-10,11,10,4,1,0,0,0,0,0,0,1,0,0
TXN_3801966,4.0,4.0,16.0,2023-01-14,1,14,5,0,0,0,0,1,0,0,0,1,0
TXN_3803063,4.0,3.0,12.0,2023-11-23,11,23,3,0,0,0,0,0,0,0,1,0,1
TXN_3803732,4.0,5.0,20.0,2023-01-08,1,8,6,0,0,0,1,0,0,0,0,1,1
TXN_3808639,2.0,3.0,6.0,2023-12-15,12,15,4,0,0,1,0,0,0,0,0,1,1
TXN_3808895,2.0,5.0,10.0,2023-07-13,7,13,3,0,0,0,1,0,0,0,0,0,0
TXN_3809533,2.0,3.0,6.0,2023-02-02,2,2,3,0,0,1,0,0,0,0,0,1,1
TXN_3809941,4.0,1.0,4.0,2023-11-01,11,1,2,0,1,0,0,0,0,0,1,0,0
TXN_3812053,5.0,2.0,10.0,2023-04-03,4,3,0,1,0,0,0,0,0,0,0,1,0
TXN_3815345,5.0,1.0,5.0,2023-09-16,9,16,5,0,1,0,0,0,0,0,0,0,0
TXN_3816131,3.0,3.0,9.0,2023-01-23,1,23,0,0,0,1,0,0,0,0,0,1,1
TXN_3817784,1.0,5.0,5.0,2023-11-25,11,25,5,0,0,0,1,0,0,0,1,0,1
TXN_3818464,2.0,3.0,6.0,2023-03-02,3,2,3,0,0,0,0,0,0,0,0,0,0
TXN_3819085,1.0,4.0,4.0,2023-11-23,11,23,3,0,0,0,0,1,0,0,0,1,1
TXN_3819405,4.0,3.0,12.0,2023-02-16,2,16,3,0,0,1,0,0,0,0,0,1,0
TXN_3820150,1.0,1.5,1.5,2023-05-10,5,10,2,0,0,0,0,0,0,1,0,1,1
TXN_3821298,5.0,4.0,20.0,2023-04-26,4,26,2,0,0,0,0,0,1,0,1,0,1
TXN_3822036,3.0,4.0,12.0,2023-05-07,5,7,6,0,0,0,0,0,1,0,1,0,1
TXN_3824443,3.0,4.0,12.0,2023-10-08,10,8,6,0,0,0,0,0,1,0,0,1,0
TXN_3826038,1.0,5.0,5.0,2023-10-20,10,20,4,0,0,0,1,0,0,0,0,0,1
TXN_3826298,3.0,1.0,3.0,2023-11-28,11,28,1,0,1,0,0,0,0,0,1,0,0
TXN_3827851,1.0,2.0,2.0,2023-01-09,1,9,0,1,0,0,0,0,0,0,0,1,1
TXN_3828620,1.0,5.0,5.0,2023-10-15,10,15,6,0,0,0,1,0,0,0,0,1,0
TXN_3829165,4.0,3.0,12.0,2023-06-15,6,15,3,0,0,1,0,0,0,0,0,0,0
TXN_3829375,5.0,3.0,15.0,2023-12-18,12,18,0,0,0,1,0,0,0,0,0,0,1
TXN_3830605,1.0,2.0,2.0,2023-12-07,12,7,3,1,0,0,0,0,0,0,0,1,1
TXN_3830888,4.0,2.0,8.0,2023-02-20,2,20,0,1,0,0,0,0,0,0,0,1,0
TXN_3831364,1.0,1.5,1.5,2023-03-03,3,3,4,0,0,0,0,0,0,1,0,1,1
TXN_3831848,1.0,4.0,4.0,2023-11-03,11,3,4,0,0,0,0,0,1,0,0,1,1
TXN_3832513,1.0,5.0,5.0,2023-02-13,2,13,0,0,0,0,1,0,0,0,0,1,1
TXN_3833729,4.0,4.0,16.0,2023-11-13,11,13,0,0,0,0,0,0,1,0,0,1,0
TXN_3833797,4.0,2.0,8.0,2023-01-27,1,27,4,1,0,0,0,0,0,0,0,1,0
TXN_3834078,1.0,3.0,3.0,2023-01-29,1,29,6,0,0,1,0,0,0,0,1,0,0
TXN_3835043,2.0,3.0,6.0,2023-12-29,12,29,4,0,0,1,0,0,0,0,0,0,1
TXN_3838923,4.0,3.0,12.0,2023-06-03,6,3,5,0,0,1,0,0,0,0,0,0,1
TXN_3839691,4.0,2.0,8.0,2023-02-13,2,13,0,1,0,0,0,0,0,0,1,0,0
TXN_3840523,2.0,4.0,8.0,2023-12-27,12,27,2,0,0,0,0,1,0,0,1,0,0
TXN_3841683,1.0,4.0,4.0,2023-06-20,6,20,1,0,0,0,0,1,0,0,0,0,0
TXN_3842567,1.0,5.0,5.0,2023-03-13,3,13,0,0,0,0,1,0,0,0,1,0,0
TXN_3842766,3.0,1.5,4.5,2023-03-24,3,24,4,0,0,0,0,0,0,1,1,0,0
TXN_3842881,5.0,5.0,25.0,2023-01-25,1,25,2,0,0,0,1,0,0,0,0,1,1
TXN_3843111,2.0,4.0,8.0,2023-09-15,9,15,4,0,0,0,0,0,1,0,0,1,0
TXN_3843541,3.0,5.0,15.0,2023-03-06,3,6,0,0,0,0,1,0,0,0,1,0,0
TXN_3843943,5.0,1.5,7.5,2023-07-01,7,1,5,0,0,0,0,0,0,1,0,1,1
TXN_3844347,4.0,4.0,16.0,2023-10-04,10,4,2,0,0,0,0,1,0,0,0,0,0
TXN_3845754,4.0,1.5,6.0,2023-11-25,11,25,5,0,0,0,0,0,0,1,0,1,1
TXN_3845871,1.0,4.0,4.0,2023-10-29,10,29,6,0,0,0,0,1,0,0,0,1,0
TXN_3846628,1.0,3.0,3.0,2023-10-16,10,16,0,0,0,1,0,0,0,0,0,1,1
TXN_3847176,3.0,4.0,12.0,2023-05-07,5,7,6,0,0,0,0,1,0,0,0,1,1
TXN_3847405,1.0,4.0,4.0,2023-06-15,6,15,3,0,0,0,0,1,0,0,0,1,1
TXN_3848261,2.0,1.5,3.0,2023-08-03,8,3,3,0,0,0,0,0,0,1,0,1,1
TXN_3849488,1.0,5.0,5.0,2023-03-01,3,1,2,0,0,0,1,0,0,0,0,1,0
TXN_3849711,5.0,4.0,20.0,2023-08-14,8,14,0,0,0,0,0,0,1,0,0,0,0
TXN_3850274,5.0,3.0,15.0,2023-09-08,9,8,4,0,0,1,0,0,0,0,0,1,0
TXN_3851247,1.0,3.0,3.0,2023-11-23,11,23,3,0,0,0,0,0,0,0,1,0,0
TXN_3851928,3.0,3.0,9.0,2023-02-07,2,7,1,0,0,1,0,0,0,0,1,0,0
TXN_3852141,5.0,3.0,15.0,2023-08-04,8,4,4,0,0,0,0,0,0,0,1,0,0
TXN_3854036,3.0,3.0,9.0,2023-11-07,11,7,1,0,0,1,0,0,0,0,0,0,0
TXN_3854210,1.0,4.0,4.0,2023-12-30,12,30,5,0,0,0,0,0,1,0,0,0,0
TXN_3854285,3.0,5.0,15.0,2023-07-18,7,18,1,0,0,0,1,0,0,0,0,0,1
TXN_3855408,1.0,1.0,1.0,2023-06-02,6,2,4,0,1,0,0,0,0,0,0,0,1
TXN_3856021,1.0,5.0,5.0,2023-02-24,2,24,4,0,0,0,1,0,0,0,1,0,0
TXN_3856427,4.0,3.0,12.0,2023-03-25,3,25,5,0,0,1,0,0,0,0,1,0,0
TXN_3856510,5.0,4.0,20.0,2023-10-21,10,21,5,0,0,0,0,0,1,0,0,0,1
TXN_3857768,2.0,2.0,4.0,2023-01-04,1,4,2,1,0,0,0,0,0,0,1,0,1
TXN_3857960,4.0,5.0,20.0,2023-04-26,4,26,2,0,0,0,1,0,0,0,0,0,0
TXN_3858126,2.0,4.0,8.0,2023-08-25,8,25,4,0,0,0,0,0,1,0,0,1,0
TXN_3858209,4.0,4.0,16.0,2023-02-22,2,22,2,0,0,0,0,1,0,0,0,0,0
TXN_3858288,2.0,1.5,3.0,2023-04-12,4,12,2,0,0,0,0,0,0,1,0,1,1
TXN_3858607,5.0,5.0,25.0,2023-12-02,12,2,5,0,0,0,1,0,0,0,0,1,1
TXN_3858791,5.0,1.0,5.0,2023-06-25,6,25,6,0,1,0,0,0,0,0,1,0,1
TXN_3863163,3.0,1.0,3.0,2023-10-12,10,12,3,0,1,0,0,0,0,0,0,1,1
TXN_3863625,5.0,5.0,25.0,2023-09-04,9,4,0,0,0,0,1,0,0,0,0,0,0
TXN_3863940,2.0,5.0,10.0,2023-06-18,6,18,6,0,0,0,1,0,0,0,1,0,1
TXN_3864453,5.0,1.0,5.0,2023-11-15,11,15,2,0,1,0,0,0,0,0,0,1,1
TXN_3865224,3.0,2.0,6.0,2023-07-25,7,25,1,1,0,0,0,0,0,0,0,0,0
TXN_3865627,4.0,2.0,8.0,2023-02-16,2,16,3,1,0,0,0,0,0,0,0,1,0
TXN_3865641,5.0,3.0,15.0,2023-09-15,9,15,4,0,0,0,0,0,0,0,0,1,0
TXN_3866156,4.0,2.0,8.0,2023-02-28,2,28,1,1,0,0,0,0,0,0,0,0,1
TXN_3866162,5.0,3.0,15.0,2023-06-08,6,8,3,0,0,0,0,0,0,0,0,0,1
TXN_3868402,3.0,2.0,6.0,2023-01-21,1,21,5,1,0,0,0,0,0,0,0,0,0
TXN_3869150,3.0,1.0,3.0,2023-03-26,3,26,6,0,1,0,0,0,0,0,0,0,1
TXN_3869958,1.0,3.0,3.0,2023-01-11,1,11,2,0,0,0,0,0,0,0,0,1,0
TXN_3871837,3.0,1.5,4.5,2023-12-15,12,15,4,0,0,0,0,0,0,1,0,1,1
TXN_3872616,2.0,3.0,6.0,2023-10-23,10,23,0,0,0,0,0,0,0,0,0,1,1
TXN_3873656,3.0,2.0,6.0,2023-09-30,9,30,5,1,0,0,0,0,0,0,0,1,1
TXN_3873718,1.0,5.0,5.0,2023-03-07,3,7,1,0,0,0,1,0,0,0,0,0,0
TXN_3875049,2.0,1.5,3.0,2023-09-15,9,15,4,0,0,0,0,0,0,1,0,1,1
TXN_3877580,2.0,5.0,10.0,2023-05-30,5,30,1,0,0,0,1,0,0,0,0,1,0
TXN_3877643,4.0,3.0,12.0,2023-11-15,11,15,2,0,0,1,0,0,0,0,0,0,0
TXN_3879052,3.0,2.0,6.0,2023-12-14,12,14,3,1,0,0,0,0,0,0,1,0,0
TXN_3879110,4.0,1.0,4.0,2023-03-18,3,18,5,0,1,0,0,0,0,0,1,0,1
TXN_3880417,1.0,1.0,1.0,2023-06-27,6,27,1,0,1,0,0,0,0,0,0,1,0
TXN_3880494,4.0,4.0,16.0,2023-12-17,12,17,6,0,0,0,0,1,0,0,0,0,1
TXN_3881824,2.0,3.0,6.0,2023-12-30,12,30,5,0,0,1,0,0,0,0,1,0,1
TXN_3882139,4.0,4.0,16.0,2023-12-28,12,28,3,0,0,0,0,0,1,0,0,1,1
TXN_3883425,5.0,4.0,20.0,2023-07-09,7,9,6,0,0,0,0,0,1,0,0,1,0
TXN_3884527,1.0,4.0,4.0,2023-06-06,6,6,1,0,0,0,0,1,0,0,0,1,0
TXN_3884811,4.0,2.0,8.0,2023-06-10,6,10,5,1,0,0,0,0,0,0,1,0,0
TXN_3884995,5.0,3.0,15.0,2023-12-25,12,25,0,0,0,1,0,0,0,0,0,0,0
TXN_3886177,3.0,3.0,9.0,2023-07-17,7,17,0,0,0,0,0,0,0,0,0,1,1
TXN_3886583,3.0,1.5,4.5,2023-05-03,5,3,2,0,0,0,0,0,0,1,0,1,0
TXN_3888864,1.0,4.0,4.0,2023-10-13,10,13,4,0,0,0,0,1,0,0,1,0,0
TXN_3889213,1.0,3.0,3.0,2023-10-13,10,13,4,0,0,0,0,0,0,0,1,0,0
TXN_3892344,2.0,1.0,2.0,2023-07-28,7,28,4,0,1,0,0,0,0,0,0,1,1
TXN_3893480,3.0,1.0,3.0,2023-12-24,12,24,6,0,1,0,0,0,0,0,0,1,0
TXN_3893927,4.0,5.0,20.0,2023-09-14,9,14,3,0,0,0,1,0,0,0,0,1,0
TXN_3894165,5.0,4.0,20.0,2023-03-31,3,31,4,0,0,0,0,0,1,0,1,0,1
TXN_3894173,5.0,4.0,20.0,2023-10-07,10,7,5,0,0,0,0,1,0,0,0,1,1
TXN_3894660,2.0,3.0,6.0,2023-02-09,2,9,3,0,0,1,0,0,0,0,0,1,1
TXN_3894735,5.0,3.0,15.0,2023-03-10,3,10,4,0,0,1,0,0,0,0,0,1,0
TXN_3895871,1.0,1.0,1.0,2023-05-30,5,30,1,0,1,0,0,0,0,0,0,1,0
TXN_3896128,1.0,3.0,3.0,2023-01-04,1,4,2,0,0,0,0,0,0,0,0,1,0
TXN_3897619,3.0,4.0,12.0,2023-02-24,2,24,4,0,0,0,0,1,0,0,0,0,1
TXN_3897788,5.0,3.0,15.0,2023-10-26,10,26,3,0,0,1,0,0,0,0,0,1,0
TXN_3898445,3.0,4.0,12.0,2023-06-17,6,17,5,0,0,0,0,1,0,0,0,0,1
TXN_3898665,2.0,4.0,8.0,2023-03-07,3,7,1,0,0,0,0,1,0,0,0,0,1
TXN_3901665,1.0,3.0,3.0,2023-10-19,10,19,3,0,0,1,0,0,0,0,1,0,1
TXN_3902135,4.0,1.5,6.0,2023-06-20,6,20,1,0,0,0,0,0,0,1,1,0,1
TXN_3902815,5.0,3.0,15.0,2023-06-28,6,28,2,0,0,1,0,0,0,0,0,1,1
TXN_3906862,5.0,3.0,15.0,2023-08-14,8,14,0,0,0,0,0,0,0,0,0,0,0
TXN_3910230,5.0,4.0,20.0,2023-01-05,1,5,3,0,0,0,0,1,0,0,0,0,1
TXN_3910293,4.0,3.0,12.0,2023-01-30,1,30,0,0,0,0,0,0,0,0,0,0,0
TXN_3912440,2.0,1.5,3.0,2023-05-21,5,21,6,0,0,0,0,0,0,1,0,1,0
TXN_3912727,5.0,1.5,7.5,2023-04-13,4,13,3,0,0,0,0,0,0,1,0,1,1
TXN_3912836,1.0,5.0,5.0,2023-11-23,11,23,3,0,0,0,1,0,0,0,1,0,0
TXN_3915802,3.0,2.0,6.0,2023-12-16,12,16,5,1,0,0,0,0,0,0,0,0,1
TXN_3916668,2.0,3.0,6.0,2023-05-14,5,14,6,0,0,1,0,0,0,0,0,1,1
TXN_3917193,5.0,3.0,15.0,2023-11-17,11,17,4,0,0,1,0,0,0,0,1,0,1
TXN_3918096,4.0,3.0,12.0,2023-08-17,8,17,3,0,0,1,0,0,0,0,0,0,1
TXN_3918515,4.0,5.0,20.0,2023-03-29,3,29,2,0,0,0,1,0,0,0,1,0,1
TXN_3918998,5.0,2.0,10.0,2023-12-18,12,18,0,1,0,0,0,0,0,0,0,1,1
TXN_3919225,2.0,3.0,6.0,2023-03-26,3,26,6,0,0,0,0,0,0,0,0,0,0
TXN_3919672,2.0,1.0,2.0,2023-11-05,11,5,6,0,1,0,0,0,0,0,1,0,0
TXN_3919995,3.0,1.5,4.5,2023-01-26,1,26,3,0,0,0,0,0,0,1,0,0,1
TXN_3920273,4.0,4.0,16.0,2023-09-05,9,5,1,0,0,0,0,0,1,0,0,1,0
TXN_3920436,2.0,3.0,6.0,2023-11-19,11,19,6,0,0,1,0,0,0,0,0,1,0
TXN_3923847,2.0,3.0,6.0,2023-09-12,9,12,1,0,0,0,0,0,0,0,1,0,1
TXN_3924170,3.0,1.5,4.5,2023-08-07,8,7,0,0,0,0,0,0,0,1,1,0,0
TXN_3925836,3.0,1.0,3.0,2023-02-16,2,16,3,0,1,0,0,0,0,0,0,1,0
TXN_3926570,3.0,2.0,6.0,2023-09-04,9,4,0,1,0,0,0,0,0,0,0,0,0
TXN_3927733,5.0,5.0,25.0,2023-01-20,1,20,4,0,0,0,1,0,0,0,1,0,1
TXN_3928174,3.0,2.0,6.0,2023-09-11,9,11,0,1,0,0,0,0,0,0,0,0,0
TXN_3928766,5.0,3.0,15.0,2023-01-14,1,14,5,0,0,1,0,0,0,0,0,0,1
TXN_3930540,3.0,4.0,12.0,2023-03-24,3,24,4,0,0,0,0,0,1,0,0,0,1
TXN_3930990,4.0,1.5,6.0,2023-02-27,2,27,0,0,0,0,0,0,0,1,0,1,1
TXN_3931393,2.0,4.0,8.0,2023-11-18,11,18,5,0,0,0,0,1,0,0,0,1,1
TXN_3931747,4.0,1.0,4.0,2023-01-14,1,14,5,0,1,0,0,0,0,0,1,0,1
TXN_3933290,1.0,2.0,2.0,2023-08-05,8,5,5,1,0,0,0,0,0,0,0,1,0
TXN_3936162,1.0,1.0,1.0,2023-02-26,2,26,6,0,1,0,0,0,0,0,0,1,1
TXN_3936339,5.0,3.0,15.0,2023-09-08,9,8,4,0,0,1,0,0,0,0,0,1,0
TXN_3936883,2.0,2.0,4.0,2023-09-08,9,8,4,1,0,0,0,0,0,0,0,1,0
TXN_3937509,2.0,4.0,8.0,2023-03-20,3,20,0,0,0,0,0,0,1,0,0,1,0
TXN_3937788,1.0,4.0,4.0,2023-06-27,6,27,1,0,0,0,0,0,1,0,0,0,0
TXN_3938018,4.0,2.0,8.0,2023-10-10,10,10,1,1,0,0,0,0,0,0,0,1,1
TXN_3938271,3.0,5.0,15.0,2023-01-12,1,12,3,0,0,0,1,0,0,0,0,1,0
TXN_3941164,4.0,2.0,8.0,2023-04-16,4,16,6,1,0,0,0,0,0,0,0,1,0
TXN_3943327,1.0,3.0,3.0,2023-05-20,5,20,5,0,0,1,0,0,0,0,1,0,1
TXN_3943666,4.0,3.0,12.0,2023-03-15,3,15,2,0,0,1,0,0,0,0,0,1,1
TXN_3943672,4.0,4.0,16.0,2023-10-21,10,21,5,0,0,0,0,1,0,0,1,0,0
TXN_3944582,5.0,1.5,7.5,2023-10-21,10,21,5,0,0,0,0,0,0,1,1,0,0
TXN_3945716,2.0,1.5,3.0,2023-09-17,9,17,6,0,0,0,0,0,0,1,0,1,0
TXN_3947116,1.0,4.0,4.0,2023-01-13,1,13,4,0,0,0,0,1,0,0,0,1,1
TXN_3947201,5.0,1.0,5.0,2023-06-17,6,17,5,0,1,0,0,0,0,0,1,0,1
TXN_3949676,4.0,3.0,12.0,2023-12-21,12,21,3,0,0,1,0,0,0,0,1,0,0
TXN_3950331,5.0,1.5,7.5,2023-03-02,3,2,3,0,0,0,0,0,0,1,0,1,1
TXN_3951329,1.0,4.0,4.0,2023-12-28,12,28,3,0,0,0,0,1,0,0,1,0,1
TXN_3951460,4.0,4.0,16.0,2023-04-21,4,21,4,0,0,0,0,0,1,0,0,1,1
TXN_3951552,2.0,5.0,10.0,2023-03-25,3,25,5,0,0,0,1,0,0,0,0,0,0
TXN_3952218,5.0,5.0,25.0,2023-04-07,4,7,4,0,0,0,1,0,0,0,0,1,1
TXN_3953316,2.0,1.0,2.0,2023-06-06,6,6,1,0,1,0,0,0,0,0,0,1,0
TXN_3954378,4.0,1.5,6.0,2023-08-21,8,21,0,0,0,0,0,0,0,1,0,0,1
TXN_3955361,5.0,1.0,5.0,2023-04-02,4,2,6,0,1,0,0,0,0,0,0,1,1
TXN_3956062,3.0,2.0,6.0,2023-06-04,6,4,6,1,0,0,0,0,0,0,0,1,1
TXN_3956393,4.0,1.0,4.0,2023-01-14,1,14,5,0,1,0,0,0,0,0,1,0,0
TXN_3959152,1.0,3.0,3.0,2023-05-21,5,21,6,0,0,1,0,0,0,0,0,1,0
TXN_3963927,4.0,4.0,16.0,2023-01-03,1,3,1,0,0,0,0,1,0,0,1,0,0
TXN_3964398,4.0,3.0,12.0,2023-10-20,10,20,4,0,0,0,0,0,0,0,1,0,1
TXN_3964550,3.0,1.5,4.5,2023-06-09,6,9,4,0,0,0,0,0,0,1,1,0,1
TXN_3964624,3.0,1.5,4.5,2023-09-20,9,20,2,0,0,0,0,0,0,1,0,1,0
TXN_3966911,3.0,1.5,4.5,2023-07-16,7,16,6,0,0,0,0,0,0,1,1,0,1
TXN_3967103,5.0,2.0,10.0,2023-11-14,11,14,1,1,0,0,0,0,0,0,0,0,0
TXN_3968170,1.0,5.0,5.0,2023-08-05,8,5,5,0,0,0,1,0,0,0,1,0,0
TXN_3970335,5.0,3.0,15.0,2023-09-01,9,1,4,0,0,1,0,0,0,0,0,1,1
TXN_3971440,4.0,3.0,12.0,2023-10-22,10,22,6,0,0,0,0,0,0,0,0,1,1
TXN_3972167,5.0,4.0,20.0,2023-01-23,1,23,0,0,0,0,0,1,0,0,0,1,0
TXN_3974663,3.0,3.0,9.0,2023-10-02,10,2,0,0,0,1,0,0,0,0,0,0,1
TXN_3975938,3.0,4.0,12.0,2023-09-04,9,4,0,0,0,0,0,1,0,0,1,0,0
TXN_3976744,1.0,3.0,3.0,2023-12-25,12,25,0,0,0,1,0,0,0,0,0,0,0
TXN_3977520,5.0,2.0,10.0,2023-08-08,8,8,1,1,0,0,0,0,0,0,0,0,0
TXN_3977835,5.0,1.5,7.5,2023-05-06,5,6,5,0,0,0,0,0,0,1,0,1,0
TXN_3978874,5.0,4.0,20.0,2023-03-13,3,13,0,0,0,0,0,0,1,0,1,0,0
TXN_3979966,5.0,4.0,20.0,2023-08-23,8,23,2,0,0,0,0,0,1,0,0,1,1
TXN_3980743,1.0,5.0,5.0,2023-09-21,9,21,3,0,0,0,1,0,0,0,0,0,1
TXN_3981000,1.0,1.5,1.5,2023-05-24,5,24,2,0,0,0,0,0,0,1,0,1,0
TXN_3981406,4.0,5.0,20.0,2023-04-17,4,17,0,0,0,0,1,0,0,0,0,1,0
TXN_3981449,2.0,4.0,8.0,2023-06-21,6,21,2,0,0,0,0,0,1,0,0,0,0
TXN_3982146,3.0,2.0,6.0,2023-07-09,7,9,6,1,0,0,0,0,0,0,0,1,0
TXN_3982257,2.0,2.0,4.0,2023-07-23,7,23,6,1,0,0,0,0,0,0,0,1,1
TXN_3984842,4.0,1.5,6.0,2023-03-22,3,22,2,0,0,0,0,0,0,1,1,0,1
TXN_3985920,5.0,5.0,25.0,2023-03-29,3,29,2,0,0,0,1,0,0,0,0,1,0
TXN_3986639,1.0,5.0,5.0,2023-10-09,10,9,0,0,0,0,1,0,0,0,1,0,0
TXN_3986876,3.0,3.0,9.0,2023-11-06,11,6,0,0,0,0,0,0,0,0,0,0,1
TXN_3987718,4.0,1.5,6.0,2023-12-24,12,24,6,0,0,0,0,0,0,1,0,1,0
TXN_3994585,3.0,3.0,9.0,2023-07-24,7,24,0,0,0,0,0,0,0,0,0,1,0
TXN_3995266,1.0,4.0,4.0,2023-04-21,4,21,4,0,0,0,0,1,0,0,1,0,0
TXN_3995843,3.0,4.0,12.0,2023-12-31,12,31,6,0,0,0,0,0,1,0,0,1,0
TXN_3996874,4.0,1.5,6.0,2023-05-18,5,18,3,0,0,0,0,0,0,1,0,1,0
TXN_3999554,1.0,2.0,2.0,2023-09-13,9,13,2,1,0,0,0,0,0,0,1,0,1
TXN_3999862,4.0,1.5,6.0,2023-07-11,7,11,1,0,0,0,0,0,0,1,0,1,0
TXN_4000025,5.0,1.5,7.5,2023-06-12,6,12,0,0,0,0,0,0,0,1,0,1,1
TXN_4001763,3.0,3.0,9.0,2023-05-11,5,11,3,0,0,1,0,0,0,0,0,1,1
TXN_4001774,5.0,1.5,7.5,2023-02-10,2,10,4,0,0,0,0,0,0,1,1,0,1
TXN_4002142,5.0,3.0,15.0,2023-06-27,6,27,1,0,0,0,0,0,0,0,1,0,1
TXN_4002629,5.0,3.0,15.0,2023-06-15,6,15,3,0,0,0,0,0,0,0,1,0,0
TXN_4003040,4.0,1.0,4.0,2023-09-12,9,12,1,0,1,0,0,0,0,0,1,0,0
TXN_4005014,1.0,4.0,4.0,2023-07-10,7,10,0,0,0,0,0,1,0,0,0,1,1
TXN_4006067,4.0,3.0,12.0,2023-01-30,1,30,0,0,0,1,0,0,0,0,0,0,1
TXN_4006771,3.0,1.0,3.0,2023-02-06,2,6,0,0,1,0,0,0,0,0,1,0,0
TXN_4007285,5.0,4.0,20.0,2023-01-16,1,16,0,0,0,0,0,1,0,0,0,1,1
TXN_4007506,1.0,5.0,5.0,2023-01-19,1,19,3,0,0,0,1,0,0,0,1,0,0
TXN_4007522,2.0,3.0,6.0,2023-12-20,12,20,2,0,0,0,0,0,0,0,0,0,1
TXN_4008135,5.0,1.0,5.0,2023-11-25,11,25,5,0,1,0,0,0,0,0,0,0,1
TXN_4008899,4.0,5.0,20.0,2023-05-07,5,7,6,0,0,0,1,0,0,0,1,0,1
TXN_4009547,4.0,3.0,12.0,2023-05-13,5,13,5,0,0,1,0,0,0,0,1,0,0
TXN_4010658,5.0,1.5,7.5,2023-09-26,9,26,1,0,0,0,0,0,0,1,0,1,1
TXN_4011509,4.0,4.0,16.0,2023-11-10,11,10,4,0,0,0,0,0,1,0,0,1,1
TXN_4011694,1.0,2.0,2.0,2023-09-02,9,2,5,1,0,0,0,0,0,0,1,0,0
TXN_4013761,3.0,2.0,6.0,2023-09-07,9,7,3,1,0,0,0,0,0,0,0,1,1
TXN_4015101,1.0,4.0,4.0,2023-01-18,1,18,2,0,0,0,0,1,0,0,1,0,1
TXN_4015427,5.0,1.0,5.0,2023-08-05,8,5,5,0,1,0,0,0,0,0,1,0,0
TXN_4015634,2.0,1.5,3.0,2023-06-28,6,28,2,0,0,0,0,0,0,1,0,1,0
TXN_4015710,4.0,3.0,12.0,2023-05-18,5,18,3,0,0,1,0,0,0,0,0,0,0
TXN_4019040,1.0,1.5,1.5,2023-02-01,2,1,2,0,0,0,0,0,0,1,0,0,0
TXN_4019047,2.0,2.0,4.0,2023-09-14,9,14,3,1,0,0,0,0,0,0,1,0,1
TXN_4020074,3.0,1.0,3.0,2023-03-01,3,1,2,0,1,0,0,0,0,0,0,1,0
TXN_4020100,1.0,1.0,1.0,2023-08-09,8,9,2,0,1,0,0,0,0,0,0,0,0
TXN_4021467,2.0,2.0,4.0,2023-04-02,4,2,6,1,0,0,0,0,0,0,0,0,1
TXN_4023091,3.0,4.0,12.0,2023-07-24,7,24,0,0,0,0,0,0,1,0,1,0,0
TXN_4026277,3.0,1.5,4.5,2023-08-27,8,27,6,0,0,0,0,0,0,1,0,1,0
TXN_4028494,3.0,3.0,9.0,2023-10-22,10,22,6,0,0,0,0,0,0,0,0,1,0
TXN_4030181,5.0,4.0,20.0,2023-09-20,9,20,2,0,0,0,0,0,1,0,1,0,0
TXN_4030197,3.0,5.0,15.0,2023-03-05,3,5,6,0,0,0,1,0,0,0,1,0,1
TXN_4030519,2.0,4.0,8.0,2023-01-22,1,22,6,0,0,0,0,0,1,0,0,1,1
TXN_4030763,2.0,5.0,10.0,2023-06-17,6,17,5,0,0,0,1,0,0,0,0,0,1
TXN_4031509,4.0,4.0,16.0,2023-01-04,1,4,2,0,0,0,0,1,0,0,1,0,1
TXN_4031726,4.0,3.0,12.0,2023-11-22,11,22,2,0,0,0,0,0,0,0,1,0,1
TXN_4032956,5.0,2.0,10.0,2023-03-15,3,15,2,1,0,0,0,0,0,0,1,0,0
TXN_4033802,3.0,1.5,4.5,2023-03-02,3,2,3,0,0,0,0,0,0,1,0,0,1
TXN_4033888,2.0,4.0,8.0,2023-02-04,2,4,5,0,0,0,0,1,0,0,0,0,0
TXN_4033982,2.0,1.5,3.0,2023-01-04,1,4,2,0,0,0,0,0,0,1,1,0,1
TXN_4035164,5.0,3.0,15.0,2023-11-26,11,26,6,0,0,1,0,0,0,0,0,1,0
TXN_4035669,3.0,3.0,9.0,2023-04-21,4,21,4,0,0,1,0,0,0,0,0,0,1
TXN_4036214,2.0,3.0,6.0,2023-10-17,10,17,1,0,0,0,0,0,0,0,1,0,1
TXN_4036747,1.0,4.0,4.0,2023-05-27,5,27,5,0,0,0,0,0,1,0,0,0,1
TXN_4037502,2.0,2.0,4.0,2023-08-10,8,10,3,1,0,0,0,0,0,0,0,0,1
TXN_4038488,3.0,3.0,9.0,2023-12-05,12,5,1,0,0,1,0,0,0,0,1,0,1
TXN_4039864,2.0,3.0,6.0,2023-07-24,7,24,0,0,0,0,0,0,0,0,0,0,0
TXN_4040941,1.0,1.0,1.0,2023-02-20,2,20,0,0,1,0,0,0,0,0,0,0,0
TXN_4040989,1.0,4.0,4.0,2023-03-02,3,2,3,0,0,0,0,1,0,0,0,1,1
TXN_4041845,5.0,3.0,15.0,2023-12-01,12,1,4,0,0,1,0,0,0,0,0,1,1
TXN_4046039,5.0,3.0,15.0,2023-04-20,4,20,3,0,0,1,0,0,0,0,0,1,0
TXN_4046095,2.0,3.0,6.0,2023-10-12,10,12,3,0,0,1,0,0,0,0,0,1,1
TXN_4048203,2.0,4.0,8.0,2023-12-13,12,13,2,0,0,0,0,0,1,0,1,0,1
TXN_4048690,3.0,3.0,9.0,2023-09-06,9,6,2,0,0,0,0,0,0,0,0,0,0
TXN_4049031,5.0,2.0,10.0,2023-08-22,8,22,1,1,0,0,0,0,0,0,0,1,1
TXN_4049270,5.0,2.0,10.0,2023-07-28,7,28,4,1,0,0,0,0,0,0,0,1,0
TXN_4049949,1.0,1.0,1.0,2023-11-06,11,6,0,0,1,0,0,0,0,0,0,1,1
TXN_4051488,4.0,1.0,4.0,2023-06-09,6,9,4,0,1,0,0,0,0,0,0,1,1
TXN_4052950,2.0,5.0,10.0,2023-03-13,3,13,0,0,0,0,1,0,0,0,1,0,0
TXN_4055876,3.0,5.0,15.0,2023-10-15,10,15,6,0,0,0,1,0,0,0,1,0,0
TXN_4059695,3.0,5.0,15.0,2023-12-30,12,30,5,0,0,0,1,0,0,0,0,0,1
TXN_4059912,3.0,4.0,12.0,2023-04-21,4,21,4,0,0,0,0,0,1,0,0,0,1
TXN_4060160,4.0,2.0,8.0,2023-07-05,7,5,2,1,0,0,0,0,0,0,0,1,0
TXN_4060215,3.0,5.0,15.0,2023-01-12,1,12,3,0,0,0,1,0,0,0,1,0,0
TXN_4060332,3.0,4.0,12.0,2023-07-10,7,10,0,0,0,0,0,0,1,0,1,0,1
TXN_4060538,2.0,3.0,6.0,2023-09-08,9,8,4,0,0,0,0,0,0,0,0,1,1
TXN_4062032,5.0,1.5,7.5,2023-10-28,10,28,5,0,0,0,0,0,0,1,0,1,0
TXN_4062634,2.0,5.0,10.0,2023-04-05,4,5,2,0,0,0,1,0,0,0,1,0,0
TXN_4062737,3.0,3.0,9.0,2023-07-02,7,2,6,0,0,0,0,0,0,0,0,0,0
TXN_4064245,3.0,3.0,9.0,2023-02-20,2,20,0,0,0,1,0,0,0,0,1,0,1
TXN_4064310,4.0,1.5,6.0,2023-07-24,7,24,0,0,0,0,0,0,0,1,0,0,1
TXN_4064326,2.0,1.0,2.0,2023-01-07,1,7,5,0,1,0,0,0,0,0,0,0,1
TXN_4067814,5.0,1.5,7.5,2023-12-20,12,20,2,0,0,0,0,0,0,1,0,0,1
TXN_4068183,4.0,4.0,16.0,2023-08-01,8,1,1,0,0,0,0,0,1,0,0,1,1
TXN_4068262,2.0,5.0,10.0,2023-05-13,5,13,5,0,0,0,1,0,0,0,1,0,0
TXN_4069354,1.0,5.0,5.0,2023-08-18,8,18,4,0,0,0,1,0,0,0,0,1,0
TXN_4071743,5.0,2.0,10.0,2023-07-06,7,6,3,1,0,0,0,0,0,0,0,1,1
TXN_4071945,1.0,3.0,3.0,2023-07-17,7,17,0,0,0,0,0,0,0,0,0,0,0
TXN_4074732,3.0,5.0,15.0,2023-04-09,4,9,6,0,0,0,1,0,0,0,1,0,1
TXN_4075053,3.0,4.0,12.0,2023-02-27,2,27,0,0,0,0,0,0,1,0,0,1,1
TXN_4075198,5.0,5.0,25.0,2023-08-27,8,27,6,0,0,0,1,0,0,0,0,0,1
TXN_4075432,5.0,4.0,20.0,2023-09-12,9,12,1,0,0,0,0,1,0,0,0,0,0
TXN_4075817,2.0,1.0,2.0,2023-03-18,3,18,5,0,1,0,0,0,0,0,0,0,1
TXN_4075863,3.0,4.0,12.0,2023-05-21,5,21,6,0,0,0,0,0,1,0,0,0,1
TXN_4076392,3.0,2.0,6.0,2023-12-24,12,24,6,1,0,0,0,0,0,0,1,0,0
TXN_4076463,3.0,1.0,3.0,2023-06-25,6,25,6,0,1,0,0,0,0,0,0,1,1
TXN_4076575,3.0,4.0,12.0,2023-01-18,1,18,2,0,0,0,0,0,1,0,0,1,1
TXN_4076631,4.0,3.0,12.0,2023-07-21,7,21,4,0,0,0,0,0,0,0,0,0,0
TXN_4077799,4.0,3.0,12.0,2023-08-12,8,12,5,0,0,0,0,0,0,0,0,1,1
TXN_4078284,1.0,2.0,2.0,2023-05-14,5,14,6,1,0,0,0,0,0,0,1,0,1
TXN_4081759,2.0,2.0,4.0,2023-09-30,9,30,5,1,0,0,0,0,0,0,0,1,1
TXN_4082099,2.0,3.0,6.0,2023-06-01,6,1,3,0,0,1,0,0,0,0,1,0,0
TXN_4083004,5.0,4.0,20.0,2023-03-06,3,6,0,0,0,0,0,1,0,0,0,0,1
TXN_4083736,1.0,2.0,2.0,2023-08-21,8,21,0,1,0,0,0,0,0,0,0,1,0
TXN_4083872,2.0,5.0,10.0,2023-08-05,8,5,5,0,0,0,1,0,0,0,0,1,1
TXN_4084052,2.0,3.0,6.0,2023-06-30,6,30,4,0,0,1,0,0,0,0,0,1,0
TXN_4084177,3.0,1.0,3.0,2023-08-13,8,13,6,0,1,0,0,0,0,0,1,0,0
TXN_4084548,2.0,5.0,10.0,2023-07-21,7,21,4,0,0,0,1,0,0,0,0,0,0
TXN_4085337,3.0,4.0,12.0,2023-10-25,10,25,2,0,0,0,0,0,1,0,0,1,0
TXN_4087571,2.0,1.0,2.0,2023-11-24,11,24,4,0,1,0,0,0,0,0,0,1,0
TXN_4088917,3.0,2.0,6.0,2023-02-04,2,4,5,1,0,0,0,0,0,0,0,0,1
TXN_4089089,5.0,4.0,20.0,2023-10-26,10,26,3,0,0,0,0,0,1,0,0,1,1
TXN_4089355,2.0,5.0,10.0,2023-02-18,2,18,5,0,0,0,1,0,0,0,1,0,1
TXN_4090464,5.0,4.0,20.0,2023-01-16,1,16,0,0,0,0,0,1,0,0,0,0,1
TXN_4090904,5.0,1.5,7.5,2023-08-04,8,4,4,0,0,0,0,0,0,1,0,1,0
TXN_4092551,5.0,3.0,15.0,2023-10-11,10,11,2,0,0,1,0,0,0,0,1,0,1
TXN_4095768,5.0,5.0,25.0,2023-06-18,6,18,6,0,0,0,1,0,0,0,0,1,0
TXN_4096757,5.0,5.0,25.0,2023-07-20,7,20,3,0,0,0,1,0,0,0,1,0,0
TXN_4096816,3.0,2.0,6.0,2023-11-02,11,2,3,1,0,0,0,0,0,0,0,1,1
TXN_4097922,3.0,5.0,15.0,2023-01-16,1,16,0,0,0,0,1,0,0,0,0,0,0
TXN_4099487,5.0,4.0,20.0,2023-01-25,1,25,2,0,0,0,0,1,0,0,0,1,1
TXN_4103665,4.0,2.0,8.0,2023-04-30,4,30,6,1,0,0,0,0,0,0,0,1,0
TXN_4104718,2.0,1.0,2.0,2023-11-08,11,8,2,0,1,0,0,0,0,0,0,0,0
TXN_4105487,4.0,4.0,16.0,2023-04-13,4,13,3,0,0,0,0,1,0,0,0,1,0
TXN_4107706,1.0,5.0,5.0,2023-11-23,11,23,3,0,0,0,1,0,0,0,0,1,0
TXN_4107857,1.0,1.5,1.5,2023-01-29,1,29,6,0,0,0,0,0,0,1,1,0,1
TXN_4108120,2.0,2.0,4.0,2023-06-14,6,14,2,1,0,0,0,0,0,0,0,0,0
TXN_4108138,5.0,2.0,10.0,2023-08-03,8,3,3,1,0,0,0,0,0,0,0,0,0
TXN_4108567,2.0,2.0,4.0,2023-08-14,8,14,0,1,0,0,0,0,0,0,0,0,1
TXN_4108869,5.0,4.0,20.0,2023-05-02,5,2,1,0,0,0,0,0,1,0,0,1,1
TXN_4109764,3.0,3.0,9.0,2023-07-12,7,12,2,0,0,1,0,0,0,0,1,0,0
TXN_4112230,5.0,4.0,20.0,2023-11-19,11,19,6,0,0,0,0,0,1,0,0,1,1
TXN_4114503,5.0,5.0,25.0,2023-11-07,11,7,1,0,0,0,1,0,0,0,0,1,1
TXN_4114843,2.0,4.0,8.0,2023-05-17,5,17,2,0,0,0,0,1,0,0,0,0,0
TXN_4116036,2.0,5.0,10.0,2023-01-22,1,22,6,0,0,0,1,0,0,0,1,0,0
TXN_4117627,3.0,3.0,9.0,2023-06-22,6,22,3,0,0,0,0,0,0,0,1,0,0
TXN_4118960,5.0,4.0,20.0,2023-09-24,9,24,6,0,0,0,0,0,1,0,1,0,1
TXN_4119210,3.0,1.5,4.5,2023-05-02,5,2,1,0,0,0,0,0,0,1,0,0,0
TXN_4120124,1.0,2.0,2.0,2023-06-08,6,8,3,1,0,0,0,0,0,0,0,1,0
TXN_4122925,4.0,1.0,4.0,2023-10-20,10,20,4,0,1,0,0,0,0,0,0,1,1
TXN_4125165,5.0,2.0,10.0,2023-04-16,4,16,6,1,0,0,0,0,0,0,0,0,1
TXN_4125474,2.0,5.0,10.0,2023-08-02,8,2,2,0,0,0,1,0,0,0,1,0,0
TXN_4125871,4.0,3.0,12.0,2023-12-16,12,16,5,0,0,1,0,0,0,0,0,0,1
TXN_4125921,5.0,3.0,15.0,2023-01-26,1,26,3,0,0,1,0,0,0,0,1,0,1
TXN_4126189,1.0,1.5,1.5,2023-09-30,9,30,5,0,0,0,0,0,0,1,1,0,1
TXN_4127927,5.0,5.0,25.0,2023-08-04,8,4,4,0,0,0,1,0,0,0,0,0,1
TXN_4128086,4.0,1.5,6.0,2023-05-29,5,29,0,0,0,0,0,0,0,1,0,1,0
TXN_4128921,4.0,5.0,20.0,2023-09-11,9,11,0,0,0,0,1,0,0,0,0,1,1
TXN_4129476,2.0,2.0,4.0,2023-10-24,10,24,1,1,0,0,0,0,0,0,0,0,0
TXN_4129569,4.0,1.0,4.0,2023-08-27,8,27,6,0,1,0,0,0,0,0,0,1,0
TXN_4130343,4.0,2.0,8.0,2023-12-08,12,8,4,1,0,0,0,0,0,0,1,0,0
TXN_4131020,2.0,4.0,8.0,2023-06-15,6,15,3,0,0,0,0,1,0,0,1,0,1
TXN_4132730,5.0,1.0,5.0,2023-03-12,3,12,6,0,1,0,0,0,0,0,0,1,0
TXN_4134253,4.0,1.5,6.0,2023-10-07,10,7,5,0,0,0,0,0,0,1,0,0,0
TXN_4134478,2.0,3.0,6.0,2023-06-25,6,25,6,0,0,1,0,0,0,0,1,0,1
TXN_4134594,3.0,4.0,12.0,2023-09-27,9,27,2,0,0,0,0,1,0,0,0,1,0
TXN_4135134,5.0,1.0,5.0,2023-08-11,8,11,4,0,1,0,0,0,0,0,1,0,1
TXN_4135454,4.0,4.0,16.0,2023-07-23,7,23,6,0,0,0,0,1,0,0,0,1,0
TXN_4135861,2.0,5.0,10.0,2023-03-16,3,16,3,0,0,0,1,0,0,0,1,0,1
TXN_4138399,5.0,1.0,5.0,2023-07-03,7,3,0,0,1,0,0,0,0,0,1,0,1
TXN_4139983,5.0,1.5,7.5,2023-10-16,10,16,0,0,0,0,0,0,0,1,0,0,1
TXN_4140167,2.0,2.0,4.0,2023-06-29,6,29,3,1,0,0,0,0,0,0,0,0,1
TXN_4141765,5.0,3.0,15.0,2023-12-17,12,17,6,0,0,0,0,0,0,0,0,1,1
TXN_4141868,3.0,1.5,4.5,2023-02-08,2,8,2,0,0,0,0,0,0,1,1,0,0
TXN_4141941,2.0,2.0,4.0,2023-05-18,5,18,3,1,0,0,0,0,0,0,0,1,0
TXN_4142781,5.0,4.0,20.0,2023-01-30,1,30,0,0,0,0,0,1,0,0,0,1,1
TXN_4143264,1.0,5.0,5.0,2023-08-17,8,17,3,0,0,0,1,0,0,0,1,0,1
TXN_4143449,3.0,4.0,12.0,2023-08-23,8,23,2,0,0,0,0,0,1,0,0,1,0
TXN_4146452,1.0,4.0,4.0,2023-05-31,5,31,2,0,0,0,0,0,1,0,0,0,1
TXN_4146795,5.0,1.5,7.5,2023-10-29,10,29,6,0,0,0,0,0,0,1,0,0,0
TXN_4147073,4.0,3.0,12.0,2023-06-16,6,16,4,0,0,0,0,0,0,0,0,0,1
TXN_4147675,2.0,1.5,3.0,2023-01-04,1,4,2,0,0,0,0,0,0,1,1,0,0
TXN_4150495,2.0,1.0,2.0,2023-04-12,4,12,2,0,1,0,0,0,0,0,0,0,0
TXN_4151440,5.0,3.0,15.0,2023-11-16,11,16,3,0,0,0,0,0,0,0,0,0,0
TXN_4152262,2.0,5.0,10.0,2023-06-19,6,19,0,0,0,0,1,0,0,0,0,1,0
TXN_4152460,3.0,4.0,12.0,2023-05-01,5,1,0,0,0,0,0,1,0,0,0,0,1
TXN_4152709,4.0,4.0,16.0,2023-12-03,12,3,6,0,0,0,0,1,0,0,0,1,0
TXN_4152991,5.0,4.0,20.0,2023-12-17,12,17,6,0,0,0,0,1,0,0,0,1,1
TXN_4153132,3.0,5.0,15.0,2023-03-21,3,21,1,0,0,0,1,0,0,0,0,1,0
TXN_4155001,1.0,4.0,4.0,2023-11-30,11,30,3,0,0,0,0,0,1,0,0,1,0
TXN_4155134,1.0,1.0,1.0,2023-05-07,5,7,6,0,1,0,0,0,0,0,0,0,1
TXN_4155770,5.0,5.0,25.0,2023-09-20,9,20,2,0,0,0,1,0,0,0,0,1,0
TXN_4156369,5.0,3.0,15.0,2023-08-07,8,7,0,0,0,0,0,0,0,0,0,1,0
TXN_4157300,4.0,1.5,6.0,2023-09-23,9,23,5,0,0,0,0,0,0,1,0,0,1
TXN_4158904,2.0,3.0,6.0,2023-01-31,1,31,1,0,0,1,0,0,0,0,0,1,0
TXN_4159135,3.0,2.0,6.0,2023-02-09,2,9,3,1,0,0,0,0,0,0,0,1,1
TXN_4159861,1.0,3.0,3.0,2023-03-20,3,20,0,0,0,1,0,0,0,0,0,1,0
TXN_4160784,5.0,1.0,5.0,2023-05-20,5,20,5,0,1,0,0,0,0,0,0,1,0
TXN_4163149,1.0,5.0,5.0,2023-07-30,7,30,6,0,0,0,1,0,0,0,0,0,0
TXN_4165923,3.0,4.0,12.0,2023-03-14,3,14,1,0,0,0,0,1,0,0,0,1,1
TXN_4166020,4.0,3.0,12.0,2023-08-18,8,18,4,0,0,1,0,0,0,0,0,1,0
TXN_4167859,5.0,2.0,10.0,2023-08-17,8,17,3,1,0,0,0,0,0,0,0,1,1
TXN_4168628,4.0,1.5,6.0,2023-04-27,4,27,3,0,0,0,0,0,0,1,0,1,0
TXN_4168771,5.0,2.0,10.0,2023-08-02,8,2,2,1,0,0,0,0,0,0,0,1,0
TXN_4171507,1.0,1.5,1.5,2023-10-26,10,26,3,0,0,0,0,0,0,1,0,1,0
TXN_4171998,2.0,4.0,8.0,2023-10-18,10,18,2,0,0,0,0,1,0,0,0,1,1
TXN_4172649,4.0,5.0,20.0,2023-05-19,5,19,4,0,0,0,1,0,0,0,0,1,1
TXN_4174591,4.0,1.5,6.0,2023-08-30,8,30,2,0,0,0,0,0,0,1,0,1,0
TXN_4175122,4.0,2.0,8.0,2023-09-29,9,29,4,1,0,0,0,0,0,0,0,1,0
TXN_4175191,2.0,4.0,8.0,2023-11-20,11,20,0,0,0,0,0,1,0,0,0,0,0
TXN_4175635,3.0,5.0,15.0,2023-05-26,5,26,4,0,0,0,1,0,0,0,1,0,1
TXN_4176272,1.0,2.0,2.0,2023-06-06,6,6,1,1,0,0,0,0,0,0,0,1,0
TXN_4176373,3.0,1.0,3.0,2023-03-28,3,28,1,0,1,0,0,0,0,0,0,0,1
TXN_4177717,1.0,1.0,1.0,2023-01-07,1,7,5,0,1,0,0,0,0,0,0,1,1
TXN_4177796,4.0,3.0,12.0,2023-04-17,4,17,0,0,0,1,0,0,0,0,0,0,1
TXN_4178488,3.0,4.0,12.0,2023-05-08,5,8,0,0,0,0,0,1,0,0,0,0,0
TXN_4178872,1.0,1.5,1.5,2023-01-25,1,25,2,0,0,0,0,0,0,1,1,0,0
TXN_4178899,2.0,2.0,4.0,2023-04-05,4,5,2,1,0,0,0,0,0,0,0,1,1
TXN_4179561,2.0,1.0,2.0,2023-11-12,11,12,6,0,1,0,0,0,0,0,0,1,0
TXN_4179583,3.0,4.0,12.0,2023-06-13,6,13,1,0,0,0,0,0,1,0,0,1,1
TXN_4179797,2.0,1.5,3.0,2023-11-06,11,6,0,0,0,0,0,0,0,1,0,1,1
TXN_4181147,4.0,2.0,8.0,2023-02-18,2,18,5,1,0,0,0,0,0,0,0,1,1
TXN_4183705,2.0,1.5,3.0,2023-11-23,11,23,3,0,0,0,0,0,0,1,1,0,0
TXN_4183749,4.0,3.0,12.0,2023-01-25,1,25,2,0,0,0,0,0,0,0,1,0,1
TXN_4183823,4.0,4.0,16.0,2023-03-28,3,28,1,0,0,0,0,1,0,0,1,0,0
TXN_4184461,2.0,5.0,10.0,2023-02-22,2,22,2,0,0,0,1,0,0,0,0,1,0
TXN_4185160,2.0,2.0,4.0,2023-05-04,5,4,3,1,0,0,0,0,0,0,1,0,0
TXN_4186681,4.0,1.5,6.0,2023-05-24,5,24,2,0,0,0,0,0,0,1,0,1,0
TXN_4186842,5.0,3.0,15.0,2023-10-29,10,29,6,0,0,1,0,0,0,0,0,1,1
TXN_4187327,2.0,1.5,3.0,2023-04-01,4,1,5,0,0,0,0,0,0,1,0,1,1
TXN_4187420,3.0,3.0,9.0,2023-01-31,1,31,1,0,0,0,0,0,0,0,0,1,0
TXN_4187673,2.0,3.0,6.0,2023-04-02,4,2,6,0,0,1,0,0,0,0,0,1,0
TXN_4190431,3.0,1.5,4.5,2023-09-23,9,23,5,0,0,0,0,0,0,1,0,1,1
TXN_4190750,5.0,3.0,15.0,2023-04-02,4,2,6,0,0,1,0,0,0,0,0,0,1
TXN_4191925,2.0,2.0,4.0,2023-10-21,10,21,5,1,0,0,0,0,0,0,0,1,0
TXN_4192665,1.0,2.0,2.0,2023-07-15,7,15,5,1,0,0,0,0,0,0,0,0,0
TXN_4194085,1.0,5.0,5.0,2023-05-25,5,25,3,0,0,0,1,0,0,0,1,0,1
TXN_4194115,5.0,1.5,7.5,2023-08-17,8,17,3,0,0,0,0,0,0,1,0,1,0
TXN_4196578,2.0,1.5,3.0,2023-06-26,6,26,0,0,0,0,0,0,0,1,1,0,0
TXN_4197090,3.0,3.0,9.0,2023-11-17,11,17,4,0,0,1,0,0,0,0,1,0,1
TXN_4197575,2.0,5.0,10.0,2023-01-21,1,21,5,0,0,0,1,0,0,0,1,0,1
TXN_4197851,3.0,5.0,15.0,2023-02-05,2,5,6,0,0,0,1,0,0,0,0,1,0
TXN_4200340,5.0,3.0,15.0,2023-07-06,7,6,3,0,0,0,0,0,0,0,0,0,1
TXN_4201578,5.0,5.0,25.0,2023-01-23,1,23,0,0,0,0,1,0,0,0,0,1,0
TXN_4203560,1.0,3.0,3.0,2023-08-20,8,20,6,0,0,1,0,0,0,0,0,1,1
TXN_4203585,2.0,3.0,6.0,2023-09-03,9,3,6,0,0,0,0,0,0,0,0,0,1
TXN_4203885,3.0,1.5,4.5,2023-05-11,5,11,3,0,0,0,0,0,0,1,0,0,1
TXN_4204491,2.0,4.0,8.0,2023-04-25,4,25,1,0,0,0,0,0,1,0,0,1,0
TXN_4205369,5.0,5.0,25.0,2023-07-16,7,16,6,0,0,0,1,0,0,0,0,1,1
TXN_4205407,5.0,4.0,20.0,2023-04-27,4,27,3,0,0,0,0,0,1,0,0,1,1
TXN_4205860,5.0,5.0,25.0,2023-09-10,9,10,6,0,0,0,1,0,0,0,0,0,1
TXN_4206256,3.0,4.0,12.0,2023-10-10,10,10,1,0,0,0,0,0,1,0,0,1,1
TXN_4207219,1.0,3.0,3.0,2023-09-16,9,16,5,0,0,0,0,0,0,0,0,0,0
TXN_4207981,1.0,4.0,4.0,2023-03-17,3,17,4,0,0,0,0,0,1,0,0,1,0
TXN_4208919,3.0,4.0,12.0,2023-05-30,5,30,1,0,0,0,0,1,0,0,0,1,1
TXN_4209377,2.0,5.0,10.0,2023-02-07,2,7,1,0,0,0,1,0,0,0,0,0,0
TXN_4209626,5.0,4.0,20.0,2023-07-04,7,4,1,0,0,0,0,1,0,0,1,0,1
TXN_4209748,2.0,1.0,2.0,2023-10-24,10,24,1,0,1,0,0,0,0,0,0,1,1
TXN_4213071,1.0,5.0,5.0,2023-04-10,4,10,0,0,0,0,1,0,0,0,0,1,1
TXN_4214066,2.0,3.0,6.0,2023-07-23,7,23,6,0,0,1,0,0,0,0,0,1,0
TXN_4215488,5.0,5.0,25.0,2023-10-07,10,7,5,0,0,0,1,0,0,0,0,1,0
TXN_4216055,5.0,1.0,5.0,2023-12-27,12,27,2,0,1,0,0,0,0,0,0,1,1
TXN_4216294,4.0,1.5,6.0,2023-10-19,10,19,3,0,0,0,0,0,0,1,0,0,0
TXN_4216821,2.0,1.5,3.0,2023-07-02,7,2,6,0,0,0,0,0,0,1,0,1,0
TXN_4218637,5.0,1.5,7.5,2023-08-31,8,31,3,0,0,0,0,0,0,1,0,0,1
TXN_4219548,5.0,2.0,10.0,2023-07-24,7,24,0,1,0,0,0,0,0,0,0,1,1
TXN_4220189,1.0,1.5,1.5,2023-08-16,8,16,2,0,0,0,0,0,0,1,0,1,1
TXN_4220743,4.0,4.0,16.0,2023-10-22,10,22,6,0,0,0,0,1,0,0,0,1,0
TXN_4222908,1.0,1.0,1.0,2023-12-14,12,14,3,0,1,0,0,0,0,0,0,1,0
TXN_4223265,5.0,3.0,15.0,2023-06-06,6,6,1,0,0,0,0,0,0,0,0,1,0
TXN_4223466,4.0,3.0,12.0,2023-05-31,5,31,2,0,0,1,0,0,0,0,0,1,1
TXN_4224284,2.0,1.0,2.0,2023-09-04,9,4,0,0,1,0,0,0,0,0,0,1,1
TXN_4224350,2.0,1.5,3.0,2023-07-09,7,9,6,0,0,0,0,0,0,1,0,1,0
TXN_4224401,3.0,5.0,15.0,2023-12-18,12,18,0,0,0,0,1,0,0,0,0,1,0
TXN_4224423,3.0,3.0,9.0,2023-08-27,8,27,6,0,0,1,0,0,0,0,0,0,1
TXN_4224427,4.0,3.0,12.0,2023-01-23,1,23,0,0,0,1,0,0,0,0,0,0,1
TXN_4225756,3.0,1.0,3.0,2023-03-10,3,10,4,0,1,0,0,0,0,0,0,1,0
TXN_4226287,1.0,1.0,1.0,2023-04-29,4,29,5,0,1,0,0,0,0,0,0,1,0
TXN_4226572,3.0,1.0,3.0,2023-05-16,5,16,1,0,1,0,0,0,0,0,0,1,1
TXN_4227337,4.0,1.5,6.0,2023-12-15,12,15,4,0,0,0,0,0,0,1,0,1,1
TXN_4228312,4.0,2.0,8.0,2023-01-22,1,22,6,1,0,0,0,0,0,0,0,1,0
TXN_4228838,5.0,2.0,10.0,2023-09-22,9,22,4,1,0,0,0,0,0,0,1,0,1
TXN_4231121,4.0,2.0,8.0,2023-09-01,9,1,4,1,0,0,0,0,0,0,0,1,1
TXN_4234636,1.0,4.0,4.0,2023-01-30,1,30,0,0,0,0,0,0,1,0,1,0,0
TXN_4234750,2.0,3.0,6.0,2023-09-03,9,3,6,0,0,1,0,0,0,0,0,0,1
TXN_4235472,5.0,5.0,25.0,2023-12-22,12,22,4,0,0,0,1,0,0,0,0,0,1
TXN_4238417,2.0,5.0,10.0,2023-06-19,6,19,0,0,0,0,1,0,0,0,0,1,1
TXN_4238818,2.0,2.0,4.0,2023-04-05,4,5,2,1,0,0,0,0,0,0,0,1,1
TXN_4239051,2.0,3.0,6.0,2023-09-30,9,30,5,0,0,1,0,0,0,0,0,0,1
TXN_4239859,1.0,3.0,3.0,2023-02-03,2,3,4,0,0,1,0,0,0,0,0,1,0
TXN_4240796,4.0,3.0,12.0,2023-03-28,3,28,1,0,0,1,0,0,0,0,0,1,1
TXN_4242676,5.0,2.0,10.0,2023-11-26,11,26,6,1,0,0,0,0,0,0,1,0,1
TXN_4243591,4.0,3.0,12.0,2023-10-11,10,11,2,0,0,0,0,0,0,0,1,0,0
TXN_4243930,5.0,4.0,20.0,2023-06-07,6,7,2,0,0,0,0,0,1,0,0,0,0
TXN_4244830,5.0,2.0,10.0,2023-04-24,4,24,0,1,0,0,0,0,0,0,0,1,0
TXN_4246000,2.0,1.0,2.0,2023-07-09,7,9,6,0,1,0,0,0,0,0,1,0,1
TXN_4247105,5.0,2.0,10.0,2023-04-14,4,14,4,1,0,0,0,0,0,0,0,0,0
TXN_4247602,5.0,5.0,25.0,2023-07-13,7,13,3,0,0,0,1,0,0,0,1,0,1
TXN_4248711,1.0,4.0,4.0,2023-08-01,8,1,1,0,0,0,0,0,1,0,0,0,1
TXN_4249989,4.0,2.0,8.0,2023-01-22,1,22,6,1,0,0,0,0,0,0,0,1,0
TXN_4250492,5.0,5.0,25.0,2023-09-29,9,29,4,0,0,0,1,0,0,0,0,1,1
TXN_4251500,4.0,1.0,4.0,2023-11-11,11,11,5,0,1,0,0,0,0,0,0,1,1
TXN_4252036,2.0,4.0,8.0,2023-01-22,1,22,6,0,0,0,0,1,0,0,0,0,1
TXN_4252608,3.0,3.0,9.0,2023-08-23,8,23,2,0,0,1,0,0,0,0,1,0,0
TXN_4254587,1.0,4.0,4.0,2023-05-27,5,27,5,0,0,0,0,0,1,0,0,1,1
TXN_4255116,4.0,3.0,12.0,2023-12-24,12,24,6,0,0,1,0,0,0,0,1,0,0
TXN_4255503,3.0,2.0,6.0,2023-11-19,11,19,6,1,0,0,0,0,0,0,0,1,1
TXN_4255767,1.0,3.0,3.0,2023-05-25,5,25,3,0,0,1,0,0,0,0,0,1,0
TXN_4256155,5.0,3.0,15.0,2023-04-06,4,6,3,0,0,0,0,0,0,0,0,1,1
TXN_4256200,5.0,1.5,7.5,2023-06-29,6,29,3,0,0,0,0,0,0,1,0,1,1
TXN_4257830,5.0,1.0,5.0,2023-08-04,8,4,4,0,1,0,0,0,0,0,1,0,0
TXN_4258943,2.0,4.0,8.0,2023-01-02,1,2,0,0,0,0,0,1,0,0,1,0,0
TXN_4258949,2.0,3.0,6.0,2023-03-07,3,7,1,0,0,0,0,0,0,0,1,0,1
TXN_4260738,2.0,2.0,4.0,2023-11-15,11,15,2,1,0,0,0,0,0,0,0,1,0
TXN_4260865,4.0,4.0,16.0,2023-02-25,2,25,5,0,0,0,0,0,1,0,1,0,1
TXN_4262142,2.0,3.0,6.0,2023-01-02,1,2,0,0,0,0,0,0,0,0,0,0,1
TXN_4262451,1.0,2.0,2.0,2023-10-16,10,16,0,1,0,0,0,0,0,0,0,1,1
TXN_4265056,1.0,3.0,3.0,2023-07-16,7,16,6,0,0,1,0,0,0,0,0,0,0
TXN_4265942,5.0,2.0,10.0,2023-04-24,4,24,0,1,0,0,0,0,0,0,0,1,0
TXN_4266069,1.0,2.0,2.0,2023-12-25,12,25,0,1,0,0,0,0,0,0,0,1,0
TXN_4266787,4.0,3.0,12.0,2023-01-12,1,12,3,0,0,1,0,0,0,0,1,0,1
TXN_4267136,1.0,1.5,1.5,2023-08-02,8,2,2,0,0,0,0,0,0,1,1,0,0
TXN_4268051,1.0,1.0,1.0,2023-05-05,5,5,4,0,1,0,0,0,0,0,0,1,0
TXN_4268167,4.0,4.0,16.0,2023-07-06,7,6,3,0,0,0,0,0,1,0,1,0,0
TXN_4268746,5.0,3.0,15.0,2023-01-12,1,12,3,0,0,0,0,0,0,0,1,0,0
TXN_4269933,2.0,4.0,8.0,2023-03-28,3,28,1,0,0,0,0,0,1,0,1,0,1
TXN_4271034,3.0,4.0,12.0,2023-02-28,2,28,1,0,0,0,0,0,1,0,0,1,0
TXN_4271502,2.0,3.0,6.0,2023-07-03,7,3,0,0,0,1,0,0,0,0,0,1,0
TXN_4271744,3.0,3.0,9.0,2023-06-19,6,19,0,0,0,1,0,0,0,0,0,1,1
TXN_4271903,4.0,1.0,4.0,2023-07-19,7,19,2,0,1,0,0,0,0,0,1,0,0
TXN_4275169,1.0,5.0,5.0,2023-06-27,6,27,1,0,0,0,1,0,0,0,0,1,1
TXN_4275827,2.0,1.5,3.0,2023-04-21,4,21,4,0,0,0,0,0,0,1,0,0,1
TXN_4276442,4.0,3.0,12.0,2023-01-25,1,25,2,0,0,0,0,0,0,0,1,0,0
TXN_4276482,4.0,4.0,16.0,2023-08-26,8,26,5,0,0,0,0,1,0,0,1,0,1
TXN_4276702,1.0,1.0,1.0,2023-11-17,11,17,4,0,1,0,0,0,0,0,1,0,0
TXN_4277671,5.0,1.5,7.5,2023-08-21,8,21,0,0,0,0,0,0,0,1,0,0,1
TXN_4278785,3.0,5.0,15.0,2023-04-29,4,29,5,0,0,0,1,0,0,0,0,0,0
TXN_4283157,5.0,5.0,25.0,2023-11-25,11,25,5,0,0,0,1,0,0,0,0,1,0
TXN_4283360,2.0,2.0,4.0,2023-12-19,12,19,1,1,0,0,0,0,0,0,1,0,0
TXN_4283563,2.0,1.5,3.0,2023-05-04,5,4,3,0,0,0,0,0,0,1,0,0,1
TXN_4283693,2.0,5.0,10.0,2023-01-05,1,5,3,0,0,0,1,0,0,0,0,0,0
TXN_4284492,3.0,3.0,9.0,2023-05-30,5,30,1,0,0,1,0,0,0,0,0,1,1
TXN_4284507,4.0,4.0,16.0,2023-07-17,7,17,0,0,0,0,0,0,1,0,0,1,1
TXN_4290475,1.0,4.0,4.0,2023-04-20,4,20,3,0,0,0,0,0,1,0,0,0,1
TXN_4291132,2.0,3.0,6.0,2023-08-07,8,7,0,0,0,0,0,0,0,0,1,0,1
TXN_4291940,3.0,3.0,9.0,2023-11-13,11,13,0,0,0,0,0,0,0,0,1,0,0
TXN_4292280,4.0,3.0,12.0,2023-01-01,1,1,6,0,0,0,0,0,0,0,0,0,1
TXN_4293196,3.0,1.0,3.0,2023-06-17,6,17,5,0,1,0,0,0,0,0,0,1,0
TXN_4293694,5.0,4.0,20.0,2023-08-03,8,3,3,0,0,0,0,0,1,0,0,0,0
TXN_4294955,5.0,5.0,25.0,2023-10-19,10,19,3,0,0,0,1,0,0,0,0,1,0
TXN_4296023,5.0,1.5,7.5,2023-10-08,10,8,6,0,0,0,0,0,0,1,0,1,0
TXN_4296204,5.0,5.0,25.0,2023-11-28,11,28,1,0,0,0,1,0,0,0,0,1,0
TXN_4297979,1.0,2.0,2.0,2023-08-14,8,14,0,1,0,0,0,0,0,0,0,1,0
TXN_4298189,1.0,2.0,2.0,2023-10-13,10,13,4,1,0,0,0,0,0,0,0,1,0
TXN_4301188,4.0,4.0,16.0,2023-12-23,12,23,5,0,0,0,0,0,1,0,1,0,0
TXN_4302199,3.0,1.5,4.5,2023-02-16,2,16,3,0,0,0,0,0,0,1,0,1,0
TXN_4305997,3.0,1.5,4.5,2023-11-22,11,22,2,0,0,0,0,0,0,1,0,1,0
TXN_4307602,4.0,1.0,4.0,2023-12-30,12,30,5,0,1,0,0,0,0,0,0,0,0
TXN_4308634,3.0,2.0,6.0,2023-02-14,2,14,1,1,0,0,0,0,0,0,0,0,0
TXN_4310310,3.0,3.0,9.0,2023-03-08,3,8,2,0,0,0,0,0,0,0,0,0,1
TXN_4310629,3.0,3.0,9.0,2023-10-02,10,2,0,0,0,0,0,0,0,0,1,0,1
TXN_4311086,4.0,3.0,12.0,2023-10-10,10,10,1,0,0,0,0,0,0,0,0,1,0
TXN_4311369,2.0,4.0,8.0,2023-08-18,8,18,4,0,0,0,0,0,1,0,0,1,1
TXN_4312977,1.0,3.0,3.0,2023-03-15,3,15,2,0,0,1,0,0,0,0,0,1,0
TXN_4314314,4.0,3.0,12.0,2023-01-02,1,2,0,0,0,0,0,0,0,0,0,0,1
TXN_4314504,1.0,3.0,3.0,2023-06-01,6,1,3,0,0,0,0,0,0,0,0,1,0
TXN_4315166,2.0,4.0,8.0,2023-06-10,6,10,5,0,0,0,0,1,0,0,0,1,1
TXN_4315988,2.0,5.0,10.0,2023-04-12,4,12,2,0,0,0,1,0,0,0,0,0,1
TXN_4318159,4.0,2.0,8.0,2023-03-30,3,30,3,1,0,0,0,0,0,0,0,1,0
TXN_4321091,2.0,4.0,8.0,2023-06-15,6,15,3,0,0,0,0,0,1,0,0,0,0
TXN_4321368,4.0,2.0,8.0,2023-12-09,12,9,5,1,0,0,0,0,0,0,0,1,1
TXN_4323120,5.0,2.0,10.0,2023-08-29,8,29,1,1,0,0,0,0,0,0,1,0,1
TXN_4323570,1.0,1.0,1.0,2023-03-04,3,4,5,0,1,0,0,0,0,0,0,0,0
TXN_4325648,3.0,3.0,9.0,2023-05-04,5,4,3,0,0,1,0,0,0,0,0,1,1
TXN_4328090,1.0,4.0,4.0,2023-04-18,4,18,1,0,0,0,0,1,0,0,0,1,0
TXN_4328228,5.0,4.0,20.0,2023-01-08,1,8,6,0,0,0,0,1,0,0,0,1,1
TXN_4328869,2.0,4.0,8.0,2023-05-02,5,2,1,0,0,0,0,1,0,0,0,0,1
TXN_4329116,3.0,3.0,9.0,2023-09-29,9,29,4,0,0,0,0,0,0,0,1,0,0
TXN_4329558,4.0,2.0,8.0,2023-04-22,4,22,5,1,0,0,0,0,0,0,0,1,1
TXN_4330643,3.0,1.0,3.0,2023-05-15,5,15,0,0,1,0,0,0,0,0,0,0,1
TXN_4331281,3.0,3.0,9.0,2023-02-03,2,3,4,0,0,0,0,0,0,0,0,1,1
TXN_4331770,4.0,5.0,20.0,2023-06-04,6,4,6,0,0,0,1,0,0,0,0,1,0
TXN_4334932,2.0,2.0,4.0,2023-12-27,12,27,2,1,0,0,0,0,0,0,0,1,0
TXN_4335735,2.0,2.0,4.0,2023-04-07,4,7,4,1,0,0,0,0,0,0,0,1,1
TXN_4336247,5.0,2.0,10.0,2023-03-03,3,3,4,1,0,0,0,0,0,0,0,1,1
TXN_4336291,5.0,5.0,25.0,2023-03-25,3,25,5,0,0,0,1,0,0,0,0,0,0
TXN_4336844,4.0,4.0,16.0,2023-07-09,7,9,6,0,0,0,0,0,1,0,0,0,0
TXN_4336892,2.0,1.0,2.0,2023-06-04,6,4,6,0,1,0,0,0,0,0,0,1,0
TXN_4339682,5.0,5.0,25.0,2023-03-04,3,4,5,0,0,0,1,0,0,0,0,1,0
TXN_4339925,1.0,1.0,1.0,2023-11-23,11,23,3,0,1,0,0,0,0,0,0,0,1
TXN_4340811,5.0,3.0,15.0,2023-04-15,4,15,5,0,0,0,0,0,0,0,0,1,0
TXN_4341126,2.0,3.0,6.0,2023-07-01,7,1,5,0,0,0,0,0,0,0,0,0,1
TXN_4341764,2.0,2.0,4.0,2023-12-02,12,2,5,1,0,0,0,0,0,0,0,0,1
TXN_4342098,4.0,4.0,16.0,2023-05-24,5,24,2,0,0,0,0,0,1,0,0,0,0
TXN_4343133,4.0,1.0,4.0,2023-03-04,3,4,5,0,1,0,0,0,0,0,0,1,0
TXN_4343391,5.0,1.0,5.0,2023-06-01,6,1,3,0,1,0,0,0,0,0,0,0,1
TXN_4343848,5.0,1.0,5.0,2023-07-16,7,16,6,0,1,0,0,0,0,0,1,0,1
TXN_4346607,2.0,5.0,10.0,2023-03-17,3,17,4,0,0,0,1,0,0,0,0,1,1
TXN_4346813,5.0,5.0,25.0,2023-07-07,7,7,4,0,0,0,1,0,0,0,0,1,1
TXN_4349597,4.0,3.0,12.0,2023-08-21,8,21,0,0,0,1,0,0,0,0,1,0,0
TXN_4349970,5.0,1.0,5.0,2023-05-25,5,25,3,0,1,0,0,0,0,0,0,1,0
TXN_4350788,3.0,1.5,4.5,2023-06-28,6,28,2,0,0,0,0,0,0,1,0,1,0
TXN_4350798,1.0,5.0,5.0,2023-11-23,11,23,3,0,0,0,1,0,0,0,1,0,0
TXN_4350828,2.0,3.0,6.0,2023-02-16,2,16,3,0,0,1,0,0,0,0,0,1,0
TXN_4350854,2.0,1.0,2.0,2023-01-31,1,31,1,0,1,0,0,0,0,0,0,0,0
TXN_4352950,1.0,2.0,2.0,2023-02-06,2,6,0,1,0,0,0,0,0,0,0,1,1
TXN_4353750,2.0,3.0,6.0,2023-03-02,3,2,3,0,0,0,0,0,0,0,1,0,0
TXN_4355728,4.0,3.0,12.0,2023-03-06,3,6,0,0,0,0,0,0,0,0,1,0,1
TXN_4355766,5.0,1.0,5.0,2023-11-07,11,7,1,0,1,0,0,0,0,0,0,1,0
TXN_4356114,2.0,3.0,6.0,2023-05-05,5,5,4,0,0,1,0,0,0,0,0,0,1
TXN_4356223,3.0,5.0,15.0,2023-11-23,11,23,3,0,0,0,1,0,0,0,0,1,1
TXN_4356564,2.0,2.0,4.0,2023-10-05,10,5,3,1,0,0,0,0,0,0,1,0,1
TXN_4358673,5.0,1.0,5.0,2023-12-28,12,28,3,0,1,0,0,0,0,0,0,1,1
TXN_4359568,3.0,2.0,6.0,2023-12-21,12,21,3,1,0,0,0,0,0,0,0,1,0
TXN_4359885,2.0,1.0,2.0,2023-01-16,1,16,0,0,1,0,0,0,0,0,1,0,0
TXN_4360040,1.0,5.0,5.0,2023-11-15,11,15,2,0,0,0,1,0,0,0,1,0,0
TXN_4360906,2.0,4.0,8.0,2023-06-11,6,11,6,0,0,0,0,1,0,0,0,1,0
TXN_4360970,3.0,1.5,4.5,2023-06-28,6,28,2,0,0,0,0,0,0,1,0,1,1
TXN_4361614,2.0,4.0,8.0,2023-04-28,4,28,4,0,0,0,0,0,1,0,0,1,1
TXN_4363360,1.0,4.0,4.0,2023-12-22,12,22,4,0,0,0,0,0,1,0,1,0,0
TXN_4364091,1.0,4.0,4.0,2023-04-14,4,14,4,0,0,0,0,0,1,0,0,1,1
TXN_4364374,2.0,4.0,8.0,2023-04-20,4,20,3,0,0,0,0,1,0,0,0,0,1
TXN_4365321,4.0,5.0,20.0,2023-03-09,3,9,3,0,0,0,1,0,0,0,0,0,0
TXN_4366417,3.0,4.0,12.0,2023-10-10,10,10,1,0,0,0,0,1,0,0,0,1,1
TXN_4367044,1.0,4.0,4.0,2023-05-02,5,2,1,0,0,0,0,0,1,0,0,0,0
TXN_4367311,5.0,2.0,10.0,2023-02-26,2,26,6,1,0,0,0,0,0,0,0,1,0
TXN_4367689,2.0,1.0,2.0,2023-09-30,9,30,5,0,1,0,0,0,0,0,0,0,1
TXN_4368416,2.0,5.0,10.0,2023-02-24,2,24,4,0,0,0,1,0,0,0,1,0,1
TXN_4368729,3.0,2.0,6.0,2023-06-11,6,11,6,1,0,0,0,0,0,0,0,1,0
TXN_4369043,2.0,3.0,6.0,2023-03-25,3,25,5,0,0,1,0,0,0,0,0,0,1
TXN_4369292,1.0,3.0,3.0,2023-10-09,10,9,0,0,0,0,0,0,0,0,1,0,1
TXN_4371760,2.0,4.0,8.0,2023-01-12,1,12,3,0,0,0,0,0,1,0,0,0,0
TXN_4372163,1.0,4.0,4.0,2023-03-10,3,10,4,0,0,0,0,1,0,0,0,1,0
TXN_4374260,1.0,1.0,1.0,2023-04-20,4,20,3,0,1,0,0,0,0,0,0,0,0
TXN_4374963,1.0,3.0,3.0,2023-07-04,7,4,1,0,0,1,0,0,0,0,0,0,0
TXN_4375698,5.0,4.0,20.0,2023-12-30,12,30,5,0,0,0,0,1,0,0,1,0,0
TXN_4375708,4.0,4.0,16.0,2023-08-01,8,1,1,0,0,0,0,1,0,0,1,0,1
TXN_4376214,5.0,5.0,25.0,2023-04-26,4,26,2,0,0,0,1,0,0,0,0,1,1
TXN_4376376,3.0,5.0,15.0,2023-09-05,9,5,1,0,0,0,1,0,0,0,0,1,1
TXN_4377249,3.0,2.0,6.0,2023-07-26,7,26,2,1,0,0,0,0,0,0,0,1,1
TXN_4378200,5.0,1.5,7.5,2023-09-04,9,4,0,0,0,0,0,0,0,1,1,0,0
TXN_4378637,1.0,1.0,1.0,2023-05-12,5,12,4,0,1,0,0,0,0,0,0,1,1
TXN_4379467,1.0,1.5,1.5,2023-06-16,6,16,4,0,0,0,0,0,0,1,0,1,1
TXN_4380808,4.0,3.0,12.0,2023-04-30,4,30,6,0,0,1,0,0,0,0,0,1,0
TXN_4381404,5.0,5.0,25.0,2023-08-15,8,15,1,0,0,0,1,0,0,0,1,0,0
TXN_4382406,5.0,2.0,10.0,2023-09-26,9,26,1,1,0,0,0,0,0,0,0,1,1
TXN_4382802,1.0,4.0,4.0,2023-07-17,7,17,0,0,0,0,0,1,0,0,0,1,1
TXN_4382956,4.0,1.5,6.0,2023-11-16,11,16,3,0,0,0,0,0,0,1,1,0,1
TXN_4382970,1.0,1.5,1.5,2023-06-04,6,4,6,0,0,0,0,0,0,1,0,1,0
TXN_4383002,1.0,2.0,2.0,2023-12-18,12,18,0,1,0,0,0,0,0,0,0,1,0
TXN_4383311,2.0,3.0,6.0,2023-09-23,9,23,5,0,0,0,0,0,0,0,1,0,0
TXN_4385240,4.0,1.0,4.0,2023-02-10,2,10,4,0,1,0,0,0,0,0,0,0,1
TXN_4385632,5.0,1.5,7.5,2023-06-18,6,18,6,0,0,0,0,0,0,1,1,0,1
TXN_4385826,2.0,1.5,3.0,2023-08-02,8,2,2,0,0,0,0,0,0,1,1,0,1
TXN_4386732,4.0,4.0,16.0,2023-08-01,8,1,1,0,0,0,0,0,1,0,0,0,0
TXN_4387303,1.0,1.0,1.0,2023-06-27,6,27,1,0,1,0,0,0,0,0,0,1,0
TXN_4387523,3.0,3.0,9.0,2023-02-07,2,7,1,0,0,0,0,0,0,0,0,1,0
TXN_4389662,1.0,4.0,4.0,2023-08-09,8,9,2,0,0,0,0,0,1,0,0,0,1
TXN_4390633,2.0,1.5,3.0,2023-10-17,10,17,1,0,0,0,0,0,0,1,0,1,1
TXN_4390911,2.0,5.0,10.0,2023-12-19,12,19,1,0,0,0,1,0,0,0,0,1,0
TXN_4391496,1.0,4.0,4.0,2023-02-20,2,20,0,0,0,0,0,1,0,0,0,0,0
TXN_4392519,2.0,1.0,2.0,2023-09-20,9,20,2,0,1,0,0,0,0,0,0,0,1
TXN_4397349,2.0,4.0,8.0,2023-06-08,6,8,3,0,0,0,0,1,0,0,0,1,1
TXN_4397994,5.0,1.0,5.0,2023-09-26,9,26,1,0,1,0,0,0,0,0,0,1,1
TXN_4398750,2.0,4.0,8.0,2023-05-28,5,28,6,0,0,0,0,1,0,0,0,0,0
TXN_4401563,5.0,3.0,15.0,2023-09-20,9,20,2,0,0,1,0,0,0,0,0,1,1
TXN_4403699,1.0,1.0,1.0,2023-08-19,8,19,5,0,1,0,0,0,0,0,1,0,0
TXN_4406290,5.0,2.0,10.0,2023-07-02,7,2,6,1,0,0,0,0,0,0,0,1,0
TXN_4407203,4.0,1.0,4.0,2023-08-21,8,21,0,0,1,0,0,0,0,0,0,0,1
TXN_4407308,4.0,1.5,6.0,2023-09-19,9,19,1,0,0,0,0,0,0,1,0,1,0
TXN_4407959,1.0,1.5,1.5,2023-01-28,1,28,5,0,0,0,0,0,0,1,0,1,1
TXN_4408913,2.0,5.0,10.0,2023-08-24,8,24,3,0,0,0,1,0,0,0,0,0,0
TXN_4409875,3.0,3.0,9.0,2023-09-08,9,8,4,0,0,0,0,0,0,0,0,1,1
TXN_4411007,5.0,1.0,5.0,2023-05-17,5,17,2,0,1,0,0,0,0,0,0,1,1
TXN_4411172,4.0,4.0,16.0,2023-07-09,7,9,6,0,0,0,0,0,1,0,0,0,0
TXN_4413197,4.0,1.5,6.0,2023-09-06,9,6,2,0,0,0,0,0,0,1,0,1,0
TXN_4413506,4.0,3.0,12.0,2023-10-29,10,29,6,0,0,1,0,0,0,0,0,1,0
TXN_4413776,5.0,2.0,10.0,2023-07-21,7,21,4,1,0,0,0,0,0,0,0,0,1
TXN_4416331,1.0,1.0,1.0,2023-02-13,2,13,0,0,1,0,0,0,0,0,1,0,1
TXN_4416436,3.0,2.0,6.0,2023-05-17,5,17,2,1,0,0,0,0,0,0,0,1,1
TXN_4417257,5.0,5.0,25.0,2023-05-06,5,6,5,0,0,0,1,0,0,0,0,1,1
TXN_4419474,2.0,3.0,6.0,2023-02-04,2,4,5,0,0,1,0,0,0,0,0,1,0
TXN_4422898,2.0,5.0,10.0,2023-04-20,4,20,3,0,0,0,1,0,0,0,1,0,0
TXN_4423218,3.0,1.0,3.0,2023-05-29,5,29,0,0,1,0,0,0,0,0,0,0,0
TXN_4423879,5.0,3.0,15.0,2023-02-12,2,12,6,0,0,1,0,0,0,0,0,1,0
TXN_4425164,4.0,3.0,12.0,2023-01-13,1,13,4,0,0,1,0,0,0,0,1,0,1
TXN_4427348,5.0,3.0,15.0,2023-12-22,12,22,4,0,0,0,0,0,0,0,0,0,1
TXN_4428252,3.0,4.0,12.0,2023-10-31,10,31,1,0,0,0,0,1,0,0,0,1,1
TXN_4428448,4.0,1.0,4.0,2023-02-04,2,4,5,0,1,0,0,0,0,0,0,1,0
TXN_4428486,1.0,4.0,4.0,2023-07-28,7,28,4,0,0,0,0,0,1,0,0,1,1
TXN_4430006,5.0,3.0,15.0,2023-01-14,1,14,5,0,0,1,0,0,0,0,0,0,0
TXN_4430176,4.0,4.0,16.0,2023-08-27,8,27,6,0,0,0,0,1,0,0,1,0,1
TXN_4430474,2.0,3.0,6.0,2023-06-08,6,8,3,0,0,0,0,0,0,0,0,1,0
TXN_4430772,5.0,2.0,10.0,2023-01-11,1,11,2,1,0,0,0,0,0,0,1,0,0
TXN_4431179,3.0,4.0,12.0,2023-08-13,8,13,6,0,0,0,0,1,0,0,0,1,1
TXN_4431264,2.0,4.0,8.0,2023-11-14,11,14,1,0,0,0,0,0,1,0,0,1,0
TXN_4432082,5.0,3.0,15.0,2023-04-20,4,20,3,0,0,1,0,0,0,0,0,1,0
TXN_4432252,5.0,4.0,20.0,2023-02-16,2,16,3,0,0,0,0,0,1,0,1,0,1
TXN_4432546,2.0,2.0,4.0,2023-11-29,11,29,2,1,0,0,0,0,0,0,0,1,1
TXN_4432823,5.0,4.0,20.0,2023-02-10,2,10,4,0,0,0,0,1,0,0,1,0,0
TXN_4433211,3.0,3.0,9.0,2023-10-06,10,6,4,0,0,0,0,0,0,0,0,1,1
TXN_4434005,1.0,1.0,1.0,2023-03-20,3,20,0,0,1,0,0,0,0,0,0,1,0
TXN_4434185,5.0,4.0,20.0,2023-04-30,4,30,6,0,0,0,0,0,1,0,1,0,1
TXN_4435352,2.0,5.0,10.0,2023-05-03,5,3,2,0,0,0,1,0,0,0,1,0,0
TXN_4437520,3.0,4.0,12.0,2023-07-28,7,28,4,0,0,0,0,0,1,0,1,0,1
TXN_4439120,2.0,1.0,2.0,2023-03-31,3,31,4,0,1,0,0,0,0,0,1,0,0
TXN_4439321,3.0,2.0,6.0,2023-04-25,4,25,1,1,0,0,0,0,0,0,0,0,0
TXN_4439660,3.0,2.0,6.0,2023-02-06,2,6,0,1,0,0,0,0,0,0,0,1,1
TXN_4440412,3.0,4.0,12.0,2023-04-15,4,15,5,0,0,0,0,1,0,0,0,0,1
TXN_4442095,4.0,5.0,20.0,2023-02-18,2,18,5,0,0,0,1,0,0,0,0,1,1
TXN_4442954,2.0,2.0,4.0,2023-12-15,12,15,4,1,0,0,0,0,0,0,0,0,1
TXN_4444463,4.0,3.0,12.0,2023-05-16,5,16,1,0,0,0,0,0,0,0,0,0,0
TXN_4447856,2.0,4.0,8.0,2023-09-11,9,11,0,0,0,0,0,0,1,0,0,0,1
TXN_4448318,4.0,2.0,8.0,2023-08-07,8,7,0,1,0,0,0,0,0,0,0,1,1
TXN_4448424,4.0,5.0,20.0,2023-01-31,1,31,1,0,0,0,1,0,0,0,0,1,1
TXN_4449173,1.0,2.0,2.0,2023-04-05,4,5,2,1,0,0,0,0,0,0,0,1,1
TXN_4449992,3.0,1.0,3.0,2023-01-09,1,9,0,0,1,0,0,0,0,0,0,1,1
TXN_4451380,3.0,1.0,3.0,2023-07-10,7,10,0,0,1,0,0,0,0,0,0,1,0
TXN_4452589,1.0,1.5,1.5,2023-08-22,8,22,1,0,0,0,0,0,0,1,0,1,1
TXN_4454198,1.0,1.5,1.5,2023-08-22,8,22,1,0,0,0,0,0,0,1,0,1,0
TXN_4455667,2.0,4.0,8.0,2023-08-13,8,13,6,0,0,0,0,1,0,0,1,0,1
TXN_4457299,3.0,4.0,12.0,2023-09-19,9,19,1,0,0,0,0,0,1,0,1,0,0
TXN_4458848,2.0,1.0,2.0,2023-10-30,10,30,0,0,1,0,0,0,0,0,0,1,0
TXN_4459351,5.0,4.0,20.0,2023-12-08,12,8,4,0,0,0,0,0,1,0,1,0,0
TXN_4462052,1.0,1.0,1.0,2023-10-12,10,12,3,0,1,0,0,0,0,0,0,0,0
TXN_4463677,5.0,5.0,25.0,2023-02-27,2,27,0,0,0,0,1,0,0,0,0,1,0
TXN_4464373,2.0,1.0,2.0,2023-04-22,4,22,5,0,1,0,0,0,0,0,0,1,0
TXN_4465589,2.0,1.5,3.0,2023-03-26,3,26,6,0,0,0,0,0,0,1,1,0,0
TXN_4466681,2.0,2.0,4.0,2023-01-12,1,12,3,1,0,0,0,0,0,0,0,0,1
TXN_4467046,4.0,5.0,20.0,2023-09-27,9,27,2,0,0,0,1,0,0,0,0,1,1
TXN_4468830,4.0,4.0,16.0,2023-11-10,11,10,4,0,0,0,0,0,1,0,0,1,0
TXN_4469550,3.0,3.0,9.0,2023-05-10,5,10,2,0,0,1,0,0,0,0,1,0,0
TXN_4469769,5.0,5.0,25.0,2023-08-15,8,15,1,0,0,0,1,0,0,0,1,0,0
TXN_4472156,1.0,1.0,1.0,2023-11-03,11,3,4,0,1,0,0,0,0,0,0,1,0
TXN_4472969,1.0,3.0,3.0,2023-09-15,9,15,4,0,0,1,0,0,0,0,1,0,1
TXN_4473352,1.0,3.0,3.0,2023-11-16,11,16,3,0,0,0,0,0,0,0,0,1,0
TXN_4474441,4.0,2.0,8.0,2023-08-23,8,23,2,1,0,0,0,0,0,0,1,0,0
TXN_4475094,3.0,4.0,12.0,2023-08-12,8,12,5,0,0,0,0,1,0,0,1,0,0
TXN_4475412,3.0,4.0,12.0,2023-10-31,10,31,1,0,0,0,0,1,0,0,0,1,1
TXN_4475487,3.0,4.0,12.0,2023-06-01,6,1,3,0,0,0,0,0,1,0,0,0,0
TXN_4476076,2.0,4.0,8.0,2023-03-26,3,26,6,0,0,0,0,0,1,0,0,1,1
TXN_4476151,4.0,3.0,12.0,2023-02-15,2,15,2,0,0,1,0,0,0,0,1,0,0
TXN_4476539,2.0,5.0,10.0,2023-04-19,4,19,2,0,0,0,1,0,0,0,0,0,1
TXN_4476634,2.0,1.5,3.0,2023-06-16,6,16,4,0,0,0,0,0,0,1,1,0,1
TXN_4477016,4.0,4.0,16.0,2023-04-12,4,12,2,0,0,0,0,1,0,0,0,1,0
TXN_4477559,5.0,3.0,15.0,2023-10-02,10,2,0,0,0,1,0,0,0,0,1,0,1
TXN_4478185,2.0,3.0,6.0,2023-08-25,8,25,4,0,0,0,0,0,0,0,0,0,0
TXN_4479052,4.0,5.0,20.0,2023-12-05,12,5,1,0,0,0,1,0,0,0,0,1,0
TXN_4482692,2.0,5.0,10.0,2023-04-14,4,14,4,0,0,0,1,0,0,0,1,0,0
TXN_4483226,1.0,3.0,3.0,2023-08-08,8,8,1,0,0,1,0,0,0,0,1,0,1
TXN_4483304,4.0,4.0,16.0,2023-11-08,11,8,2,0,0,0,0,0,1,0,1,0,1
TXN_4483585,5.0,4.0,20.0,2023-12-26,12,26,1,0,0,0,0,0,1,0,0,1,1
TXN_4485458,4.0,4.0,16.0,2023-12-08,12,8,4,0,0,0,0,1,0,0,0,0,1
TXN_4486700,2.0,3.0,6.0,2023-02-08,2,8,2,0,0,0,0,0,0,0,0,1,1
TXN_4487345,3.0,4.0,12.0,2023-05-10,5,10,2,0,0,0,0,1,0,0,0,1,0
TXN_4487966,3.0,3.0,9.0,2023-08-10,8,10,3,0,0,1,0,0,0,0,0,0,0
TXN_4488222,3.0,1.5,4.5,2023-03-13,3,13,0,0,0,0,0,0,0,1,0,1,1
TXN_4489757,5.0,4.0,20.0,2023-05-03,5,3,2,0,0,0,0,0,1,0,1,0,1
TXN_4490958,2.0,2.0,4.0,2023-03-30,3,30,3,1,0,0,0,0,0,0,0,1,1
TXN_4491072,4.0,4.0,16.0,2023-12-03,12,3,6,0,0,0,0,0,1,0,1,0,0
TXN_4493176,3.0,1.5,4.5,2023-10-14,10,14,5,0,0,0,0,0,0,1,0,1,1
TXN_4493661,1.0,4.0,4.0,2023-07-08,7,8,5,0,0,0,0,1,0,0,0,0,0
TXN_4493874,5.0,1.0,5.0,2023-11-19,11,19,6,0,1,0,0,0,0,0,0,1,0
TXN_4493878,5.0,2.0,10.0,2023-03-11,3,11,5,1,0,0,0,0,0,0,1,0,0
TXN_4496616,5.0,5.0,25.0,2023-10-07,10,7,5,0,0,0,1,0,0,0,0,1,1
TXN_4496665,2.0,4.0,8.0,2023-12-10,12,10,6,0,0,0,0,1,0,0,0,1,1
TXN_4497327,2.0,1.0,2.0,2023-11-08,11,8,2,0,1,0,0,0,0,0,1,0,1
TXN_4498370,4.0,4.0,16.0,2023-07-24,7,24,0,0,0,0,0,0,1,0,0,1,1
TXN_4498526,3.0,4.0,12.0,2023-06-20,6,20,1,0,0,0,0,0,1,0,1,0,1
TXN_4501168,1.0,1.5,1.5,2023-06-28,6,28,2,0,0,0,0,0,0,1,0,1,0
TXN_4501915,4.0,3.0,12.0,2023-12-04,12,4,0,0,0,1,0,0,0,0,1,0,1
TXN_4502314,3.0,1.0,3.0,2023-06-02,6,2,4,0,1,0,0,0,0,0,1,0,1
TXN_4502704,4.0,1.5,6.0,2023-04-04,4,4,1,0,0,0,0,0,0,1,0,1,0
TXN_4502922,1.0,4.0,4.0,2023-06-23,6,23,4,0,0,0,0,0,1,0,1,0,1
TXN_4503560,5.0,3.0,15.0,2023-02-21,2,21,1,0,0,0,0,0,0,0,0,1,1
TXN_4503716,1.0,3.0,3.0,2023-11-12,11,12,6,0,0,0,0,0,0,0,0,1,0
TXN_4504141,5.0,4.0,20.0,2023-09-28,9,28,3,0,0,0,0,1,0,0,1,0,0
TXN_4506778,3.0,3.0,9.0,2023-04-21,4,21,4,0,0,0,0,0,0,0,0,1,1
TXN_4506936,1.0,1.0,1.0,2023-03-20,3,20,0,0,1,0,0,0,0,0,1,0,1
TXN_4507533,1.0,3.0,3.0,2023-08-31,8,31,3,0,0,0,0,0,0,0,0,1,1
TXN_4507630,2.0,4.0,8.0,2023-05-11,5,11,3,0,0,0,0,0,1,0,0,1,1
TXN_4507755,2.0,3.0,6.0,2023-05-10,5,10,2,0,0,0,0,0,0,0,0,1,0
TXN_4508067,5.0,4.0,20.0,2023-03-19,3,19,6,0,0,0,0,0,1,0,1,0,1
TXN_4509329,1.0,1.5,1.5,2023-10-22,10,22,6,0,0,0,0,0,0,1,0,1,1
TXN_4511996,3.0,3.0,9.0,2023-09-18,9,18,0,0,0,1,0,0,0,0,0,1,0
TXN_4512118,2.0,2.0,4.0,2023-04-20,4,20,3,1,0,0,0,0,0,0,0,1,1
TXN_4516901,2.0,1.5,3.0,2023-09-05,9,5,1,0,0,0,0,0,0,1,1,0,0
TXN_4518102,5.0,1.5,7.5,2023-02-08,2,8,2,0,0,0,0,0,0,1,1,0,0
TXN_4518505,5.0,1.5,7.5,2023-05-09,5,9,1,0,0,0,0,0,0,1,0,0,1
TXN_4519915,1.0,4.0,4.0,2023-05-15,5,15,0,0,0,0,0,0,1,0,0,1,0
TXN_4520062,2.0,1.5,3.0,2023-01-10,1,10,1,0,0,0,0,0,0,1,0,1,0
TXN_4521701,4.0,3.0,12.0,2023-10-08,10,8,6,0,0,0,0,0,0,0,0,1,0
TXN_4522012,2.0,2.0,4.0,2023-04-13,4,13,3,1,0,0,0,0,0,0,0,1,0
TXN_4522292,1.0,1.0,1.0,2023-07-12,7,12,2,0,1,0,0,0,0,0,0,1,0
TXN_4523273,4.0,3.0,12.0,2023-10-17,10,17,1,0,0,0,0,0,0,0,0,1,1
TXN_4525646,3.0,3.0,9.0,2023-07-07,7,7,4,0,0,0,0,0,0,0,1,0,1
TXN_4526296,5.0,4.0,20.0,2023-11-23,11,23,3,0,0,0,0,0,1,0,0,0,1
TXN_4527464,4.0,1.5,6.0,2023-08-09,8,9,2,0,0,0,0,0,0,1,0,0,0
TXN_4528522,5.0,2.0,10.0,2023-12-04,12,4,0,1,0,0,0,0,0,0,0,1,1
TXN_4528664,3.0,5.0,15.0,2023-12-31,12,31,6,0,0,0,1,0,0,0,0,0,0
TXN_4528914,1.0,5.0,5.0,2023-08-06,8,6,6,0,0,0,1,0,0,0,0,1,0
TXN_4529101,2.0,1.0,2.0,2023-09-17,9,17,6,0,1,0,0,0,0,0,0,1,0
TXN_4530804,4.0,2.0,8.0,2023-01-12,1,12,3,1,0,0,0,0,0,0,0,1,0
TXN_4532280,5.0,2.0,10.0,2023-01-10,1,10,1,1,0,0,0,0,0,0,1,0,1
TXN_4532475,1.0,2.0,2.0,2023-04-23,4,23,6,1,0,0,0,0,0,0,0,1,1
TXN_4532651,2.0,2.0,4.0,2023-09-13,9,13,2,1,0,0,0,0,0,0,0,1,0
TXN_4533186,3.0,1.5,4.5,2023-04-19,4,19,2,0,0,0,0,0,0,1,0,1,1
TXN_4536553,2.0,1.5,3.0,2023-08-17,8,17,3,0,0,0,0,0,0,1,0,0,0
TXN_4536827,3.0,1.0,3.0,2023-10-14,10,14,5,0,1,0,0,0,0,0,0,1,1
TXN_4537288,1.0,1.0,1.0,2023-02-25,2,25,5,0,1,0,0,0,0,0,0,0,0
TXN_4538354,3.0,3.0,9.0,2023-04-21,4,21,4,0,0,1,0,0,0,0,0,0,1
TXN_4539758,3.0,4.0,12.0,2023-06-01,6,1,3,0,0,0,0,1,0,0,0,1,0
TXN_4541981,4.0,4.0,16.0,2023-01-14,1,14,5,0,0,0,0,0,1,0,1,0,0
TXN_4541998,1.0,4.0,4.0,2023-01-13,1,13,4,0,0,0,0,1,0,0,0,1,1
TXN_4543742,3.0,2.0,6.0,2023-03-28,3,28,1,1,0,0,0,0,0,0,0,1,1
TXN_4543793,2.0,4.0,8.0,2023-10-12,10,12,3,0,0,0,0,1,0,0,0,0,0
TXN_4543880,3.0,5.0,15.0,2023-07-18,7,18,1,0,0,0,1,0,0,0,0,0,1
TXN_4544172,1.0,3.0,3.0,2023-05-20,5,20,5,0,0,1,0,0,0,0,0,1,1
TXN_4545512,1.0,2.0,2.0,2023-12-18,12,18,0,1,0,0,0,0,0,0,0,1,1
TXN_4546375,1.0,5.0,5.0,2023-02-20,2,20,0,0,0,0,1,0,0,0,1,0,1
TXN_4547294,1.0,1.5,1.5,2023-09-30,9,30,5,0,0,0,0,0,0,1,0,1,1
TXN_4547995,3.0,3.0,9.0,2023-11-30,11,30,3,0,0,0,0,0,0,0,0,1,0
TXN_4548274,5.0,3.0,15.0,2023-05-09,5,9,1,0,0,1,0,0,0,0,0,1,1
TXN_4548466,4.0,1.5,6.0,2023-11-30,11,30,3,0,0,0,0,0,0,1,1,0,1
TXN_4548565,4.0,3.0,12.0,2023-02-17,2,17,4,0,0,1,0,0,0,0,0,1,0
TXN_4548698,2.0,5.0,10.0,2023-03-04,3,4,5,0,0,0,1,0,0,0,0,0,1
TXN_4548715,2.0,4.0,8.0,2023-02-16,2,16,3,0,0,0,0,1,0,0,0,1,0
TXN_4549977,1.0,1.0,1.0,2023-08-21,8,21,0,0,1,0,0,0,0,0,0,0,0
TXN_4550558,3.0,1.0,3.0,2023-08-04,8,4,4,0,1,0,0,0,0,0,1,0,0
TXN_4551353,5.0,1.5,7.5,2023-08-17,8,17,3,0,0,0,0,0,0,1,0,1,0
TXN_4551806,1.0,1.5,1.5,2023-01-09,1,9,0,0,0,0,0,0,0,1,0,1,0
TXN_4552137,2.0,1.5,3.0,2023-04-05,4,5,2,0,0,0,0,0,0,1,0,1,0
TXN_4552615,2.0,3.0,6.0,2023-04-09,4,9,6,0,0,0,0,0,0,0,0,0,1
TXN_4553403,5.0,2.0,10.0,2023-06-20,6,20,1,1,0,0,0,0,0,0,0,1,0
TXN_4554168,4.0,1.5,6.0,2023-04-08,4,8,5,0,0,0,0,0,0,1,0,1,0
TXN_4554194,3.0,4.0,12.0,2023-10-04,10,4,2,0,0,0,0,0,1,0,1,0,1
TXN_4556831,2.0,3.0,6.0,2023-05-28,5,28,6,0,0,1,0,0,0,0,0,1,0
TXN_4559065,1.0,3.0,3.0,2023-05-03,5,3,2,0,0,1,0,0,0,0,0,0,0
TXN_4561006,3.0,3.0,9.0,2023-11-23,11,23,3,0,0,1,0,0,0,0,1,0,1
TXN_4561296,5.0,5.0,25.0,2023-11-22,11,22,2,0,0,0,1,0,0,0,0,0,0
TXN_4563526,4.0,4.0,16.0,2023-06-30,6,30,4,0,0,0,0,0,1,0,1,0,0
TXN_4563544,5.0,4.0,20.0,2023-06-10,6,10,5,0,0,0,0,1,0,0,0,0,0
TXN_4563646,5.0,3.0,15.0,2023-10-10,10,10,1,0,0,1,0,0,0,0,0,0,1
TXN_4563679,4.0,2.0,8.0,2023-09-11,9,11,0,1,0,0,0,0,0,0,0,1,0
TXN_4564220,1.0,1.5,1.5,2023-05-09,5,9,1,0,0,0,0,0,0,1,0,1,1
TXN_4564556,3.0,2.0,6.0,2023-11-21,11,21,1,1,0,0,0,0,0,0,1,0,0
TXN_4565080,4.0,4.0,16.0,2023-09-28,9,28,3,0,0,0,0,0,1,0,0,1,0
TXN_4565233,3.0,5.0,15.0,2023-11-16,11,16,3,0,0,0,1,0,0,0,1,0,0
TXN_4565754,3.0,4.0,12.0,2023-10-06,10,6,4,0,0,0,0,0,1,0,0,1,1
TXN_4565969,3.0,2.0,6.0,2023-03-16,3,16,3,1,0,0,0,0,0,0,1,0,1
TXN_4566012,5.0,1.0,5.0,2023-05-10,5,10,2,0,1,0,0,0,0,0,1,0,1
TXN_4566950,2.0,2.0,4.0,2023-09-29,9,29,4,1,0,0,0,0,0,0,0,0,1
TXN_4567429,3.0,1.5,4.5,2023-10-11,10,11,2,0,0,0,0,0,0,1,0,0,0
TXN_4567455,3.0,2.0,6.0,2023-02-01,2,1,2,1,0,0,0,0,0,0,0,1,0
TXN_4568379,3.0,1.0,3.0,2023-05-28,5,28,6,0,1,0,0,0,0,0,0,1,0
TXN_4568452,3.0,1.0,3.0,2023-01-14,1,14,5,0,1,0,0,0,0,0,0,1,0
TXN_4569599,2.0,1.5,3.0,2023-02-07,2,7,1,0,0,0,0,0,0,1,0,0,0
TXN_4570711,4.0,4.0,16.0,2023-12-11,12,11,0,0,0,0,0,1,0,0,1,0,0
TXN_4570750,1.0,2.0,2.0,2023-05-18,5,18,3,1,0,0,0,0,0,0,0,0,1
TXN_4570881,1.0,2.0,2.0,2023-09-14,9,14,3,1,0,0,0,0,0,0,0,1,0
TXN_4571222,2.0,1.0,2.0,2023-03-21,3,21,1,0,1,0,0,0,0,0,1,0,1
TXN_4571510,3.0,4.0,12.0,2023-11-19,11,19,6,0,0,0,0,0,1,0,0,0,1
TXN_4573096,1.0,2.0,2.0,2023-08-13,8,13,6,1,0,0,0,0,0,0,0,1,0
TXN_4573576,2.0,3.0,6.0,2023-07-05,7,5,2,0,0,1,0,0,0,0,0,0,0
TXN_4574757,2.0,3.0,6.0,2023-08-05,8,5,5,0,0,1,0,0,0,0,0,1,0
TXN_4577234,4.0,3.0,12.0,2023-06-09,6,9,4,0,0,1,0,0,0,0,0,1,0
TXN_4577368,4.0,3.0,12.0,2023-05-29,5,29,0,0,0,0,0,0,0,0,0,0,0
TXN_4579086,2.0,3.0,6.0,2023-07-20,7,20,3,0,0,0,0,0,0,0,1,0,0
TXN_4579666,2.0,4.0,8.0,2023-10-23,10,23,0,0,0,0,0,0,1,0,0,1,0
TXN_4580084,5.0,4.0,20.0,2023-12-17,12,17,6,0,0,0,0,1,0,0,1,0,1
TXN_4581359,2.0,3.0,6.0,2023-03-22,3,22,2,0,0,1,0,0,0,0,1,0,1
TXN_4582054,2.0,5.0,10.0,2023-08-27,8,27,6,0,0,0,1,0,0,0,0,1,1
TXN_4582966,2.0,3.0,6.0,2023-10-28,10,28,5,0,0,1,0,0,0,0,0,1,0
TXN_4583009,5.0,5.0,25.0,2023-01-08,1,8,6,0,0,0,1,0,0,0,1,0,0
TXN_4583012,5.0,4.0,20.0,2023-02-27,2,27,0,0,0,0,0,0,1,0,0,1,1
TXN_4583908,1.0,4.0,4.0,2023-06-04,6,4,6,0,0,0,0,1,0,0,0,1,1
TXN_4583957,2.0,1.0,2.0,2023-10-08,10,8,6,0,1,0,0,0,0,0,1,0,1
TXN_4586482,3.0,3.0,9.0,2023-09-04,9,4,0,0,0,1,0,0,0,0,0,1,0
TXN_4587806,4.0,1.0,4.0,2023-07-27,7,27,3,0,1,0,0,0,0,0,0,1,1
TXN_4590013,5.0,1.5,7.5,2023-04-19,4,19,2,0,0,0,0,0,0,1,0,0,1
TXN_4591512,2.0,1.5,3.0,2023-08-11,8,11,4,0,0,0,0,0,0,1,0,1,1
TXN_4592205,3.0,1.0,3.0,2023-12-30,12,30,5,0,1,0,0,0,0,0,1,0,0
TXN_4594866,1.0,1.0,1.0,2023-03-24,3,24,4,0,1,0,0,0,0,0,0,1,0
TXN_4594922,2.0,5.0,10.0,2023-06-19,6,19,0,0,0,0,1,0,0,0,1,0,1
TXN_4597600,5.0,1.0,5.0,2023-11-15,11,15,2,0,1,0,0,0,0,0,1,0,1
TXN_4598397,4.0,2.0,8.0,2023-09-13,9,13,2,1,0,0,0,0,0,0,0,0,1
TXN_4600048,2.0,1.0,2.0,2023-10-30,10,30,0,0,1,0,0,0,0,0,0,0,0
TXN_4600614,3.0,4.0,12.0,2023-01-27,1,27,4,0,0,0,0,1,0,0,0,1,1
TXN_4600894,5.0,5.0,25.0,2023-09-17,9,17,6,0,0,0,1,0,0,0,0,1,1
TXN_4602430,3.0,4.0,12.0,2023-01-31,1,31,1,0,0,0,0,1,0,0,1,0,0
TXN_4602865,5.0,1.0,5.0,2023-09-27,9,27,2,0,1,0,0,0,0,0,0,1,1
TXN_4605239,1.0,2.0,2.0,2023-08-06,8,6,6,1,0,0,0,0,0,0,1,0,0
TXN_4605871,1.0,1.0,1.0,2023-06-20,6,20,1,0,1,0,0,0,0,0,0,1,0
TXN_4606893,5.0,3.0,15.0,2023-05-24,5,24,2,0,0,1,0,0,0,0,0,1,0
TXN_4607296,5.0,3.0,15.0,2023-04-02,4,2,6,0,0,0,0,0,0,0,0,1,0
TXN_4607933,2.0,4.0,8.0,2023-09-22,9,22,4,0,0,0,0,0,1,0,1,0,0
TXN_4611673,5.0,4.0,20.0,2023-03-05,3,5,6,0,0,0,0,0,1,0,0,1,1
TXN_4612146,3.0,3.0,9.0,2023-12-31,12,31,6,0,0,0,0,0,0,0,0,0,0
TXN_4612207,5.0,3.0,15.0,2023-01-21,1,21,5,0,0,1,0,0,0,0,0,1,0
TXN_4612269,5.0,5.0,25.0,2023-01-09,1,9,0,0,0,0,1,0,0,0,0,1,0
TXN_4612864,3.0,1.5,4.5,2023-02-14,2,14,1,0,0,0,0,0,0,1,0,1,0
TXN_4612930,2.0,3.0,6.0,2023-08-13,8,13,6,0,0,1,0,0,0,0,1,0,1
TXN_4613510,5.0,3.0,15.0,2023-02-16,2,16,3,0,0,0,0,0,0,0,1,0,1
TXN_4613595,3.0,5.0,15.0,2023-07-07,7,7,4,0,0,0,1,0,0,0,1,0,1
TXN_4613883,1.0,1.5,1.5,2023-05-21,5,21,6,0,0,0,0,0,0,1,0,0,1
TXN_4615235,4.0,3.0,12.0,2023-01-08,1,8,6,0,0,0,0,0,0,0,0,0,0
TXN_4615245,4.0,4.0,16.0,2023-04-26,4,26,2,0,0,0,0,1,0,0,0,1,1
TXN_4617139,4.0,3.0,12.0,2023-04-12,4,12,2,0,0,1,0,0,0,0,0,0,0
TXN_4617771,4.0,4.0,16.0,2023-09-10,9,10,6,0,0,0,0,0,1,0,0,1,1
TXN_4618211,4.0,4.0,16.0,2023-09-12,9,12,1,0,0,0,0,0,1,0,0,0,0
TXN_4619018,5.0,3.0,15.0,2023-12-19,12,19,1,0,0,0,0,0,0,0,0,1,1
TXN_4620647,1.0,2.0,2.0,2023-07-15,7,15,5,1,0,0,0,0,0,0,0,1,0
TXN_4621665,5.0,4.0,20.0,2023-01-17,1,17,1,0,0,0,0,0,1,0,0,1,1
TXN_4623303,3.0,4.0,12.0,2023-01-29,1,29,6,0,0,0,0,0,1,0,0,1,0
TXN_4623642,1.0,4.0,4.0,2023-09-12,9,12,1,0,0,0,0,1,0,0,0,0,1
TXN_4624019,1.0,1.0,1.0,2023-02-12,2,12,6,0,1,0,0,0,0,0,0,0,1
TXN_4624436,1.0,4.0,4.0,2023-05-22,5,22,0,0,0,0,0,1,0,0,0,1,1
TXN_4624591,2.0,5.0,10.0,2023-08-03,8,3,3,0,0,0,1,0,0,0,1,0,0
TXN_4625165,3.0,5.0,15.0,2023-03-02,3,2,3,0,0,0,1,0,0,0,1,0,0
TXN_4625910,1.0,3.0,3.0,2023-01-17,1,17,1,0,0,1,0,0,0,0,0,1,0
TXN_4627457,3.0,3.0,9.0,2023-12-13,12,13,2,0,0,0,0,0,0,0,0,1,0
TXN_4628310,4.0,3.0,12.0,2023-04-20,4,20,3,0,0,1,0,0,0,0,1,0,1
TXN_4628338,3.0,2.0,6.0,2023-12-25,12,25,0,1,0,0,0,0,0,0,0,0,0
TXN_4630633,1.0,4.0,4.0,2023-10-22,10,22,6,0,0,0,0,1,0,0,0,1,1
TXN_4630658,1.0,4.0,4.0,2023-07-10,7,10,0,0,0,0,0,0,1,0,0,0,1
TXN_4630854,1.0,1.5,1.5,2023-02-10,2,10,4,0,0,0,0,0,0,1,0,1,0
TXN_4631228,1.0,3.0,3.0,2023-10-07,10,7,5,0,0,1,0,0,0,0,0,1,0
TXN_4631695,5.0,1.0,5.0,2023-11-18,11,18,5,0,1,0,0,0,0,0,0,1,0
TXN_4633457,1.0,5.0,5.0,2023-05-21,5,21,6,0,0,0,1,0,0,0,1,0,1
TXN_4633505,3.0,1.5,4.5,2023-08-25,8,25,4,0,0,0,0,0,0,1,0,1,1
TXN_4633784,5.0,3.0,15.0,2023-02-06,2,6,0,0,0,1,0,0,0,0,0,1,0
TXN_4634772,3.0,3.0,9.0,2023-01-12,1,12,3,0,0,1,0,0,0,0,1,0,0
TXN_4634894,1.0,2.0,2.0,2023-12-09,12,9,5,1,0,0,0,0,0,0,0,1,1
TXN_4635037,1.0,3.0,3.0,2023-05-17,5,17,2,0,0,1,0,0,0,0,0,1,0
TXN_4635230,3.0,4.0,12.0,2023-06-10,6,10,5,0,0,0,0,1,0,0,0,0,0
TXN_4637070,3.0,1.5,4.5,2023-06-13,6,13,1,0,0,0,0,0,0,1,1,0,1
TXN_4637438,2.0,5.0,10.0,2023-04-07,4,7,4,0,0,0,1,0,0,0,0,1,1
TXN_4638629,4.0,4.0,16.0,2023-02-10,2,10,4,0,0,0,0,0,1,0,1,0,0
TXN_4638979,1.0,5.0,5.0,2023-06-28,6,28,2,0,0,0,1,0,0,0,0,1,1
TXN_4639319,5.0,2.0,10.0,2023-01-09,1,9,0,1,0,0,0,0,0,0,0,0,1
TXN_4639621,2.0,2.0,4.0,2023-10-12,10,12,3,1,0,0,0,0,0,0,0,1,0
TXN_4639918,1.0,4.0,4.0,2023-11-05,11,5,6,0,0,0,0,1,0,0,0,1,0
TXN_4640977,3.0,1.0,3.0,2023-02-11,2,11,5,0,1,0,0,0,0,0,1,0,0
TXN_4641838,5.0,1.0,5.0,2023-04-30,4,30,6,0,1,0,0,0,0,0,1,0,1
TXN_4642770,4.0,1.5,6.0,2023-09-22,9,22,4,0,0,0,0,0,0,1,0,1,1
TXN_4643305,4.0,1.0,4.0,2023-04-12,4,12,2,0,1,0,0,0,0,0,0,1,1
TXN_4643515,1.0,4.0,4.0,2023-10-03,10,3,1,0,0,0,0,1,0,0,0,1,0
TXN_4644671,3.0,2.0,6.0,2023-04-20,4,20,3,1,0,0,0,0,0,0,0,1,1
TXN_4644790,1.0,4.0,4.0,2023-09-19,9,19,1,0,0,0,0,0,1,0,1,0,1
TXN_4647042,5.0,4.0,20.0,2023-04-25,4,25,1,0,0,0,0,1,0,0,0,1,1
TXN_4648031,4.0,1.5,6.0,2023-09-04,9,4,0,0,0,0,0,0,0,1,0,1,1
TXN_4648214,1.0,5.0,5.0,2023-02-15,2,15,2,0,0,0,1,0,0,0,1,0,1
TXN_4649079,4.0,1.0,4.0,2023-07-26,7,26,2,0,1,0,0,0,0,0,0,1,1
TXN_4650044,4.0,1.0,4.0,2023-06-21,6,21,2,0,1,0,0,0,0,0,0,0,0
TXN_4650447,1.0,1.5,1.5,2023-08-18,8,18,4,0,0,0,0,0,0,1,0,0,0
TXN_4650611,1.0,2.0,2.0,2023-10-14,10,14,5,1,0,0,0,0,0,0,1,0,0
TXN_4650811,5.0,1.5,7.5,2023-09-26,9,26,1,0,0,0,0,0,0,1,0,0,1
TXN_4650834,3.0,5.0,15.0,2023-07-14,7,14,4,0,0,0,1,0,0,0,0,1,1
TXN_4651514,2.0,1.5,3.0,2023-03-28,3,28,1,0,0,0,0,0,0,1,0,1,0
TXN_4654061,2.0,4.0,8.0,2023-05-04,5,4,3,0,0,0,0,1,0,0,1,0,1
TXN_4656387,2.0,1.0,2.0,2023-07-25,7,25,1,0,1,0,0,0,0,0,0,1,1
TXN_4657291,2.0,2.0,4.0,2023-05-05,5,5,4,1,0,0,0,0,0,0,0,1,1
TXN_4657842,5.0,1.0,5.0,2023-09-29,9,29,4,0,1,0,0,0,0,0,0,0,1
TXN_4659155,1.0,3.0,3.0,2023-04-13,4,13,3,0,0,1,0,0,0,0,1,0,0
TXN_4659573,5.0,3.0,15.0,2023-05-15,5,15,0,0,0,0,0,0,0,0,0,1,1
TXN_4660753,1.0,3.0,3.0,2023-10-04,10,4,2,0,0,1,0,0,0,0,1,0,1
TXN_4661976,3.0,4.0,12.0,2023-10-13,10,13,4,0,0,0,0,0,1,0,0,1,1
TXN_4663299,4.0,4.0,16.0,2023-12-26,12,26,1,0,0,0,0,0,1,0,0,1,0
TXN_4663529,5.0,4.0,20.0,2023-12-24,12,24,6,0,0,0,0,1,0,0,0,1,1
TXN_4663537,5.0,2.0,10.0,2023-10-22,10,22,6,1,0,0,0,0,0,0,1,0,0
TXN_4663964,4.0,1.0,4.0,2023-06-29,6,29,3,0,1,0,0,0,0,0,0,1,0
TXN_4664329,2.0,1.5,3.0,2023-01-06,1,6,4,0,0,0,0,0,0,1,1,0,1
TXN_4667663,5.0,3.0,15.0,2023-03-07,3,7,1,0,0,0,0,0,0,0,1,0,1
TXN_4668762,3.0,4.0,12.0,2023-03-10,3,10,4,0,0,0,0,0,1,0,0,1,1
TXN_4668931,3.0,3.0,9.0,2023-07-09,7,9,6,0,0,1,0,0,0,0,0,0,0
TXN_4669664,1.0,1.0,1.0,2023-12-21,12,21,3,0,1,0,0,0,0,0,0,1,0
TXN_4671054,4.0,5.0,20.0,2023-06-20,6,20,1,0,0,0,1,0,0,0,0,0,1
TXN_4671375,1.0,1.5,1.5,2023-06-28,6,28,2,0,0,0,0,0,0,1,0,1,0
TXN_4672332,4.0,3.0,12.0,2023-03-29,3,29,2,0,0,0,0,0,0,0,0,0,0
TXN_4673812,2.0,1.0,2.0,2023-05-01,5,1,0,0,1,0,0,0,0,0,0,1,1
TXN_4674417,5.0,1.0,5.0,2023-07-03,7,3,0,0,1,0,0,0,0,0,0,1,1
TXN_4674667,2.0,2.0,4.0,2023-05-24,5,24,2,1,0,0,0,0,0,0,0,1,1
TXN_4676976,3.0,4.0,12.0,2023-05-26,5,26,4,0,0,0,0,0,1,0,0,1,0
TXN_4677415,2.0,3.0,6.0,2023-12-12,12,12,1,0,0,0,0,0,0,0,0,1,0
TXN_4677478,4.0,3.0,12.0,2023-07-09,7,9,6,0,0,0,0,0,0,0,0,0,0
TXN_4678948,3.0,3.0,9.0,2023-07-02,7,2,6,0,0,1,0,0,0,0,0,0,1
TXN_4679083,5.0,3.0,15.0,2023-12-25,12,25,0,0,0,0,0,0,0,0,0,1,1
TXN_4679409,1.0,2.0,2.0,2023-03-25,3,25,5,1,0,0,0,0,0,0,0,1,0
TXN_4679593,1.0,3.0,3.0,2023-01-10,1,10,1,0,0,1,0,0,0,0,0,0,0
TXN_4680399,5.0,3.0,15.0,2023-04-07,4,7,4,0,0,1,0,0,0,0,0,1,0
TXN_4682737,2.0,2.0,4.0,2023-02-03,2,3,4,1,0,0,0,0,0,0,0,0,1
TXN_4685453,4.0,1.5,6.0,2023-09-14,9,14,3,0,0,0,0,0,0,1,0,0,0
TXN_4688236,4.0,2.0,8.0,2023-07-05,7,5,2,1,0,0,0,0,0,0,0,0,0
TXN_4688280,1.0,1.5,1.5,2023-02-16,2,16,3,0,0,0,0,0,0,1,0,1,0
TXN_4689500,4.0,4.0,16.0,2023-12-02,12,2,5,0,0,0,0,1,0,0,0,1,1
TXN_4690833,1.0,3.0,3.0,2023-05-23,5,23,1,0,0,0,0,0,0,0,0,0,1
TXN_4692681,2.0,1.5,3.0,2023-06-02,6,2,4,0,0,0,0,0,0,1,0,1,1
TXN_4692976,1.0,3.0,3.0,2023-11-06,11,6,0,0,0,1,0,0,0,0,0,1,1
TXN_4693942,4.0,4.0,16.0,2023-12-16,12,16,5,0,0,0,0,1,0,0,0,0,1
TXN_4694285,3.0,1.5,4.5,2023-01-25,1,25,2,0,0,0,0,0,0,1,0,0,0
TXN_4696403,3.0,1.0,3.0,2023-08-19,8,19,5,0,1,0,0,0,0,0,0,0,0
TXN_4696439,1.0,1.0,1.0,2023-05-27,5,27,5,0,1,0,0,0,0,0,0,0,0
TXN_4696969,1.0,5.0,5.0,2023-09-29,9,29,4,0,0,0,1,0,0,0,1,0,0
TXN_4697112,3.0,4.0,12.0,2023-04-08,4,8,5,0,0,0,0,1,0,0,1,0,1
TXN_4698656,4.0,4.0,16.0,2023-12-07,12,7,3,0,0,0,0,0,1,0,0,1,1
TXN_4699706,5.0,2.0,10.0,2023-12-04,12,4,0,1,0,0,0,0,0,0,0,1,0
TXN_4699911,2.0,2.0,4.0,2023-07-21,7,21,4,1,0,0,0,0,0,0,0,1,1
TXN_4700144,4.0,2.0,8.0,2023-12-21,12,21,3,1,0,0,0,0,0,0,0,1,0
TXN_4702345,4.0,5.0,20.0,2023-01-08,1,8,6,0,0,0,1,0,0,0,0,1,1
TXN_4702378,2.0,3.0,6.0,2023-08-28,8,28,0,0,0,0,0,0,0,0,0,0,1
TXN_4703100,1.0,4.0,4.0,2023-01-26,1,26,3,0,0,0,0,1,0,0,0,1,0
TXN_4704439,3.0,2.0,6.0,2023-06-14,6,14,2,1,0,0,0,0,0,0,0,0,0
TXN_4705417,5.0,5.0,25.0,2023-12-14,12,14,3,0,0,0,1,0,0,0,1,0,1
TXN_4706042,5.0,5.0,25.0,2023-12-01,12,1,4,0,0,0,1,0,0,0,0,1,0
TXN_4708410,4.0,3.0,12.0,2023-10-08,10,8,6,0,0,0,0,0,0,0,0,1,0
TXN_4712887,5.0,1.5,7.5,2023-01-04,1,4,2,0,0,0,0,0,0,1,1,0,1
TXN_4713356,5.0,4.0,20.0,2023-05-08,5,8,0,0,0,0,0,0,1,0,0,1,0
TXN_4713643,5.0,2.0,10.0,2023-08-10,8,10,3,1,0,0,0,0,0,0,0,0,1
TXN_4714592,1.0,1.5,1.5,2023-06-02,6,2,4,0,0,0,0,0,0,1,0,0,1
TXN_4717715,3.0,4.0,12.0,2023-07-27,7,27,3,0,0,0,0,1,0,0,0,1,0
TXN_4717867,5.0,3.0,15.0,2023-07-28,7,28,4,0,0,0,0,0,0,0,0,1,1
TXN_4719069,2.0,3.0,6.0,2023-01-04,1,4,2,0,0,1,0,0,0,0,0,1,1
TXN_4721830,3.0,4.0,12.0,2023-11-15,11,15,2,0,0,0,0,1,0,0,0,1,0
TXN_4722816,4.0,5.0,20.0,2023-10-19,10,19,3,0,0,0,1,0,0,0,0,0,0
TXN_4723089,4.0,4.0,16.0,2023-05-23,5,23,1,0,0,0,0,1,0,0,0,0,0
TXN_4723529,2.0,4.0,8.0,2023-03-25,3,25,5,0,0,0,0,1,0,0,0,1,1
TXN_4723978,2.0,1.0,2.0,2023-04-20,4,20,3,0,1,0,0,0,0,0,0,1,1
TXN_4726376,2.0,3.0,6.0,2023-01-31,1,31,1,0,0,0,0,0,0,0,1,0,0
TXN_4726531,5.0,5.0,25.0,2023-09-09,9,9,5,0,0,0,1,0,0,0,0,0,1
TXN_4727260,2.0,1.5,3.0,2023-01-30,1,30,0,0,0,0,0,0,0,1,0,1,0
TXN_4728936,4.0,3.0,12.0,2023-02-27,2,27,0,0,0,1,0,0,0,0,0,1,1
TXN_4731715,5.0,2.0,10.0,2023-03-14,3,14,1,1,0,0,0,0,0,0,0,1,0
TXN_4732351,1.0,4.0,4.0,2023-04-22,4,22,5,0,0,0,0,1,0,0,0,1,0
TXN_4734216,3.0,5.0,15.0,2023-11-30,11,30,3,0,0,0,1,0,0,0,0,1,0
TXN_4734366,1.0,4.0,4.0,2023-08-20,8,20,6,0,0,0,0,0,1,0,1,0,1
TXN_4735392,3.0,4.0,12.0,2023-04-04,4,4,1,0,0,0,0,0,1,0,1,0,1
TXN_4737392,2.0,4.0,8.0,2023-02-17,2,17,4,0,0,0,0,1,0,0,0,0,0
TXN_4738349,2.0,4.0,8.0,2023-02-06,2,6,0,0,0,0,0,0,1,0,0,1,0
TXN_4740892,1.0,3.0,3.0,2023-11-19,11,19,6,0,0,0,0,0,0,0,0,1,1
TXN_4740952,4.0,1.5,6.0,2023-02-21,2,21,1,0,0,0,0,0,0,1,1,0,1
TXN_4742049,1.0,3.0,3.0,2023-09-10,9,10,6,0,0,1,0,0,0,0,1,0,1
TXN_4742476,2.0,2.0,4.0,2023-10-27,10,27,4,1,0,0,0,0,0,0,0,0,0
TXN_4745094,5.0,1.5,7.5,2023-12-05,12,5,1,0,0,0,0,0,0,1,1,0,1
TXN_4745933,1.0,5.0,5.0,2023-11-05,11,5,6,0,0,0,1,0,0,0,0,1,0
TXN_4746320,2.0,1.0,2.0,2023-04-02,4,2,6,0,1,0,0,0,0,0,0,1,1
TXN_4747863,2.0,1.0,2.0,2023-10-04,10,4,2,0,1,0,0,0,0,0,0,1,0
TXN_4749986,5.0,1.5,7.5,2023-05-26,5,26,4,0,0,0,0,0,0,1,1,0,1
TXN_4750383,2.0,2.0,4.0,2023-06-30,6,30,4,1,0,0,0,0,0,0,0,0,1
TXN_4751689,5.0,4.0,20.0,2023-07-28,7,28,4,0,0,0,0,0,1,0,0,0,0
TXN_4753853,5.0,3.0,15.0,2023-05-07,5,7,6,0,0,1,0,0,0,0,1,0,1
TXN_4754346,4.0,3.0,12.0,2023-08-31,8,31,3,0,0,1,0,0,0,0,1,0,0
TXN_4755623,3.0,3.0,9.0,2023-11-23,11,23,3,0,0,1,0,0,0,0,0,0,1
TXN_4755860,5.0,3.0,15.0,2023-10-28,10,28,5,0,0,1,0,0,0,0,0,1,0
TXN_4755934,2.0,1.5,3.0,2023-12-29,12,29,4,0,0,0,0,0,0,1,0,0,0
TXN_4757873,1.0,1.5,1.5,2023-09-12,9,12,1,0,0,0,0,0,0,1,1,0,0
TXN_4758849,2.0,3.0,6.0,2023-06-23,6,23,4,0,0,0,0,0,0,0,0,1,0
TXN_4759769,1.0,4.0,4.0,2023-08-03,8,3,3,0,0,0,0,1,0,0,0,1,0
TXN_4761088,4.0,3.0,12.0,2023-08-27,8,27,6,0,0,0,0,0,0,0,0,1,0
TXN_4762520,1.0,4.0,4.0,2023-07-17,7,17,0,0,0,0,0,0,1,0,0,0,1
TXN_4764236,1.0,3.0,3.0,2023-05-29,5,29,0,0,0,1,0,0,0,0,0,1,0
TXN_4764398,2.0,4.0,8.0,2023-06-13,6,13,1,0,0,0,0,1,0,0,1,0,0
TXN_4766317,2.0,1.0,2.0,2023-09-23,9,23,5,0,1,0,0,0,0,0,0,1,1
TXN_4766549,2.0,4.0,8.0,2023-10-20,10,20,4,0,0,0,0,0,1,0,0,0,0
TXN_4767006,1.0,3.0,3.0,2023-08-23,8,23,2,0,0,0,0,0,0,0,0,0,1
TXN_4767609,3.0,2.0,6.0,2023-10-15,10,15,6,1,0,0,0,0,0,0,0,1,0
TXN_4768744,5.0,1.5,7.5,2023-05-14,5,14,6,0,0,0,0,0,0,1,0,0,0
TXN_4769307,5.0,1.5,7.5,2023-12-24,12,24,6,0,0,0,0,0,0,1,0,1,1
TXN_4773210,1.0,2.0,2.0,2023-11-29,11,29,2,1,0,0,0,0,0,0,1,0,1
TXN_4773465,5.0,2.0,10.0,2023-11-28,11,28,1,1,0,0,0,0,0,0,0,1,1
TXN_4775220,3.0,3.0,9.0,2023-07-21,7,21,4,0,0,1,0,0,0,0,0,1,1
TXN_4775791,4.0,4.0,16.0,2023-04-13,4,13,3,0,0,0,0,0,1,0,1,0,0
TXN_4777601,1.0,1.5,1.5,2023-08-18,8,18,4,0,0,0,0,0,0,1,1,0,0
TXN_4778105,4.0,3.0,12.0,2023-10-08,10,8,6,0,0,1,0,0,0,0,0,1,0
TXN_4779192,5.0,1.0,5.0,2023-11-06,11,6,0,0,1,0,0,0,0,0,0,1,1
TXN_4779439,4.0,3.0,12.0,2023-08-23,8,23,2,0,0,1,0,0,0,0,1,0,0
TXN_4779440,1.0,1.0,1.0,2023-07-12,7,12,2,0,1,0,0,0,0,0,0,1,0
TXN_4780352,1.0,5.0,5.0,2023-01-12,1,12,3,0,0,0,1,0,0,0,0,1,1
TXN_4781960,1.0,3.0,3.0,2023-03-28,3,28,1,0,0,1,0,0,0,0,0,1,1
TXN_4784128,3.0,4.0,12.0,2023-08-27,8,27,6,0,0,0,0,1,0,0,0,0,1
TXN_4784154,5.0,1.5,7.5,2023-09-06,9,6,2,0,0,0,0,0,0,1,1,0,0
TXN_4786680,3.0,4.0,12.0,2023-02-05,2,5,6,0,0,0,0,1,0,0,0,1,0
TXN_4787754,2.0,3.0,6.0,2023-08-31,8,31,3,0,0,1,0,0,0,0,0,1,1
TXN_4787990,3.0,1.0,3.0,2023-02-04,2,4,5,0,1,0,0,0,0,0,0,1,0
TXN_4788388,3.0,3.0,9.0,2023-06-29,6,29,3,0,0,0,0,0,0,0,0,1,1
TXN_4788748,4.0,4.0,16.0,2023-04-30,4,30,6,0,0,0,0,1,0,0,1,0,0
TXN_4788849,1.0,1.0,1.0,2023-03-13,3,13,0,0,1,0,0,0,0,0,0,1,1
TXN_4789193,3.0,3.0,9.0,2023-02-21,2,21,1,0,0,1,0,0,0,0,0,1,0
TXN_4789941,3.0,4.0,12.0,2023-04-17,4,17,0,0,0,0,0,1,0,0,1,0,1
TXN_4791072,3.0,2.0,6.0,2023-11-13,11,13,0,1,0,0,0,0,0,0,0,1,1
TXN_4791105,3.0,4.0,12.0,2023-05-18,5,18,3,0,0,0,0,0,1,0,0,1,1
TXN_4791243,5.0,1.0,5.0,2023-05-12,5,12,4,0,1,0,0,0,0,0,0,0,1
TXN_4792702,1.0,4.0,4.0,2023-06-28,6,28,2,0,0,0,0,1,0,0,0,0,1
TXN_4793771,4.0,3.0,12.0,2023-12-26,12,26,1,0,0,0,0,0,0,0,0,0,0
TXN_4795208,2.0,4.0,8.0,2023-05-03,5,3,2,0,0,0,0,1,0,0,0,1,1
TXN_4797429,5.0,5.0,25.0,2023-11-07,11,7,1,0,0,0,1,0,0,0,0,1,0
TXN_4798335,5.0,4.0,20.0,2023-02-16,2,16,3,0,0,0,0,1,0,0,0,1,1
TXN_4798484,3.0,3.0,9.0,2023-08-09,8,9,2,0,0,1,0,0,0,0,0,0,0
TXN_4798534,5.0,5.0,25.0,2023-07-23,7,23,6,0,0,0,1,0,0,0,0,1,1
TXN_4799873,3.0,1.0,3.0,2023-03-04,3,4,5,0,1,0,0,0,0,0,0,1,0
TXN_4801327,5.0,3.0,15.0,2023-02-03,2,3,4,0,0,0,0,0,0,0,0,0,0
TXN_4801617,5.0,3.0,15.0,2023-04-02,4,2,6,0,0,1,0,0,0,0,0,0,0
TXN_4801832,2.0,5.0,10.0,2023-08-05,8,5,5,0,0,0,1,0,0,0,1,0,1
TXN_4801947,1.0,3.0,3.0,2023-01-01,1,1,6,0,0,1,0,0,0,0,0,1,1
TXN_4802389,2.0,3.0,6.0,2023-12-14,12,14,3,0,0,0,0,0,0,0,0,1,1
TXN_4805204,5.0,1.5,7.5,2023-04-25,4,25,1,0,0,0,0,0,0,1,0,1,0
TXN_4806003,5.0,1.0,5.0,2023-08-06,8,6,6,0,1,0,0,0,0,0,1,0,1
TXN_4807037,5.0,5.0,25.0,2023-12-08,12,8,4,0,0,0,1,0,0,0,0,0,0
TXN_4807049,1.0,1.0,1.0,2023-06-07,6,7,2,0,1,0,0,0,0,0,1,0,1
TXN_4807265,3.0,4.0,12.0,2023-11-19,11,19,6,0,0,0,0,1,0,0,0,1,1
TXN_4807459,1.0,4.0,4.0,2023-08-11,8,11,4,0,0,0,0,1,0,0,0,1,0
TXN_4807899,5.0,2.0,10.0,2023-07-03,7,3,0,1,0,0,0,0,0,0,0,1,1
TXN_4808700,4.0,1.0,4.0,2023-01-13,1,13,4,0,1,0,0,0,0,0,0,0,1
TXN_4808812,4.0,4.0,16.0,2023-05-31,5,31,2,0,0,0,0,0,1,0,0,1,0
TXN_4809548,3.0,4.0,12.0,2023-11-04,11,4,5,0,0,0,0,0,1,0,0,1,1
TXN_4809626,5.0,2.0,10.0,2023-02-18,2,18,5,1,0,0,0,0,0,0,0,0,1
TXN_4811133,2.0,5.0,10.0,2023-08-11,8,11,4,0,0,0,1,0,0,0,0,0,1
TXN_4811225,5.0,1.5,7.5,2023-11-01,11,1,2,0,0,0,0,0,0,1,0,0,1
TXN_4811887,2.0,3.0,6.0,2023-02-11,2,11,5,0,0,0,0,0,0,0,0,0,0
TXN_4812472,2.0,3.0,6.0,2023-09-16,9,16,5,0,0,0,0,0,0,0,0,0,0
TXN_4813580,3.0,4.0,12.0,2023-04-15,4,15,5,0,0,0,0,1,0,0,0,1,1
TXN_4814244,3.0,4.0,12.0,2023-06-01,6,1,3,0,0,0,0,0,1,0,0,0,0
TXN_4814965,2.0,5.0,10.0,2023-07-23,7,23,6,0,0,0,1,0,0,0,0,1,1
TXN_4816652,1.0,4.0,4.0,2023-07-17,7,17,0,0,0,0,0,1,0,0,0,1,1
TXN_4818703,2.0,1.0,2.0,2023-04-20,4,20,3,0,1,0,0,0,0,0,0,1,1
TXN_4819416,3.0,5.0,15.0,2023-06-01,6,1,3,0,0,0,1,0,0,0,0,1,0
TXN_4821343,1.0,1.0,1.0,2023-09-16,9,16,5,0,1,0,0,0,0,0,1,0,0
TXN_4822216,1.0,3.0,3.0,2023-09-03,9,3,6,0,0,0,0,0,0,0,0,1,1
TXN_4822256,1.0,4.0,4.0,2023-11-11,11,11,5,0,0,0,0,0,1,0,1,0,0
TXN_4823513,5.0,1.0,5.0,2023-07-02,7,2,6,0,1,0,0,0,0,0,0,0,1
TXN_4824519,5.0,4.0,20.0,2023-12-27,12,27,2,0,0,0,0,0,1,0,0,1,0
TXN_4824773,5.0,5.0,25.0,2023-06-06,6,6,1,0,0,0,1,0,0,0,0,0,1
TXN_4826214,3.0,2.0,6.0,2023-11-23,11,23,3,1,0,0,0,0,0,0,0,1,1
TXN_4827371,2.0,5.0,10.0,2023-06-20,6,20,1,0,0,0,1,0,0,0,0,1,1
TXN_4827637,4.0,4.0,16.0,2023-04-28,4,28,4,0,0,0,0,0,1,0,0,0,0
TXN_4829492,2.0,3.0,6.0,2023-01-09,1,9,0,0,0,0,0,0,0,0,1,0,1
TXN_4831311,2.0,2.0,4.0,2023-07-15,7,15,5,1,0,0,0,0,0,0,0,0,1
TXN_4831345,5.0,4.0,20.0,2023-05-10,5,10,2,0,0,0,0,1,0,0,0,1,0
TXN_4831426,4.0,3.0,12.0,2023-02-27,2,27,0,0,0,1,0,0,0,0,1,0,1
TXN_4831525,3.0,1.0,3.0,2023-08-05,8,5,5,0,1,0,0,0,0,0,0,1,1
TXN_4832163,4.0,3.0,12.0,2023-11-17,11,17,4,0,0,0,0,0,0,0,0,0,1
TXN_4832452,5.0,1.5,7.5,2023-02-05,2,5,6,0,0,0,0,0,0,1,0,0,1
TXN_4832513,5.0,1.0,5.0,2023-06-05,6,5,0,0,1,0,0,0,0,0,1,0,0
TXN_4833378,5.0,3.0,15.0,2023-10-15,10,15,6,0,0,0,0,0,0,0,0,1,1
TXN_4834450,2.0,3.0,6.0,2023-06-26,6,26,0,0,0,0,0,0,0,0,0,0,1
TXN_4835929,2.0,2.0,4.0,2023-10-03,10,3,1,1,0,0,0,0,0,0,1,0,0
TXN_4836614,4.0,1.5,6.0,2023-04-03,4,3,0,0,0,0,0,0,0,1,0,1,0
TXN_4837447,2.0,3.0,6.0,2023-11-06,11,6,0,0,0,0,0,0,0,0,0,1,1
TXN_4837909,5.0,3.0,15.0,2023-11-19,11,19,6,0,0,0,0,0,0,0,0,0,1
TXN_4840295,4.0,4.0,16.0,2023-02-02,2,2,3,0,0,0,0,0,1,0,0,1,1
TXN_4840522,3.0,4.0,12.0,2023-06-16,6,16,4,0,0,0,0,0,1,0,0,0,0
TXN_4841285,2.0,1.5,3.0,2023-05-04,5,4,3,0,0,0,0,0,0,1,1,0,0
TXN_4843989,4.0,1.5,6.0,2023-09-30,9,30,5,0,0,0,0,0,0,1,0,1,1
TXN_4844022,1.0,1.0,1.0,2023-02-26,2,26,6,0,1,0,0,0,0,0,0,1,1
TXN_4844386,5.0,3.0,15.0,2023-10-28,10,28,5,0,0,1,0,0,0,0,1,0,0
TXN_4846406,3.0,1.0,3.0,2023-05-22,5,22,0,0,1,0,0,0,0,0,0,0,0
TXN_4847617,4.0,4.0,16.0,2023-08-04,8,4,4,0,0,0,0,1,0,0,1,0,0
TXN_4848431,5.0,5.0,25.0,2023-01-09,1,9,0,0,0,0,1,0,0,0,1,0,0
TXN_4849180,5.0,3.0,15.0,2023-10-14,10,14,5,0,0,1,0,0,0,0,1,0,0
TXN_4849860,4.0,1.5,6.0,2023-12-01,12,1,4,0,0,0,0,0,0,1,1,0,0
TXN_4851339,1.0,4.0,4.0,2023-02-01,2,1,2,0,0,0,0,1,0,0,0,1,1
TXN_4852852,2.0,4.0,8.0,2023-10-06,10,6,4,0,0,0,0,0,1,0,0,1,0
TXN_4856060,1.0,3.0,3.0,2023-07-29,7,29,5,0,0,1,0,0,0,0,0,0,0
TXN_4856575,3.0,5.0,15.0,2023-09-10,9,10,6,0,0,0,1,0,0,0,0,1,0
TXN_4858666,3.0,3.0,9.0,2023-03-18,3,18,5,0,0,0,0,0,0,0,1,0,1
TXN_4858908,2.0,3.0,6.0,2023-02-11,2,11,5,0,0,0,0,0,0,0,0,0,0
TXN_4860027,5.0,1.0,5.0,2023-07-28,7,28,4,0,1,0,0,0,0,0,0,1,1
TXN_4864206,5.0,1.0,5.0,2023-03-18,3,18,5,0,1,0,0,0,0,0,0,0,0
TXN_4865338,4.0,4.0,16.0,2023-11-26,11,26,6,0,0,0,0,1,0,0,1,0,0
TXN_4866254,4.0,5.0,20.0,2023-03-18,3,18,5,0,0,0,1,0,0,0,0,0,1
TXN_4867316,1.0,4.0,4.0,2023-11-28,11,28,1,0,0,0,0,1,0,0,0,1,0
TXN_4868913,4.0,3.0,12.0,2023-06-30,6,30,4,0,0,0,0,0,0,0,0,0,1
TXN_4869107,3.0,4.0,12.0,2023-01-30,1,30,0,0,0,0,0,0,1,0,0,1,0
TXN_4870483,1.0,2.0,2.0,2023-03-03,3,3,4,1,0,0,0,0,0,0,0,1,1
TXN_4872708,5.0,2.0,10.0,2023-11-16,11,16,3,1,0,0,0,0,0,0,0,0,0
TXN_4873173,5.0,2.0,10.0,2023-10-08,10,8,6,1,0,0,0,0,0,0,0,0,1
TXN_4873180,5.0,1.5,7.5,2023-01-17,1,17,1,0,0,0,0,0,0,1,0,1,0
TXN_4876398,2.0,5.0,10.0,2023-04-21,4,21,4,0,0,0,1,0,0,0,0,0,1
TXN_4876440,3.0,1.0,3.0,2023-07-01,7,1,5,0,1,0,0,0,0,0,1,0,1
TXN_4876685,1.0,1.5,1.5,2023-07-14,7,14,4,0,0,0,0,0,0,1,0,1,1
TXN_4877436,4.0,3.0,12.0,2023-10-08,10,8,6,0,0,1,0,0,0,0,0,1,0
TXN_4877601,2.0,1.0,2.0,2023-07-14,7,14,4,0,1,0,0,0,0,0,0,1,0
TXN_4877933,5.0,3.0,15.0,2023-01-12,1,12,3,0,0,1,0,0,0,0,0,1,0
TXN_4878020,3.0,3.0,9.0,2023-03-17,3,17,4,0,0,0,0,0,0,0,1,0,0
TXN_4878378,1.0,1.5,1.5,2023-02-20,2,20,0,0,0,0,0,0,0,1,1,0,1
TXN_4884822,1.0,1.0,1.0,2023-04-23,4,23,6,0,1,0,0,0,0,0,1,0,1
TXN_4885518,3.0,5.0,15.0,2023-06-10,6,10,5,0,0,0,1,0,0,0,1,0,0
TXN_4886990,3.0,5.0,15.0,2023-12-17,12,17,6,0,0,0,1,0,0,0,0,0,1
TXN_4887189,3.0,4.0,12.0,2023-07-19,7,19,2,0,0,0,0,0,1,0,0,0,1
TXN_4887268,1.0,5.0,5.0,2023-10-16,10,16,0,0,0,0,1,0,0,0,1,0,0
TXN_4889269,2.0,3.0,6.0,2023-02-19,2,19,6,0,0,0,0,0,0,0,0,0,1
TXN_4890770,4.0,2.0,8.0,2023-10-12,10,12,3,1,0,0,0,0,0,0,0,1,1
TXN_4891221,5.0,1.0,5.0,2023-12-09,12,9,5,0,1,0,0,0,0,0,0,1,1
TXN_4892165,3.0,3.0,9.0,2023-07-27,7,27,3,0,0,1,0,0,0,0,0,0,0
TXN_4892303,4.0,4.0,16.0,2023-07-16,7,16,6,0,0,0,0,1,0,0,0,1,0
TXN_4893692,2.0,5.0,10.0,2023-01-02,1,2,0,0,0,0,1,0,0,0,0,1,1
TXN_4894647,2.0,5.0,10.0,2023-12-26,12,26,1,0,0,0,1,0,0,0,0,0,1
TXN_4894699,2.0,1.0,2.0,2023-02-20,2,20,0,0,1,0,0,0,0,0,0,1,0
TXN_4896948,4.0,3.0,12.0,2023-10-11,10,11,2,0,0,0,0,0,0,0,1,0,0
TXN_4897182,3.0,3.0,9.0,2023-11-26,11,26,6,0,0,0,0,0,0,0,0,0,1
TXN_4897993,4.0,4.0,16.0,2023-12-07,12,7,3,0,0,0,0,1,0,0,0,1,0
TXN_4898346,2.0,4.0,8.0,2023-05-07,5,7,6,0,0,0,0,0,1,0,0,0,1
TXN_4898949,1.0,5.0,5.0,2023-09-18,9,18,0,0,0,0,1,0,0,0,1,0,0
TXN_4900574,3.0,3.0,9.0,2023-05-06,5,6,5,0,0,1,0,0,0,0,0,1,1
TXN_4901854,5.0,1.0,5.0,2023-04-23,4,23,6,0,1,0,0,0,0,0,0,1,1
TXN_4903004,4.0,1.5,6.0,2023-12-03,12,3,6,0,0,0,0,0,0,1,0,1,0
TXN_4907008,3.0,2.0,6.0,2023-10-30,10,30,0,1,0,0,0,0,0,0,0,1,0
TXN_4907812,2.0,4.0,8.0,2023-08-11,8,11,4,0,0,0,0,1,0,0,0,1,0
TXN_4908458,4.0,1.5,6.0,2023-10-06,10,6,4,0,0,0,0,0,0,1,0,1,0
TXN_4912458,4.0,3.0,12.0,2023-06-12,6,12,0,0,0,0,0,0,0,0,1,0,1
TXN_4912930,3.0,4.0,12.0,2023-02-26,2,26,6,0,0,0,0,0,1,0,1,0,0
TXN_4913079,3.0,4.0,12.0,2023-08-19,8,19,5,0,0,0,0,1,0,0,0,1,1
TXN_4913329,5.0,2.0,10.0,2023-10-30,10,30,0,1,0,0,0,0,0,0,1,0,1
TXN_4914203,1.0,2.0,2.0,2023-12-02,12,2,5,1,0,0,0,0,0,0,1,0,1
TXN_4915908,5.0,4.0,20.0,2023-06-06,6,6,1,0,0,0,0,1,0,0,1,0,0
TXN_4916085,1.0,3.0,3.0,2023-03-03,3,3,4,0,0,1,0,0,0,0,0,1,1
TXN_4916272,3.0,1.5,4.5,2023-03-03,3,3,4,0,0,0,0,0,0,1,0,1,1
TXN_4916611,5.0,3.0,15.0,2023-05-21,5,21,6,0,0,1,0,0,0,0,0,1,1
TXN_4916936,1.0,4.0,4.0,2023-06-04,6,4,6,0,0,0,0,0,1,0,0,1,1
TXN_4917580,3.0,2.0,6.0,2023-03-08,3,8,2,1,0,0,0,0,0,0,0,1,0
TXN_4919285,4.0,2.0,8.0,2023-10-15,10,15,6,1,0,0,0,0,0,0,0,0,1
TXN_4921865,2.0,1.5,3.0,2023-02-06,2,6,0,0,0,0,0,0,0,1,0,1,0
TXN_4925291,2.0,4.0,8.0,2023-09-22,9,22,4,0,0,0,0,0,1,0,0,1,0
TXN_4928254,1.0,3.0,3.0,2023-12-22,12,22,4,0,0,0,0,0,0,0,1,0,0
TXN_4932018,4.0,4.0,16.0,2023-08-23,8,23,2,0,0,0,0,0,1,0,0,1,1
TXN_4932916,1.0,2.0,2.0,2023-12-13,12,13,2,1,0,0,0,0,0,0,0,1,1
TXN_4935258,2.0,3.0,6.0,2023-09-14,9,14,3,0,0,0,0,0,0,0,1,0,1
TXN_4935533,1.0,4.0,4.0,2023-06-12,6,12,0,0,0,0,0,0,1,0,0,1,0
TXN_4936135,4.0,2.0,8.0,2023-12-08,12,8,4,1,0,0,0,0,0,0,0,0,0
TXN_4937344,1.0,4.0,4.0,2023-02-12,2,12,6,0,0,0,0,1,0,0,1,0,0
TXN_4937411,1.0,3.0,3.0,2023-08-21,8,21,0,0,0,1,0,0,0,0,0,1,1
TXN_4939667,1.0,5.0,5.0,2023-01-23,1,23,0,0,0,0,1,0,0,0,0,0,1
TXN_4940237,2.0,3.0,6.0,2023-08-03,8,3,3,0,0,0,0,0,0,0,0,0,1
TXN_4942692,2.0,2.0,4.0,2023-01-15,1,15,6,1,0,0,0,0,0,0,0,1,1
TXN_4942960,1.0,3.0,3.0,2023-04-12,4,12,2,0,0,1,0,0,0,0,0,1,1
TXN_4943552,5.0,3.0,15.0,2023-04-14,4,14,4,0,0,0,0,0,0,0,0,1,1
TXN_4943715,5.0,2.0,10.0,2023-10-06,10,6,4,1,0,0,0,0,0,0,0,1,0
TXN_4944024,2.0,4.0,8.0,2023-09-26,9,26,1,0,0,0,0,0,1,0,0,1,1
TXN_4944121,2.0,2.0,4.0,2023-05-29,5,29,0,1,0,0,0,0,0,0,0,1,0
TXN_4946991,1.0,3.0,3.0,2023-04-17,4,17,0,0,0,0,0,0,0,0,0,1,1
TXN_4947561,3.0,5.0,15.0,2023-06-06,6,6,1,0,0,0,1,0,0,0,0,1,1
TXN_4948026,4.0,1.5,6.0,2023-07-02,7,2,6,0,0,0,0,0,0,1,0,1,0
TXN_4949509,4.0,4.0,16.0,2023-04-20,4,20,3,0,0,0,0,0,1,0,1,0,1
TXN_4953450,4.0,1.0,4.0,2023-03-10,3,10,4,0,1,0,0,0,0,0,0,1,0
TXN_4954887,3.0,1.0,3.0,2023-06-11,6,11,6,0,1,0,0,0,0,0,0,1,0
TXN_4956012,1.0,4.0,4.0,2023-07-20,7,20,3,0,0,0,0,1,0,0,0,1,0
TXN_4958354,4.0,4.0,16.0,2023-05-01,5,1,0,0,0,0,0,1,0,0,1,0,1
TXN_4959078,2.0,3.0,6.0,2023-09-13,9,13,2,0,0,0,0,0,0,0,0,1,1
TXN_4959129,2.0,3.0,6.0,2023-06-24,6,24,5,0,0,1,0,0,0,0,1,0,0
TXN_4961655,5.0,3.0,15.0,2023-05-06,5,6,5,0,0,1,0,0,0,0,0,0,1
TXN_4962147,2.0,3.0,6.0,2023-02-07,2,7,1,0,0,0,0,0,0,0,0,1,1
TXN_4965631,3.0,4.0,12.0,2023-01-27,1,27,4,0,0,0,0,0,1,0,1,0,1
TXN_4966149,2.0,3.0,6.0,2023-04-10,4,10,0,0,0,1,0,0,0,0,0,0,0
TXN_4966750,3.0,1.0,3.0,2023-12-24,12,24,6,0,1,0,0,0,0,0,0,1,0
TXN_4967355,2.0,4.0,8.0,2023-04-25,4,25,1,0,0,0,0,1,0,0,0,1,0
TXN_4967446,1.0,4.0,4.0,2023-07-11,7,11,1,0,0,0,0,1,0,0,0,1,0
TXN_4968258,2.0,4.0,8.0,2023-05-14,5,14,6,0,0,0,0,0,1,0,0,1,1
TXN_4968659,5.0,1.5,7.5,2023-03-18,3,18,5,0,0,0,0,0,0,1,1,0,1
TXN_4969003,1.0,1.0,1.0,2023-04-19,4,19,2,0,1,0,0,0,0,0,0,1,0
TXN_4969431,4.0,5.0,20.0,2023-04-11,4,11,1,0,0,0,1,0,0,0,1,0,1
TXN_4970127,1.0,1.5,1.5,2023-12-09,12,9,5,0,0,0,0,0,0,1,0,1,0
TXN_4971093,4.0,4.0,16.0,2023-03-27,3,27,0,0,0,0,0,0,1,0,0,1,1
TXN_4971607,5.0,4.0,20.0,2023-03-30,3,30,3,0,0,0,0,0,1,0,0,0,0
TXN_4971992,2.0,3.0,6.0,2023-09-24,9,24,6,0,0,0,0,0,0,0,0,1,0
TXN_4972634,5.0,4.0,20.0,2023-07-22,7,22,5,0,0,0,0,1,0,0,1,0,0
TXN_4974012,5.0,4.0,20.0,2023-05-17,5,17,2,0,0,0,0,1,0,0,0,0,1
TXN_4975029,4.0,4.0,16.0,2023-04-23,4,23,6,0,0,0,0,0,1,0,0,0,0
TXN_4976485,5.0,5.0,25.0,2023-07-10,7,10,0,0,0,0,1,0,0,0,0,1,1
TXN_4977031,4.0,3.0,12.0,2023-05-16,5,16,1,0,0,0,0,0,0,0,0,0,0
TXN_4977130,1.0,4.0,4.0,2023-07-08,7,8,5,0,0,0,0,1,0,0,0,1,0
TXN_4979250,3.0,1.5,4.5,2023-11-01,11,1,2,0,0,0,0,0,0,1,0,0,0
TXN_4980036,2.0,3.0,6.0,2023-01-05,1,5,3,0,0,0,0,0,0,0,0,0,1
TXN_4980282,1.0,3.0,3.0,2023-10-22,10,22,6,0,0,0,0,0,0,0,0,1,0
TXN_4981027,3.0,2.0,6.0,2023-08-02,8,2,2,1,0,0,0,0,0,0,0,1,0
TXN_4982165,1.0,1.5,1.5,2023-04-12,4,12,2,0,0,0,0,0,0,1,1,0,1
TXN_4982382,1.0,5.0,5.0,2023-01-05,1,5,3,0,0,0,1,0,0,0,0,0,0
TXN_4983903,5.0,4.0,20.0,2023-09-18,9,18,0,0,0,0,0,1,0,0,0,1,1
TXN_4985415,4.0,1.5,6.0,2023-08-01,8,1,1,0,0,0,0,0,0,1,0,1,1
TXN_4986514,3.0,1.5,4.5,2023-06-06,6,6,1,0,0,0,0,0,0,1,1,0,0
TXN_4986668,3.0,3.0,9.0,2023-11-30,11,30,3,0,0,0,0,0,0,0,0,1,0
TXN_4987129,3.0,4.0,12.0,2023-10-20,10,20,4,0,0,0,0,1,0,0,0,1,0
TXN_4987205,2.0,1.5,3.0,2023-06-24,6,24,5,0,0,0,0,0,0,1,0,1,1
TXN_4987246,3.0,1.0,3.0,2023-11-24,11,24,4,0,1,0,0,0,0,0,0,1,1
TXN_4987376,2.0,1.5,3.0,2023-08-20,8,20,6,0,0,0,0,0,0,1,0,1,1
TXN_4988665,1.0,3.0,3.0,2023-12-16,12,16,5,0,0,0,0,0,0,0,0,1,1
TXN_4989644,5.0,3.0,15.0,2023-11-13,11,13,0,0,0,1,0,0,0,0,0,1,1
TXN_4991594,2.0,4.0,8.0,2023-12-08,12,8,4,0,0,0,0,0,1,0,1,0,0
TXN_4991731,1.0,1.5,1.5,2023-11-07,11,7,1,0,0,0,0,0,0,1,0,1,1
TXN_4991815,5.0,3.0,15.0,2023-11-06,11,6,0,0,0,0,0,0,0,0,0,0,1
TXN_4992510,4.0,1.0,4.0,2023-01-26,1,26,3,0,1,0,0,0,0,0,0,0,0
TXN_4993989,2.0,4.0,8.0,2023-11-15,11,15,2,0,0,0,0,0,1,0,0,1,0
TXN_4995281,4.0,5.0,20.0,2023-02-25,2,25,5,0,0,0,1,0,0,0,1,0,1
TXN_4995910,5.0,3.0,15.0,2023-03-10,3,10,4,0,0,0,0,0,0,0,0,1,0
TXN_4996304,2.0,2.0,4.0,2023-08-17,8,17,3,1,0,0,0,0,0,0,1,0,0
TXN_4997327,2.0,2.0,4.0,2023-03-19,3,19,6,1,0,0,0,0,0,0,0,1,0
TXN_4998786,5.0,3.0,15.0,2023-10-25,10,25,2,0,0,0,0,0,0,0,1,0,1
TXN_5000665,3.0,3.0,9.0,2023-11-28,11,28,1,0,0,0,0,0,0,0,0,1,0
TXN_5001766,1.0,4.0,4.0,2023-05-24,5,24,2,0,0,0,0,0,1,0,0,1,0
TXN_5004986,3.0,4.0,12.0,2023-01-23,1,23,0,0,0,0,0,1,0,0,0,1,1
TXN_5005592,1.0,2.0,2.0,2023-06-05,6,5,0,1,0,0,0,0,0,0,1,0,0
TXN_5005674,4.0,5.0,20.0,2023-10-03,10,3,1,0,0,0,1,0,0,0,1,0,0
TXN_5005793,4.0,4.0,16.0,2023-01-21,1,21,5,0,0,0,0,1,0,0,1,0,0
TXN_5005999,4.0,5.0,20.0,2023-01-09,1,9,0,0,0,0,1,0,0,0,0,0,0
TXN_5007051,2.0,5.0,10.0,2023-12-26,12,26,1,0,0,0,1,0,0,0,0,1,1
TXN_5007619,5.0,3.0,15.0,2023-07-05,7,5,2,0,0,0,0,0,0,0,1,0,0
TXN_5009367,3.0,3.0,9.0,2023-04-19,4,19,2,0,0,1,0,0,0,0,1,0,0
TXN_5009706,2.0,4.0,8.0,2023-09-20,9,20,2,0,0,0,0,1,0,0,0,1,0
TXN_5009924,3.0,3.0,9.0,2023-09-08,9,8,4,0,0,0,0,0,0,0,0,1,1
TXN_5010968,2.0,4.0,8.0,2023-12-03,12,3,6,0,0,0,0,0,1,0,0,1,1
TXN_5012988,3.0,5.0,15.0,2023-08-17,8,17,3,0,0,0,1,0,0,0,1,0,0
TXN_5014959,2.0,1.0,2.0,2023-11-28,11,28,1,0,1,0,0,0,0,0,1,0,0
TXN_5015183,2.0,3.0,6.0,2023-08-29,8,29,1,0,0,0,0,0,0,0,0,1,0
TXN_5017038,3.0,4.0,12.0,2023-05-25,5,25,3,0,0,0,0,1,0,0,1,0,0
TXN_5017895,4.0,5.0,20.0,2023-09-25,9,25,0,0,0,0,1,0,0,0,0,0,0
TXN_5018462,5.0,4.0,20.0,2023-11-28,11,28,1,0,0,0,0,0,1,0,0,0,0
TXN_5019143,5.0,2.0,10.0,2023-02-21,2,21,1,1,0,0,0,0,0,0,0,0,1
TXN_5019407,4.0,3.0,12.0,2023-04-17,4,17,0,0,0,1,0,0,0,0,1,0,1
TXN_5020643,3.0,1.5,4.5,2023-10-19,10,19,3,0,0,0,0,0,0,1,0,1,0
TXN_5021925,4.0,1.5,6.0,2023-05-07,5,7,6,0,0,0,0,0,0,1,0,0,0
TXN_5022805,1.0,4.0,4.0,2023-12-17,12,17,6,0,0,0,0,1,0,0,1,0,1
TXN_5023419,3.0,1.0,3.0,2023-02-26,2,26,6,0,1,0,0,0,0,0,0,1,1
TXN_5024094,1.0,1.5,1.5,2023-02-20,2,20,0,0,0,0,0,0,0,1,1,0,1
TXN_5026431,5.0,4.0,20.0,2023-12-05,12,5,1,0,0,0,0,0,1,0,0,0,1
TXN_5026564,3.0,4.0,12.0,2023-09-12,9,12,1,0,0,0,0,0,1,0,0,0,0
TXN_5027125,3.0,5.0,15.0,2023-07-06,7,6,3,0,0,0,1,0,0,0,0,0,0
TXN_5029453,2.0,4.0,8.0,2023-06-24,6,24,5,0,0,0,0,1,0,0,0,1,0
TXN_5029643,2.0,1.5,3.0,2023-12-23,12,23,5,0,0,0,0,0,0,1,0,1,0
TXN_5031020,5.0,2.0,10.0,2023-11-25,11,25,5,1,0,0,0,0,0,0,0,0,1
TXN_5031214,5.0,1.0,5.0,2023-07-29,7,29,5,0,1,0,0,0,0,0,0,1,1
TXN_5032114,2.0,4.0,8.0,2023-05-31,5,31,2,0,0,0,0,1,0,0,0,0,0
TXN_5033045,3.0,5.0,15.0,2023-04-21,4,21,4,0,0,0,1,0,0,0,0,1,1
TXN_5033660,2.0,2.0,4.0,2023-09-12,9,12,1,1,0,0,0,0,0,0,0,1,0
TXN_5036614,4.0,4.0,16.0,2023-10-10,10,10,1,0,0,0,0,0,1,0,0,1,0
TXN_5036856,5.0,2.0,10.0,2023-03-27,3,27,0,1,0,0,0,0,0,0,0,0,0
TXN_5037517,5.0,4.0,20.0,2023-06-01,6,1,3,0,0,0,0,1,0,0,0,1,0
TXN_5037728,3.0,4.0,12.0,2023-08-18,8,18,4,0,0,0,0,0,1,0,1,0,1
TXN_5038122,1.0,5.0,5.0,2023-08-11,8,11,4,0,0,0,1,0,0,0,0,1,0
TXN_5038513,2.0,1.0,2.0,2023-10-24,10,24,1,0,1,0,0,0,0,0,0,1,1
TXN_5039624,4.0,1.0,4.0,2023-04-27,4,27,3,0,1,0,0,0,0,0,0,1,1
TXN_5039782,3.0,1.5,4.5,2023-06-21,6,21,2,0,0,0,0,0,0,1,1,0,1
TXN_5041555,4.0,1.5,6.0,2023-08-26,8,26,5,0,0,0,0,0,0,1,0,1,1
TXN_5043774,3.0,4.0,12.0,2023-06-08,6,8,3,0,0,0,0,1,0,0,0,0,1
TXN_5047447,1.0,5.0,5.0,2023-12-27,12,27,2,0,0,0,1,0,0,0,0,1,1
TXN_5048650,2.0,4.0,8.0,2023-11-18,11,18,5,0,0,0,0,0,1,0,0,0,1
TXN_5049646,2.0,3.0,6.0,2023-08-30,8,30,2,0,0,1,0,0,0,0,1,0,0
TXN_5050111,3.0,5.0,15.0,2023-06-13,6,13,1,0,0,0,1,0,0,0,0,0,0
TXN_5050993,4.0,1.0,4.0,2023-02-06,2,6,0,0,1,0,0,0,0,0,0,1,0
TXN_5051924,5.0,1.5,7.5,2023-05-23,5,23,1,0,0,0,0,0,0,1,1,0,1
TXN_5052515,1.0,1.5,1.5,2023-09-19,9,19,1,0,0,0,0,0,0,1,0,0,0
TXN_5052998,3.0,3.0,9.0,2023-10-07,10,7,5,0,0,1,0,0,0,0,1,0,0
TXN_5053064,3.0,5.0,15.0,2023-06-19,6,19,0,0,0,0,1,0,0,0,0,1,1
TXN_5054719,2.0,4.0,8.0,2023-04-17,4,17,0,0,0,0,0,1,0,0,1,0,0
TXN_5055872,3.0,4.0,12.0,2023-02-05,2,5,6,0,0,0,0,1,0,0,1,0,0
TXN_5056351,1.0,3.0,3.0,2023-04-24,4,24,0,0,0,1,0,0,0,0,0,1,1
TXN_5056808,1.0,3.0,3.0,2023-02-25,2,25,5,0,0,1,0,0,0,0,1,0,1
TXN_5056971,4.0,1.5,6.0,2023-08-22,8,22,1,0,0,0,0,0,0,1,0,0,1
TXN_5061028,1.0,1.0,1.0,2023-05-17,5,17,2,0,1,0,0,0,0,0,1,0,1
TXN_5061600,3.0,3.0,9.0,2023-11-23,11,23,3,0,0,1,0,0,0,0,0,1,0
TXN_5062280,4.0,4.0,16.0,2023-07-05,7,5,2,0,0,0,0,0,1,0,1,0,0
TXN_5064188,4.0,4.0,16.0,2023-12-08,12,8,4,0,0,0,0,1,0,0,1,0,0
TXN_5065748,5.0,3.0,15.0,2023-07-19,7,19,2,0,0,0,0,0,0,0,1,0,0
TXN_5067056,1.0,4.0,4.0,2023-08-13,8,13,6,0,0,0,0,1,0,0,0,0,0
TXN_5067216,4.0,5.0,20.0,2023-07-24,7,24,0,0,0,0,1,0,0,0,0,1,1
TXN_5067373,3.0,1.0,3.0,2023-10-18,10,18,2,0,1,0,0,0,0,0,0,0,1
TXN_5070577,4.0,1.0,4.0,2023-02-07,2,7,1,0,1,0,0,0,0,0,1,0,1
TXN_5071222,5.0,1.0,5.0,2023-10-25,10,25,2,0,1,0,0,0,0,0,0,1,1
TXN_5072031,2.0,3.0,6.0,2023-03-23,3,23,3,0,0,0,0,0,0,0,0,0,1
TXN_5072156,3.0,1.5,4.5,2023-07-24,7,24,0,0,0,0,0,0,0,1,0,1,1
TXN_5074212,5.0,3.0,15.0,2023-05-14,5,14,6,0,0,1,0,0,0,0,0,1,1
TXN_5075974,4.0,4.0,16.0,2023-04-11,4,11,1,0,0,0,0,0,1,0,0,1,0
TXN_5079166,5.0,5.0,25.0,2023-04-15,4,15,5,0,0,0,1,0,0,0,1,0,1
TXN_5079340,4.0,1.0,4.0,2023-08-18,8,18,4,0,1,0,0,0,0,0,0,0,0
TXN_5080213,1.0,2.0,2.0,2023-07-18,7,18,1,1,0,0,0,0,0,0,0,1,0
TXN_5080934,3.0,3.0,9.0,2023-12-10,12,10,6,0,0,1,0,0,0,0,0,0,1
TXN_5081978,1.0,3.0,3.0,2023-10-19,10,19,3,0,0,0,0,0,0,0,0,1,0
TXN_5083311,4.0,4.0,16.0,2023-04-30,4,30,6,0,0,0,0,1,0,0,0,1,0
TXN_5085328,4.0,2.0,8.0,2023-02-03,2,3,4,1,0,0,0,0,0,0,0,1,1
TXN_5086063,3.0,3.0,9.0,2023-09-28,9,28,3,0,0,1,0,0,0,0,0,1,1
TXN_5086795,1.0,5.0,5.0,2023-04-29,4,29,5,0,0,0,1,0,0,0,0,0,0
TXN_5087453,3.0,1.5,4.5,2023-04-09,4,9,6,0,0,0,0,0,0,1,0,0,1
TXN_5088167,5.0,2.0,10.0,2023-09-02,9,2,5,1,0,0,0,0,0,0,1,0,0
TXN_5089516,2.0,4.0,8.0,2023-11-04,11,4,5,0,0,0,0,0,1,0,1,0,0
TXN_5090839,5.0,4.0,20.0,2023-03-06,3,6,0,0,0,0,0,1,0,0,0,0,0
TXN_5092646,2.0,4.0,8.0,2023-05-08,5,8,0,0,0,0,0,0,1,0,0,1,1
TXN_5093312,4.0,1.0,4.0,2023-08-12,8,12,5,0,1,0,0,0,0,0,1,0,1
TXN_5093855,4.0,1.5,6.0,2023-11-23,11,23,3,0,0,0,0,0,0,1,0,0,1
TXN_5094936,4.0,2.0,8.0,2023-07-12,7,12,2,1,0,0,0,0,0,0,0,1,0
TXN_5097542,5.0,3.0,15.0,2023-05-15,5,15,0,0,0,0,0,0,0,0,0,0,1
TXN_5098938,5.0,1.5,7.5,2023-05-06,5,6,5,0,0,0,0,0,0,1,0,1,0
TXN_5100579,2.0,1.0,2.0,2023-10-08,10,8,6,0,1,0,0,0,0,0,0,0,1
TXN_5100941,5.0,1.0,5.0,2023-07-11,7,11,1,0,1,0,0,0,0,0,0,1,0
TXN_5101593,5.0,3.0,15.0,2023-01-25,1,25,2,0,0,0,0,0,0,0,1,0,1
TXN_5103036,2.0,3.0,6.0,2023-12-04,12,4,0,0,0,1,0,0,0,0,0,1,1
TXN_5103644,4.0,3.0,12.0,2023-04-17,4,17,0,0,0,0,0,0,0,0,1,0,1
TXN_5104848,2.0,1.5,3.0,2023-01-22,1,22,6,0,0,0,0,0,0,1,0,1,1
TXN_5105810,5.0,1.0,5.0,2023-01-17,1,17,1,0,1,0,0,0,0,0,0,1,1
TXN_5106045,3.0,2.0,6.0,2023-11-17,11,17,4,1,0,0,0,0,0,0,1,0,1
TXN_5106316,5.0,4.0,20.0,2023-01-23,1,23,0,0,0,0,0,1,0,0,0,1,1
TXN_5107006,4.0,1.0,4.0,2023-04-18,4,18,1,0,1,0,0,0,0,0,0,1,1
TXN_5107025,2.0,1.5,3.0,2023-02-19,2,19,6,0,0,0,0,0,0,1,0,1,0
TXN_5107249,4.0,4.0,16.0,2023-03-20,3,20,0,0,0,0,0,0,1,0,0,0,0
TXN_5107946,4.0,3.0,12.0,2023-12-22,12,22,4,0,0,0,0,0,0,0,1,0,1
TXN_5108183,4.0,4.0,16.0,2023-08-31,8,31,3,0,0,0,0,0,1,0,1,0,0
TXN_5108188,2.0,3.0,6.0,2023-08-25,8,25,4,0,0,0,0,0,0,0,0,0,1
TXN_5108439,2.0,5.0,10.0,2023-05-06,5,6,5,0,0,0,1,0,0,0,0,1,0
TXN_5108804,1.0,3.0,3.0,2023-09-26,9,26,1,0,0,1,0,0,0,0,0,1,0
TXN_5108867,3.0,3.0,9.0,2023-03-19,3,19,6,0,0,0,0,0,0,0,0,0,1
TXN_5109348,4.0,3.0,12.0,2023-02-10,2,10,4,0,0,0,0,0,0,0,0,1,0
TXN_5110688,3.0,5.0,15.0,2023-05-09,5,9,1,0,0,0,1,0,0,0,0,1,0
TXN_5113993,1.0,2.0,2.0,2023-02-10,2,10,4,1,0,0,0,0,0,0,1,0,1
TXN_5114283,1.0,1.5,1.5,2023-05-28,5,28,6,0,0,0,0,0,0,1,0,1,0
TXN_5115009,4.0,3.0,12.0,2023-02-21,2,21,1,0,0,0,0,0,0,0,0,1,1
TXN_5115080,5.0,3.0,15.0,2023-02-18,2,18,5,0,0,1,0,0,0,0,1,0,1
TXN_5117140,5.0,1.0,5.0,2023-08-17,8,17,3,0,1,0,0,0,0,0,0,1,1
TXN_5117595,4.0,4.0,16.0,2023-02-05,2,5,6,0,0,0,0,0,1,0,0,0,0
TXN_5118667,4.0,2.0,8.0,2023-12-12,12,12,1,1,0,0,0,0,0,0,0,0,0
TXN_5118799,2.0,1.0,2.0,2023-04-23,4,23,6,0,1,0,0,0,0,0,0,0,1
TXN_5120215,2.0,2.0,4.0,2023-10-29,10,29,6,1,0,0,0,0,0,0,0,1,1
TXN_5121322,3.0,4.0,12.0,2023-12-17,12,17,6,0,0,0,0,1,0,0,0,0,0
TXN_5124080,1.0,1.0,1.0,2023-01-14,1,14,5,0,1,0,0,0,0,0,1,0,0
TXN_5124519,3.0,4.0,12.0,2023-09-07,9,7,3,0,0,0,0,0,1,0,1,0,0
TXN_5124870,1.0,1.5,1.5,2023-08-11,8,11,4,0,0,0,0,0,0,1,0,1,1
TXN_5124999,5.0,2.0,10.0,2023-04-11,4,11,1,1,0,0,0,0,0,0,0,1,0
TXN_5125382,1.0,2.0,2.0,2023-12-26,12,26,1,1,0,0,0,0,0,0,0,1,0
TXN_5125759,3.0,2.0,6.0,2023-06-15,6,15,3,1,0,0,0,0,0,0,0,1,1
TXN_5127819,3.0,3.0,9.0,2023-04-03,4,3,0,0,0,1,0,0,0,0,0,1,0
TXN_5127984,3.0,4.0,12.0,2023-11-12,11,12,6,0,0,0,0,1,0,0,0,0,0
TXN_5129701,2.0,4.0,8.0,2023-11-09,11,9,3,0,0,0,0,0,1,0,1,0,1
TXN_5130399,3.0,1.0,3.0,2023-10-21,10,21,5,0,1,0,0,0,0,0,0,1,0
TXN_5131404,4.0,4.0,16.0,2023-06-18,6,18,6,0,0,0,0,1,0,0,1,0,1
TXN_5132082,5.0,5.0,25.0,2023-10-08,10,8,6,0,0,0,1,0,0,0,0,1,1
TXN_5132327,5.0,4.0,20.0,2023-01-25,1,25,2,0,0,0,0,0,1,0,0,0,0
TXN_5132361,3.0,4.0,12.0,2023-12-01,12,1,4,0,0,0,0,1,0,0,0,1,1
TXN_5132482,2.0,3.0,6.0,2023-12-21,12,21,3,0,0,1,0,0,0,0,0,1,0
TXN_5132747,2.0,2.0,4.0,2023-10-28,10,28,5,1,0,0,0,0,0,0,0,0,1
TXN_5133476,4.0,3.0,12.0,2023-03-17,3,17,4,0,0,1,0,0,0,0,0,1,0
TXN_5134545,5.0,1.5,7.5,2023-10-17,10,17,1,0,0,0,0,0,0,1,0,1,1
TXN_5135172,4.0,5.0,20.0,2023-12-10,12,10,6,0,0,0,1,0,0,0,0,1,0
TXN_5136479,1.0,4.0,4.0,2023-01-04,1,4,2,0,0,0,0,1,0,0,0,1,0
TXN_5136936,3.0,3.0,9.0,2023-08-24,8,24,3,0,0,0,0,0,0,0,0,0,0
TXN_5137315,5.0,5.0,25.0,2023-01-05,1,5,3,0,0,0,1,0,0,0,1,0,0
TXN_5138053,5.0,4.0,20.0,2023-02-16,2,16,3,0,0,0,0,1,0,0,0,1,1
TXN_5138519,5.0,3.0,15.0,2023-05-22,5,22,0,0,0,0,0,0,0,0,0,0,0
TXN_5139074,1.0,3.0,3.0,2023-11-16,11,16,3,0,0,0,0,0,0,0,0,1,1
TXN_5141000,4.0,4.0,16.0,2023-06-16,6,16,4,0,0,0,0,0,1,0,0,1,1
TXN_5144090,5.0,2.0,10.0,2023-05-15,5,15,0,1,0,0,0,0,0,0,0,1,1
TXN_5145906,4.0,1.5,6.0,2023-01-30,1,30,0,0,0,0,0,0,0,1,0,1,0
TXN_5148201,5.0,4.0,20.0,2023-11-18,11,18,5,0,0,0,0,0,1,0,0,1,1
TXN_5148730,1.0,3.0,3.0,2023-12-12,12,12,1,0,0,0,0,0,0,0,0,0,1
TXN_5148823,1.0,3.0,3.0,2023-03-27,3,27,0,0,0,1,0,0,0,0,0,1,1
TXN_5151706,1.0,4.0,4.0,2023-03-01,3,1,2,0,0,0,0,0,1,0,0,1,1
TXN_5151780,4.0,5.0,20.0,2023-06-24,6,24,5,0,0,0,1,0,0,0,0,0,1
TXN_5153086,3.0,1.5,4.5,2023-06-27,6,27,1,0,0,0,0,0,0,1,0,0,0
TXN_5153408,1.0,4.0,4.0,2023-08-22,8,22,1,0,0,0,0,0,1,0,1,0,1
TXN_5153686,5.0,2.0,10.0,2023-04-05,4,5,2,1,0,0,0,0,0,0,0,1,1
TXN_5153899,3.0,1.5,4.5,2023-03-01,3,1,2,0,0,0,0,0,0,1,0,1,1
TXN_5157516,3.0,5.0,15.0,2023-10-09,10,9,0,0,0,0,1,0,0,0,0,1,0
TXN_5157855,1.0,5.0,5.0,2023-08-18,8,18,4,0,0,0,1,0,0,0,0,1,0
TXN_5158607,4.0,4.0,16.0,2023-03-24,3,24,4,0,0,0,0,0,1,0,1,0,1
TXN_5159483,2.0,3.0,6.0,2023-05-24,5,24,2,0,0,1,0,0,0,0,0,1,0
TXN_5159669,4.0,1.5,6.0,2023-09-30,9,30,5,0,0,0,0,0,0,1,1,0,1
TXN_5161371,2.0,3.0,6.0,2023-01-17,1,17,1,0,0,0,0,0,0,0,1,0,0
TXN_5163686,5.0,5.0,25.0,2023-05-29,5,29,0,0,0,0,1,0,0,0,1,0,0
TXN_5164540,2.0,1.5,3.0,2023-01-05,1,5,3,0,0,0,0,0,0,1,1,0,1
TXN_5166412,4.0,1.0,4.0,2023-06-17,6,17,5,0,1,0,0,0,0,0,0,1,1
TXN_5167425,5.0,3.0,15.0,2023-08-04,8,4,4,0,0,1,0,0,0,0,0,1,0
TXN_5167925,1.0,3.0,3.0,2023-09-11,9,11,0,0,0,1,0,0,0,0,0,1,1
TXN_5170047,4.0,5.0,20.0,2023-12-15,12,15,4,0,0,0,1,0,0,0,0,0,0
TXN_5171248,5.0,3.0,15.0,2023-06-14,6,14,2,0,0,0,0,0,0,0,0,1,0
TXN_5171332,5.0,1.5,7.5,2023-02-05,2,5,6,0,0,0,0,0,0,1,0,0,1
TXN_5171519,3.0,5.0,15.0,2023-04-06,4,6,3,0,0,0,1,0,0,0,0,1,0
TXN_5172164,3.0,1.5,4.5,2023-09-13,9,13,2,0,0,0,0,0,0,1,0,1,0
TXN_5172383,3.0,3.0,9.0,2023-03-28,3,28,1,0,0,1,0,0,0,0,0,0,0
TXN_5173628,3.0,1.5,4.5,2023-05-30,5,30,1,0,0,0,0,0,0,1,0,1,1
TXN_5173881,3.0,1.0,3.0,2023-01-29,1,29,6,0,1,0,0,0,0,0,0,0,1
TXN_5176767,4.0,4.0,16.0,2023-05-03,5,3,2,0,0,0,0,0,1,0,0,1,1
TXN_5177565,5.0,4.0,20.0,2023-10-24,10,24,1,0,0,0,0,1,0,0,0,1,0
TXN_5179020,2.0,3.0,6.0,2023-06-18,6,18,6,0,0,0,0,0,0,0,0,1,1
TXN_5179156,5.0,2.0,10.0,2023-10-25,10,25,2,1,0,0,0,0,0,0,0,1,0
TXN_5179245,3.0,3.0,9.0,2023-04-17,4,17,0,0,0,1,0,0,0,0,1,0,1
TXN_5180326,4.0,3.0,12.0,2023-04-26,4,26,2,0,0,1,0,0,0,0,0,1,0
TXN_5180728,2.0,1.5,3.0,2023-09-01,9,1,4,0,0,0,0,0,0,1,0,1,0
TXN_5182042,4.0,4.0,16.0,2023-02-25,2,25,5,0,0,0,0,1,0,0,0,1,1
TXN_5182399,3.0,2.0,6.0,2023-09-08,9,8,4,1,0,0,0,0,0,0,0,1,1
TXN_5183041,5.0,1.0,5.0,2023-04-20,4,20,3,0,1,0,0,0,0,0,1,0,0
TXN_5183249,1.0,4.0,4.0,2023-07-02,7,2,6,0,0,0,0,1,0,0,0,1,0
TXN_5183630,4.0,2.0,8.0,2023-02-15,2,15,2,1,0,0,0,0,0,0,1,0,0
TXN_5183674,2.0,2.0,4.0,2023-04-13,4,13,3,1,0,0,0,0,0,0,0,1,0
TXN_5186460,3.0,3.0,9.0,2023-11-07,11,7,1,0,0,1,0,0,0,0,1,0,0
TXN_5188843,2.0,4.0,8.0,2023-02-06,2,6,0,0,0,0,0,0,1,0,0,0,0
TXN_5188872,3.0,3.0,9.0,2023-07-21,7,21,4,0,0,0,0,0,0,0,0,1,0
TXN_5189465,4.0,1.0,4.0,2023-10-04,10,4,2,0,1,0,0,0,0,0,0,1,1
TXN_5190685,4.0,1.0,4.0,2023-11-12,11,12,6,0,1,0,0,0,0,0,0,0,1
TXN_5191642,5.0,5.0,25.0,2023-04-15,4,15,5,0,0,0,1,0,0,0,0,0,1
TXN_5193568,3.0,3.0,9.0,2023-12-10,12,10,6,0,0,1,0,0,0,0,0,0,1
TXN_5198524,1.0,3.0,3.0,2023-06-14,6,14,2,0,0,0,0,0,0,0,1,0,0
TXN_5198827,5.0,1.5,7.5,2023-02-15,2,15,2,0,0,0,0,0,0,1,0,1,0
TXN_5200292,4.0,5.0,20.0,2023-01-12,1,12,3,0,0,0,1,0,0,0,0,0,1
TXN_5201123,2.0,5.0,10.0,2023-07-12,7,12,2,0,0,0,1,0,0,0,0,1,1
TXN_5202349,4.0,1.0,4.0,2023-11-27,11,27,0,0,1,0,0,0,0,0,0,1,0
TXN_5202752,5.0,4.0,20.0,2023-05-08,5,8,0,0,0,0,0,0,1,0,1,0,1
TXN_5203710,4.0,5.0,20.0,2023-04-22,4,22,5,0,0,0,1,0,0,0,0,1,1
TXN_5205595,1.0,3.0,3.0,2023-03-01,3,1,2,0,0,1,0,0,0,0,0,1,0
TXN_5206049,3.0,1.0,3.0,2023-06-24,6,24,5,0,1,0,0,0,0,0,0,1,1
TXN_5208377,2.0,1.5,3.0,2023-03-06,3,6,0,0,0,0,0,0,0,1,0,1,1
TXN_5209346,3.0,4.0,12.0,2023-02-22,2,22,2,0,0,0,0,0,1,0,1,0,0
TXN_5209585,2.0,1.5,3.0,2023-08-12,8,12,5,0,0,0,0,0,0,1,0,1,1
TXN_5209716,5.0,1.0,5.0,2023-10-06,10,6,4,0,1,0,0,0,0,0,0,0,0
TXN_5213014,3.0,4.0,12.0,2023-05-09,5,9,1,0,0,0,0,1,0,0,1,0,0
TXN_5213542,3.0,2.0,6.0,2023-08-21,8,21,0,1,0,0,0,0,0,0,1,0,0
TXN_5213761,3.0,2.0,6.0,2023-08-18,8,18,4,1,0,0,0,0,0,0,0,1,1
TXN_5214219,4.0,5.0,20.0,2023-03-22,3,22,2,0,0,0,1,0,0,0,1,0,0
TXN_5214986,5.0,1.0,5.0,2023-09-21,9,21,3,0,1,0,0,0,0,0,1,0,0
TXN_5215451,5.0,4.0,20.0,2023-11-02,11,2,3,0,0,0,0,1,0,0,0,1,1
TXN_5215704,5.0,4.0,20.0,2023-10-31,10,31,1,0,0,0,0,1,0,0,1,0,0
TXN_5216430,3.0,1.0,3.0,2023-02-05,2,5,6,0,1,0,0,0,0,0,0,1,0
TXN_5217434,1.0,2.0,2.0,2023-09-22,9,22,4,1,0,0,0,0,0,0,1,0,1
TXN_5220523,3.0,3.0,9.0,2023-01-30,1,30,0,0,0,1,0,0,0,0,0,0,1
TXN_5220527,4.0,1.0,4.0,2023-08-06,8,6,6,0,1,0,0,0,0,0,0,1,1
TXN_5220895,5.0,5.0,25.0,2023-06-10,6,10,5,0,0,0,1,0,0,0,0,0,0
TXN_5221688,2.0,2.0,4.0,2023-07-03,7,3,0,1,0,0,0,0,0,0,0,0,0
TXN_5222110,2.0,2.0,4.0,2023-01-30,1,30,0,1,0,0,0,0,0,0,0,1,0
TXN_5222176,4.0,1.0,4.0,2023-01-11,1,11,2,0,1,0,0,0,0,0,0,1,0
TXN_5222822,1.0,5.0,5.0,2023-11-20,11,20,0,0,0,0,1,0,0,0,0,0,0
TXN_5223162,3.0,3.0,9.0,2023-10-29,10,29,6,0,0,1,0,0,0,0,0,1,1
TXN_5223702,4.0,4.0,16.0,2023-06-23,6,23,4,0,0,0,0,0,1,0,1,0,1
TXN_5224275,4.0,1.0,4.0,2023-12-17,12,17,6,0,1,0,0,0,0,0,1,0,0
TXN_5225537,5.0,1.5,7.5,2023-11-04,11,4,5,0,0,0,0,0,0,1,0,1,1
TXN_5226399,4.0,3.0,12.0,2023-01-19,1,19,3,0,0,0,0,0,0,0,0,0,1
TXN_5226635,4.0,1.0,4.0,2023-02-01,2,1,2,0,1,0,0,0,0,0,1,0,1
TXN_5227574,4.0,3.0,12.0,2023-04-10,4,10,0,0,0,1,0,0,0,0,0,1,0
TXN_5227798,4.0,5.0,20.0,2023-09-02,9,2,5,0,0,0,1,0,0,0,0,0,0
TXN_5228270,3.0,3.0,9.0,2023-04-12,4,12,2,0,0,1,0,0,0,0,0,1,1
TXN_5229169,2.0,3.0,6.0,2023-09-08,9,8,4,0,0,1,0,0,0,0,1,0,1
TXN_5229351,3.0,2.0,6.0,2023-08-14,8,14,0,1,0,0,0,0,0,0,0,1,1
TXN_5230719,5.0,3.0,15.0,2023-03-23,3,23,3,0,0,0,0,0,0,0,1,0,0
TXN_5234152,5.0,1.0,5.0,2023-03-26,3,26,6,0,1,0,0,0,0,0,0,1,1
TXN_5234368,3.0,2.0,6.0,2023-06-10,6,10,5,1,0,0,0,0,0,0,0,1,0
TXN_5236861,4.0,2.0,8.0,2023-10-27,10,27,4,1,0,0,0,0,0,0,0,0,1
TXN_5236892,1.0,3.0,3.0,2023-03-09,3,9,3,0,0,0,0,0,0,0,0,1,1
TXN_5238755,3.0,1.0,3.0,2023-06-01,6,1,3,0,1,0,0,0,0,0,0,1,1
TXN_5239202,1.0,3.0,3.0,2023-09-14,9,14,3,0,0,0,0,0,0,0,0,1,1
TXN_5240229,1.0,5.0,5.0,2023-06-10,6,10,5,0,0,0,1,0,0,0,0,1,0
TXN_5241723,3.0,2.0,6.0,2023-07-18,7,18,1,1,0,0,0,0,0,0,0,0,1
TXN_5242469,4.0,2.0,8.0,2023-04-01,4,1,5,1,0,0,0,0,0,0,1,0,1
TXN_5243032,1.0,1.0,1.0,2023-08-24,8,24,3,0,1,0,0,0,0,0,0,0,1
TXN_5244558,4.0,4.0,16.0,2023-06-06,6,6,1,0,0,0,0,0,1,0,0,1,1
TXN_5244674,5.0,3.0,15.0,2023-04-27,4,27,3,0,0,0,0,0,0,0,0,1,1
TXN_5244931,1.0,2.0,2.0,2023-09-30,9,30,5,1,0,0,0,0,0,0,0,1,1
TXN_5245399,5.0,2.0,10.0,2023-12-25,12,25,0,1,0,0,0,0,0,0,0,1,0
TXN_5247378,2.0,4.0,8.0,2023-06-16,6,16,4,0,0,0,0,1,0,0,0,1,1
TXN_5248011,2.0,3.0,6.0,2023-01-21,1,21,5,0,0,0,0,0,0,0,0,0,0
TXN_5249091,5.0,4.0,20.0,2023-08-15,8,15,1,0,0,0,0,0,1,0,1,0,0
TXN_5251180,1.0,1.0,1.0,2023-06-25,6,25,6,0,1,0,0,0,0,0,0,1,1
TXN_5252187,1.0,4.0,4.0,2023-01-20,1,20,4,0,0,0,0,1,0,0,0,0,0
TXN_5255023,2.0,4.0,8.0,2023-11-15,11,15,2,0,0,0,0,1,0,0,1,0,0
TXN_5255092,1.0,4.0,4.0,2023-10-08,10,8,6,0,0,0,0,1,0,0,0,1,1
TXN_5255387,4.0,2.0,8.0,2023-03-02,3,2,3,1,0,0,0,0,0,0,0,1,1
TXN_5256055,5.0,5.0,25.0,2023-02-07,2,7,1,0,0,0,1,0,0,0,1,0,1
TXN_5257169,4.0,3.0,12.0,2023-01-12,1,12,3,0,0,1,0,0,0,0,1,0,0
TXN_5257531,2.0,1.5,3.0,2023-04-10,4,10,0,0,0,0,0,0,0,1,0,1,0
TXN_5260646,4.0,1.5,6.0,2023-11-18,11,18,5,0,0,0,0,0,0,1,0,0,1
TXN_5261036,5.0,3.0,15.0,2023-10-03,10,3,1,0,0,0,0,0,0,0,0,0,1
TXN_5263133,2.0,3.0,6.0,2023-05-22,5,22,0,0,0,1,0,0,0,0,0,0,1
TXN_5263693,1.0,3.0,3.0,2023-01-20,1,20,4,0,0,1,0,0,0,0,0,1,1
TXN_5265095,1.0,2.0,2.0,2023-06-23,6,23,4,1,0,0,0,0,0,0,0,1,0
TXN_5266394,3.0,3.0,9.0,2023-10-28,10,28,5,0,0,0,0,0,0,0,0,0,0
TXN_5268025,5.0,1.0,5.0,2023-05-19,5,19,4,0,1,0,0,0,0,0,0,1,0
TXN_5268203,1.0,3.0,3.0,2023-03-04,3,4,5,0,0,0,0,0,0,0,1,0,1
TXN_5269634,5.0,3.0,15.0,2023-04-07,4,7,4,0,0,0,0,0,0,0,0,1,0
TXN_5270067,3.0,3.0,9.0,2023-03-09,3,9,3,0,0,0,0,0,0,0,0,1,1
TXN_5274961,1.0,3.0,3.0,2023-11-04,11,4,5,0,0,1,0,0,0,0,1,0,0
TXN_5275315,2.0,4.0,8.0,2023-01-19,1,19,3,0,0,0,0,0,1,0,0,1,0
TXN_5276301,3.0,3.0,9.0,2023-03-13,3,13,0,0,0,0,0,0,0,0,0,0,0
TXN_5276842,2.0,2.0,4.0,2023-06-26,6,26,0,1,0,0,0,0,0,0,0,1,1
TXN_5279293,3.0,4.0,12.0,2023-11-11,11,11,5,0,0,0,0,1,0,0,0,1,1
TXN_5279972,4.0,4.0,16.0,2023-01-07,1,7,5,0,0,0,0,0,1,0,1,0,1
TXN_5280256,5.0,1.0,5.0,2023-07-12,7,12,2,0,1,0,0,0,0,0,0,1,0
TXN_5282529,5.0,1.5,7.5,2023-04-13,4,13,3,0,0,0,0,0,0,1,1,0,1
TXN_5282804,1.0,4.0,4.0,2023-12-01,12,1,4,0,0,0,0,1,0,0,1,0,0
TXN_5283053,4.0,3.0,12.0,2023-04-30,4,30,6,0,0,1,0,0,0,0,0,1,0
TXN_5284338,4.0,2.0,8.0,2023-03-30,3,30,3,1,0,0,0,0,0,0,0,0,1
TXN_5285171,5.0,4.0,20.0,2023-12-11,12,11,0,0,0,0,0,1,0,0,0,0,1
TXN_5285666,5.0,2.0,10.0,2023-03-20,3,20,0,1,0,0,0,0,0,0,0,0,0
TXN_5288715,3.0,3.0,9.0,2023-04-19,4,19,2,0,0,1,0,0,0,0,0,1,0
TXN_5290522,2.0,2.0,4.0,2023-02-16,2,16,3,1,0,0,0,0,0,0,1,0,1
TXN_5293518,3.0,4.0,12.0,2023-07-16,7,16,6,0,0,0,0,1,0,0,0,1,0
TXN_5295223,5.0,5.0,25.0,2023-03-23,3,23,3,0,0,0,1,0,0,0,0,0,0
TXN_5296083,3.0,4.0,12.0,2023-12-08,12,8,4,0,0,0,0,1,0,0,0,1,0
TXN_5296578,1.0,2.0,2.0,2023-04-15,4,15,5,1,0,0,0,0,0,0,1,0,1
TXN_5297299,5.0,2.0,10.0,2023-10-04,10,4,2,1,0,0,0,0,0,0,0,0,0
TXN_5297692,5.0,3.0,15.0,2023-03-21,3,21,1,0,0,1,0,0,0,0,1,0,1
TXN_5297746,3.0,2.0,6.0,2023-07-11,7,11,1,1,0,0,0,0,0,0,1,0,0
TXN_5297995,5.0,1.5,7.5,2023-07-04,7,4,1,0,0,0,0,0,0,1,0,1,0
TXN_5299440,2.0,3.0,6.0,2023-10-21,10,21,5,0,0,1,0,0,0,0,1,0,0
TXN_5300938,5.0,1.5,7.5,2023-10-30,10,30,0,0,0,0,0,0,0,1,0,0,1
TXN_5301689,5.0,3.0,15.0,2023-04-11,4,11,1,0,0,0,0,0,0,0,0,1,0
TXN_5301926,1.0,3.0,3.0,2023-11-13,11,13,0,0,0,0,0,0,0,0,0,1,1
TXN_5303092,2.0,1.5,3.0,2023-05-05,5,5,4,0,0,0,0,0,0,1,1,0,0
TXN_5303258,4.0,4.0,16.0,2023-09-28,9,28,3,0,0,0,0,1,0,0,0,1,0
TXN_5303275,4.0,1.0,4.0,2023-09-18,9,18,0,0,1,0,0,0,0,0,0,0,1
TXN_5303413,1.0,2.0,2.0,2023-06-21,6,21,2,1,0,0,0,0,0,0,0,1,0
TXN_5303464,4.0,3.0,12.0,2023-10-26,10,26,3,0,0,1,0,0,0,0,0,0,1
TXN_5307411,3.0,3.0,9.0,2023-10-21,10,21,5,0,0,0,0,0,0,0,0,1,1
TXN_5308047,1.0,1.0,1.0,2023-10-28,10,28,5,0,1,0,0,0,0,0,1,0,1
TXN_5309677,4.0,2.0,8.0,2023-08-09,8,9,2,1,0,0,0,0,0,0,0,0,0
TXN_5311015,3.0,4.0,12.0,2023-05-11,5,11,3,0,0,0,0,0,1,0,1,0,0
TXN_5311814,4.0,1.5,6.0,2023-07-06,7,6,3,0,0,0,0,0,0,1,0,1,1
TXN_5313211,5.0,4.0,20.0,2023-05-04,5,4,3,0,0,0,0,0,1,0,1,0,1
TXN_5313347,2.0,1.0,2.0,2023-12-10,12,10,6,0,1,0,0,0,0,0,0,1,1
TXN_5313435,4.0,5.0,20.0,2023-02-18,2,18,5,0,0,0,1,0,0,0,0,0,1
TXN_5315441,5.0,4.0,20.0,2023-10-31,10,31,1,0,0,0,0,0,1,0,0,1,0
TXN_5315818,1.0,5.0,5.0,2023-02-06,2,6,0,0,0,0,1,0,0,0,0,1,0
TXN_5316852,2.0,2.0,4.0,2023-04-08,4,8,5,1,0,0,0,0,0,0,0,1,1
TXN_5317458,2.0,5.0,10.0,2023-01-22,1,22,6,0,0,0,1,0,0,0,1,0,1
TXN_5318263,1.0,4.0,4.0,2023-06-12,6,12,0,0,0,0,0,0,1,0,1,0,1
TXN_5319247,5.0,4.0,20.0,2023-03-02,3,2,3,0,0,0,0,1,0,0,0,1,0
TXN_5320512,5.0,1.5,7.5,2023-04-25,4,25,1,0,0,0,0,0,0,1,0,1,0
TXN_5321145,5.0,4.0,20.0,2023-08-29,8,29,1,0,0,0,0,1,0,0,0,1,1
TXN_5322809,2.0,3.0,6.0,2023-04-30,4,30,6,0,0,0,0,0,0,0,0,1,1
TXN_5324330,3.0,5.0,15.0,2023-11-20,11,20,0,0,0,0,1,0,0,0,0,1,1
TXN_5325729,5.0,2.0,10.0,2023-05-04,5,4,3,1,0,0,0,0,0,0,0,1,1
TXN_5326795,2.0,1.0,2.0,2023-04-05,4,5,2,0,1,0,0,0,0,0,0,1,0
TXN_5327102,2.0,1.0,2.0,2023-07-16,7,16,6,0,1,0,0,0,0,0,0,1,1
TXN_5328065,5.0,3.0,15.0,2023-09-18,9,18,0,0,0,0,0,0,0,0,0,0,1
TXN_5328814,3.0,1.5,4.5,2023-10-18,10,18,2,0,0,0,0,0,0,1,0,0,0
TXN_5329431,3.0,4.0,12.0,2023-10-03,10,3,1,0,0,0,0,1,0,0,1,0,0
TXN_5330387,3.0,2.0,6.0,2023-10-21,10,21,5,1,0,0,0,0,0,0,0,1,0
TXN_5330930,1.0,3.0,3.0,2023-07-12,7,12,2,0,0,0,0,0,0,0,0,1,0
TXN_5331122,4.0,5.0,20.0,2023-09-26,9,26,1,0,0,0,1,0,0,0,1,0,0
TXN_5331285,3.0,4.0,12.0,2023-03-12,3,12,6,0,0,0,0,1,0,0,0,1,1
TXN_5331924,2.0,4.0,8.0,2023-06-30,6,30,4,0,0,0,0,1,0,0,0,0,1
TXN_5332538,3.0,2.0,6.0,2023-01-15,1,15,6,1,0,0,0,0,0,0,0,1,0
TXN_5332773,2.0,2.0,4.0,2023-05-04,5,4,3,1,0,0,0,0,0,0,0,1,1
TXN_5333966,4.0,3.0,12.0,2023-06-11,6,11,6,0,0,1,0,0,0,0,0,1,0
TXN_5335079,1.0,3.0,3.0,2023-02-20,2,20,0,0,0,0,0,0,0,0,0,0,0
TXN_5336437,5.0,1.5,7.5,2023-05-07,5,7,6,0,0,0,0,0,0,1,1,0,0
TXN_5336876,3.0,4.0,12.0,2023-07-07,7,7,4,0,0,0,0,0,1,0,1,0,1
TXN_5337074,3.0,1.0,3.0,2023-01-12,1,12,3,0,1,0,0,0,0,0,1,0,0
TXN_5337566,5.0,1.0,5.0,2023-03-08,3,8,2,0,1,0,0,0,0,0,0,0,1
TXN_5339625,5.0,4.0,20.0,2023-06-29,6,29,3,0,0,0,0,0,1,0,0,1,0
TXN_5341204,1.0,2.0,2.0,2023-07-24,7,24,0,1,0,0,0,0,0,0,0,1,0
TXN_5341644,4.0,3.0,12.0,2023-01-24,1,24,1,0,0,0,0,0,0,0,0,0,1
TXN_5342051,3.0,4.0,12.0,2023-04-21,4,21,4,0,0,0,0,1,0,0,0,0,1
TXN_5342589,2.0,1.5,3.0,2023-04-06,4,6,3,0,0,0,0,0,0,1,0,1,0
TXN_5342900,5.0,3.0,15.0,2023-07-12,7,12,2,0,0,0,0,0,0,0,0,0,1
TXN_5344848,1.0,5.0,5.0,2023-09-27,9,27,2,0,0,0,1,0,0,0,0,1,1
TXN_5345258,2.0,5.0,10.0,2023-03-13,3,13,0,0,0,0,1,0,0,0,1,0,1
TXN_5346027,2.0,4.0,8.0,2023-12-19,12,19,1,0,0,0,0,1,0,0,0,1,0
TXN_5346493,5.0,1.0,5.0,2023-04-08,4,8,5,0,1,0,0,0,0,0,0,1,0
TXN_5347338,4.0,3.0,12.0,2023-07-04,7,4,1,0,0,0,0,0,0,0,0,1,1
TXN_5347792,3.0,5.0,15.0,2023-02-10,2,10,4,0,0,0,1,0,0,0,0,1,1
TXN_5348445,5.0,5.0,25.0,2023-11-15,11,15,2,0,0,0,1,0,0,0,0,1,0
TXN_5348750,5.0,5.0,25.0,2023-07-15,7,15,5,0,0,0,1,0,0,0,1,0,0
TXN_5348915,1.0,3.0,3.0,2023-07-09,7,9,6,0,0,1,0,0,0,0,0,1,1
TXN_5349288,4.0,2.0,8.0,2023-11-20,11,20,0,1,0,0,0,0,0,0,0,1,0
TXN_5349355,2.0,5.0,10.0,2023-05-10,5,10,2,0,0,0,1,0,0,0,0,1,0
TXN_5350200,1.0,4.0,4.0,2023-12-02,12,2,5,0,0,0,0,0,1,0,0,0,0
TXN_5350286,5.0,4.0,20.0,2023-02-18,2,18,5,0,0,0,0,1,0,0,1,0,0
TXN_5350401,2.0,4.0,8.0,2023-10-28,10,28,5,0,0,0,0,1,0,0,0,1,0
TXN_5350735,2.0,1.5,3.0,2023-04-08,4,8,5,0,0,0,0,0,0,1,0,0,1
TXN_5351447,4.0,5.0,20.0,2023-07-20,7,20,3,0,0,0,1,0,0,0,0,1,0
TXN_5351656,1.0,1.5,1.5,2023-03-02,3,2,3,0,0,0,0,0,0,1,0,1,1
TXN_5352739,4.0,4.0,16.0,2023-07-31,7,31,0,0,0,0,0,1,0,0,0,1,1
TXN_5353468,2.0,1.5,3.0,2023-11-30,11,30,3,0,0,0,0,0,0,1,1,0,0
TXN_5353855,3.0,4.0,12.0,2023-12-24,12,24,6,0,0,0,0,0,1,0,1,0,1
TXN_5354721,5.0,3.0,15.0,2023-09-07,9,7,3,0,0,0,0,0,0,0,0,1,1
TXN_5354746,4.0,2.0,8.0,2023-03-06,3,6,0,1,0,0,0,0,0,0,0,1,1
TXN_5355693,1.0,4.0,4.0,2023-12-03,12,3,6,0,0,0,0,0,1,0,0,1,0
TXN_5356324,1.0,4.0,4.0,2023-02-26,2,26,6,0,0,0,0,0,1,0,0,1,1
TXN_5357157,4.0,3.0,12.0,2023-05-21,5,21,6,0,0,1,0,0,0,0,1,0,0
TXN_5358805,5.0,2.0,10.0,2023-01-01,1,1,6,1,0,0,0,0,0,0,0,1,1
TXN_5360210,5.0,1.5,7.5,2023-06-29,6,29,3,0,0,0,0,0,0,1,0,0,1
TXN_5364052,2.0,4.0,8.0,2023-02-05,2,5,6,0,0,0,0,1,0,0,1,0,1
TXN_5365699,5.0,4.0,20.0,2023-05-22,5,22,0,0,0,0,0,1,0,0,0,1,0
TXN_5365809,3.0,3.0,9.0,2023-09-14,9,14,3,0,0,0,0,0,0,0,0,0,0
TXN_5367923,4.0,4.0,16.0,2023-04-19,4,19,2,0,0,0,0,1,0,0,1,0,1
TXN_5368297,2.0,4.0,8.0,2023-10-04,10,4,2,0,0,0,0,0,1,0,1,0,1
TXN_5369010,4.0,5.0,20.0,2023-04-23,4,23,6,0,0,0,1,0,0,0,0,0,1
TXN_5369243,4.0,4.0,16.0,2023-11-16,11,16,3,0,0,0,0,0,1,0,0,0,1
TXN_5369555,4.0,3.0,12.0,2023-02-24,2,24,4,0,0,1,0,0,0,0,0,0,1
TXN_5373154,3.0,3.0,9.0,2023-04-06,4,6,3,0,0,0,0,0,0,0,0,1,1
TXN_5373441,1.0,5.0,5.0,2023-06-02,6,2,4,0,0,0,1,0,0,0,0,1,0
TXN_5373527,2.0,4.0,8.0,2023-06-26,6,26,0,0,0,0,0,1,0,0,0,1,1
TXN_5375349,1.0,2.0,2.0,2023-11-13,11,13,0,1,0,0,0,0,0,0,0,1,1
TXN_5379179,2.0,1.0,2.0,2023-07-08,7,8,5,0,1,0,0,0,0,0,0,1,1
TXN_5379385,5.0,2.0,10.0,2023-02-21,2,21,1,1,0,0,0,0,0,0,1,0,1
TXN_5380220,4.0,2.0,8.0,2023-10-18,10,18,2,1,0,0,0,0,0,0,1,0,0
TXN_5381129,5.0,1.0,5.0,2023-04-20,4,20,3,0,1,0,0,0,0,0,0,1,1
TXN_5384343,1.0,3.0,3.0,2023-03-29,3,29,2,0,0,1,0,0,0,0,1,0,1
TXN_5386352,1.0,4.0,4.0,2023-01-18,1,18,2,0,0,0,0,1,0,0,1,0,0
TXN_5386752,4.0,5.0,20.0,2023-12-07,12,7,3,0,0,0,1,0,0,0,0,1,0
TXN_5387067,3.0,5.0,15.0,2023-06-11,6,11,6,0,0,0,1,0,0,0,1,0,0
TXN_5390428,2.0,3.0,6.0,2023-11-25,11,25,5,0,0,1,0,0,0,0,0,1,0
TXN_5390533,3.0,4.0,12.0,2023-11-18,11,18,5,0,0,0,0,0,1,0,0,1,0
TXN_5391160,2.0,3.0,6.0,2023-03-09,3,9,3,0,0,1,0,0,0,0,0,0,0
TXN_5392603,1.0,2.0,2.0,2023-05-14,5,14,6,1,0,0,0,0,0,0,0,0,0
TXN_5392630,5.0,3.0,15.0,2023-11-23,11,23,3,0,0,1,0,0,0,0,0,0,1
TXN_5395229,5.0,2.0,10.0,2023-11-29,11,29,2,1,0,0,0,0,0,0,0,0,0
TXN_5396450,3.0,3.0,9.0,2023-12-09,12,9,5,0,0,1,0,0,0,0,0,1,1
TXN_5396727,2.0,3.0,6.0,2023-10-13,10,13,4,0,0,1,0,0,0,0,1,0,1
TXN_5398134,2.0,2.0,4.0,2023-10-01,10,1,6,1,0,0,0,0,0,0,1,0,0
TXN_5398922,1.0,5.0,5.0,2023-01-10,1,10,1,0,0,0,1,0,0,0,0,0,0
TXN_5399303,2.0,2.0,4.0,2023-11-02,11,2,3,1,0,0,0,0,0,0,0,1,1
TXN_5400266,3.0,1.5,4.5,2023-06-14,6,14,2,0,0,0,0,0,0,1,0,1,1
TXN_5400273,4.0,4.0,16.0,2023-05-24,5,24,2,0,0,0,0,0,1,0,1,0,1
TXN_5401244,1.0,5.0,5.0,2023-07-08,7,8,5,0,0,0,1,0,0,0,1,0,0
TXN_5402385,2.0,3.0,6.0,2023-06-18,6,18,6,0,0,1,0,0,0,0,0,0,0
TXN_5402821,4.0,5.0,20.0,2023-11-29,11,29,2,0,0,0,1,0,0,0,0,1,0
TXN_5403707,3.0,4.0,12.0,2023-03-20,3,20,0,0,0,0,0,0,1,0,0,0,0
TXN_5404249,1.0,4.0,4.0,2023-10-04,10,4,2,0,0,0,0,0,1,0,0,1,0
TXN_5405799,3.0,2.0,6.0,2023-08-13,8,13,6,1,0,0,0,0,0,0,0,0,0
TXN_5406411,5.0,4.0,20.0,2023-04-14,4,14,4,0,0,0,0,0,1,0,1,0,0
TXN_5406758,5.0,5.0,25.0,2023-07-06,7,6,3,0,0,0,1,0,0,0,0,1,1
TXN_5406762,4.0,5.0,20.0,2023-09-12,9,12,1,0,0,0,1,0,0,0,1,0,1
TXN_5408625,5.0,1.0,5.0,2023-08-14,8,14,0,0,1,0,0,0,0,0,0,0,1
TXN_5409141,5.0,2.0,10.0,2023-02-02,2,2,3,1,0,0,0,0,0,0,0,0,1
TXN_5409951,3.0,2.0,6.0,2023-06-23,6,23,4,1,0,0,0,0,0,0,0,1,0
TXN_5410185,3.0,3.0,9.0,2023-02-22,2,22,2,0,0,1,0,0,0,0,1,0,0
TXN_5410349,5.0,3.0,15.0,2023-03-05,3,5,6,0,0,0,0,0,0,0,1,0,1
TXN_5411381,1.0,1.0,1.0,2023-04-28,4,28,4,0,1,0,0,0,0,0,0,1,0
TXN_5412418,3.0,3.0,9.0,2023-09-23,9,23,5,0,0,0,0,0,0,0,0,0,0
TXN_5412834,4.0,4.0,16.0,2023-07-13,7,13,3,0,0,0,0,0,1,0,0,0,1
TXN_5413274,5.0,4.0,20.0,2023-02-10,2,10,4,0,0,0,0,0,1,0,1,0,0
TXN_5413433,4.0,3.0,12.0,2023-06-03,6,3,5,0,0,1,0,0,0,0,0,1,0
TXN_5414186,1.0,4.0,4.0,2023-04-24,4,24,0,0,0,0,0,0,1,0,1,0,1
TXN_5415223,2.0,1.5,3.0,2023-09-02,9,2,5,0,0,0,0,0,0,1,0,0,0
TXN_5415901,2.0,3.0,6.0,2023-10-21,10,21,5,0,0,0,0,0,0,0,0,1,0
TXN_5417192,4.0,1.0,4.0,2023-06-23,6,23,4,0,1,0,0,0,0,0,0,0,0
TXN_5419862,5.0,3.0,15.0,2023-05-29,5,29,0,0,0,1,0,0,0,0,0,1,0
TXN_5420062,4.0,5.0,20.0,2023-06-06,6,6,1,0,0,0,1,0,0,0,0,0,0
TXN_5421310,4.0,2.0,8.0,2023-06-10,6,10,5,1,0,0,0,0,0,0,0,1,0
TXN_5421917,5.0,1.5,7.5,2023-05-03,5,3,2,0,0,0,0,0,0,1,0,1,0
TXN_5422843,2.0,4.0,8.0,2023-07-21,7,21,4,0,0,0,0,1,0,0,0,0,0
TXN_5422928,4.0,1.5,6.0,2023-09-20,9,20,2,0,0,0,0,0,0,1,0,1,1
TXN_5423024,1.0,4.0,4.0,2023-04-30,4,30,6,0,0,0,0,0,1,0,0,1,0
TXN_5423636,4.0,4.0,16.0,2023-10-18,10,18,2,0,0,0,0,1,0,0,0,0,0
TXN_5424614,1.0,3.0,3.0,2023-11-12,11,12,6,0,0,0,0,0,0,0,1,0,0
TXN_5424622,4.0,1.5,6.0,2023-07-12,7,12,2,0,0,0,0,0,0,1,0,1,0
TXN_5425668,5.0,1.0,5.0,2023-04-09,4,9,6,0,1,0,0,0,0,0,0,0,1
TXN_5425911,1.0,4.0,4.0,2023-11-30,11,30,3,0,0,0,0,0,1,0,0,1,0
TXN_5426236,3.0,4.0,12.0,2023-08-31,8,31,3,0,0,0,0,0,1,0,0,0,1
TXN_5426405,5.0,1.5,7.5,2023-11-26,11,26,6,0,0,0,0,0,0,1,0,0,0
TXN_5426507,2.0,3.0,6.0,2023-06-13,6,13,1,0,0,1,0,0,0,0,0,0,1
TXN_5427338,2.0,3.0,6.0,2023-04-27,4,27,3,0,0,0,0,0,0,0,0,1,0
TXN_5427506,3.0,3.0,9.0,2023-09-15,9,15,4,0,0,0,0,0,0,0,0,0,1
TXN_5429861,1.0,3.0,3.0,2023-03-20,3,20,0,0,0,0,0,0,0,0,0,1,0
TXN_5430200,3.0,4.0,12.0,2023-11-12,11,12,6,0,0,0,0,1,0,0,1,0,1
TXN_5430694,5.0,5.0,25.0,2023-08-24,8,24,3,0,0,0,1,0,0,0,0,1,0
TXN_5431854,3.0,1.0,3.0,2023-01-18,1,18,2,0,1,0,0,0,0,0,0,1,0
TXN_5432582,3.0,3.0,9.0,2023-08-30,8,30,2,0,0,1,0,0,0,0,0,1,0
TXN_5433077,4.0,3.0,12.0,2023-11-29,11,29,2,0,0,0,0,0,0,0,0,0,0
TXN_5433982,5.0,5.0,25.0,2023-07-07,7,7,4,0,0,0,1,0,0,0,0,1,1
TXN_5434310,3.0,4.0,12.0,2023-11-21,11,21,1,0,0,0,0,0,1,0,0,0,0
TXN_5435751,1.0,4.0,4.0,2023-05-24,5,24,2,0,0,0,0,1,0,0,1,0,1
TXN_5436816,3.0,5.0,15.0,2023-08-04,8,4,4,0,0,0,1,0,0,0,1,0,1
TXN_5437961,3.0,4.0,12.0,2023-06-30,6,30,4,0,0,0,0,1,0,0,0,1,0
TXN_5438111,3.0,4.0,12.0,2023-01-06,1,6,4,0,0,0,0,0,1,0,0,0,0
TXN_5438422,3.0,4.0,12.0,2023-09-25,9,25,0,0,0,0,0,0,1,0,0,1,0
TXN_5438652,4.0,4.0,16.0,2023-03-17,3,17,4,0,0,0,0,1,0,0,0,0,1
TXN_5439860,1.0,1.5,1.5,2023-04-18,4,18,1,0,0,0,0,0,0,1,0,1,0
TXN_5441196,1.0,1.5,1.5,2023-05-24,5,24,2,0,0,0,0,0,0,1,0,0,1
TXN_5442505,4.0,3.0,12.0,2023-09-07,9,7,3,0,0,0,0,0,0,0,0,1,1
TXN_5442610,2.0,3.0,6.0,2023-12-10,12,10,6,0,0,1,0,0,0,0,0,0,1
TXN_5444860,2.0,1.5,3.0,2023-04-28,4,28,4,0,0,0,0,0,0,1,0,1,0
TXN_5445318,1.0,1.0,1.0,2023-02-16,2,16,3,0,1,0,0,0,0,0,0,1,0
TXN_5445994,1.0,3.0,3.0,2023-06-11,6,11,6,0,0,1,0,0,0,0,1,0,0
TXN_5446085,3.0,2.0,6.0,2023-09-16,9,16,5,1,0,0,0,0,0,0,0,1,0
TXN_5446858,1.0,1.0,1.0,2023-11-07,11,7,1,0,1,0,0,0,0,0,0,0,0
TXN_5447508,3.0,4.0,12.0,2023-06-28,6,28,2,0,0,0,0,1,0,0,0,1,1
TXN_5447694,1.0,4.0,4.0,2023-11-18,11,18,5,0,0,0,0,0,1,0,0,1,0
TXN_5447967,2.0,4.0,8.0,2023-06-06,6,6,1,0,0,0,0,0,1,0,1,0,0
TXN_5448157,3.0,1.0,3.0,2023-01-11,1,11,2,0,1,0,0,0,0,0,1,0,0
TXN_5448602,3.0,3.0,9.0,2023-01-17,1,17,1,0,0,1,0,0,0,0,1,0,0
TXN_5449092,4.0,3.0,12.0,2023-06-11,6,11,6,0,0,1,0,0,0,0,0,1,0
TXN_5452210,5.0,1.5,7.5,2023-04-17,4,17,0,0,0,0,0,0,0,1,0,1,0
TXN_5452419,4.0,2.0,8.0,2023-01-25,1,25,2,1,0,0,0,0,0,0,0,0,0
TXN_5452978,2.0,5.0,10.0,2023-04-10,4,10,0,0,0,0,1,0,0,0,0,0,0
TXN_5453217,1.0,2.0,2.0,2023-07-11,7,11,1,1,0,0,0,0,0,0,1,0,0
TXN_5453836,2.0,4.0,8.0,2023-05-29,5,29,0,0,0,0,0,0,1,0,1,0,0
TXN_5454841,5.0,1.0,5.0,2023-06-04,6,4,6,0,1,0,0,0,0,0,0,1,1
TXN_5455079,2.0,5.0,10.0,2023-11-30,11,30,3,0,0,0,1,0,0,0,0,0,0
TXN_5455792,3.0,5.0,15.0,2023-03-22,3,22,2,0,0,0,1,0,0,0,0,0,0
TXN_5455936,5.0,3.0,15.0,2023-10-28,10,28,5,0,0,1,0,0,0,0,0,1,0
TXN_5456362,4.0,4.0,16.0,2023-07-06,7,6,3,0,0,0,0,0,1,0,1,0,0
TXN_5457133,5.0,3.0,15.0,2023-03-03,3,3,4,0,0,1,0,0,0,0,0,1,0
TXN_5457767,3.0,3.0,9.0,2023-08-14,8,14,0,0,0,0,0,0,0,0,0,0,0
TXN_5458161,1.0,4.0,4.0,2023-07-19,7,19,2,0,0,0,0,1,0,0,0,1,1
TXN_5460750,3.0,3.0,9.0,2023-07-31,7,31,0,0,0,1,0,0,0,0,1,0,1
TXN_5466291,1.0,5.0,5.0,2023-09-19,9,19,1,0,0,0,1,0,0,0,1,0,0
TXN_5467240,5.0,4.0,20.0,2023-10-20,10,20,4,0,0,0,0,0,1,0,0,1,1
TXN_5468153,5.0,4.0,20.0,2023-12-15,12,15,4,0,0,0,0,0,1,0,0,1,0
TXN_5469063,2.0,2.0,4.0,2023-02-24,2,24,4,1,0,0,0,0,0,0,0,1,1
TXN_5470087,2.0,5.0,10.0,2023-10-11,10,11,2,0,0,0,1,0,0,0,0,1,1
TXN_5470598,3.0,3.0,9.0,2023-03-14,3,14,1,0,0,0,0,0,0,0,0,1,0
TXN_5470909,4.0,1.0,4.0,2023-10-21,10,21,5,0,1,0,0,0,0,0,1,0,0
TXN_5471175,4.0,1.0,4.0,2023-04-16,4,16,6,0,1,0,0,0,0,0,0,0,0
TXN_5473680,3.0,2.0,6.0,2023-12-24,12,24,6,1,0,0,0,0,0,0,1,0,1
TXN_5474440,2.0,3.0,6.0,2023-11-08,11,8,2,0,0,0,0,0,0,0,1,0,0
TXN_5475746,3.0,3.0,9.0,2023-08-20,8,20,6,0,0,0,0,0,0,0,1,0,0
TXN_5476465,4.0,3.0,12.0,2023-06-23,6,23,4,0,0,0,0,0,0,0,0,0,0
TXN_5476485,2.0,3.0,6.0,2023-01-07,1,7,5,0,0,1,0,0,0,0,0,0,0
TXN_5477578,1.0,4.0,4.0,2023-03-12,3,12,6,0,0,0,0,0,1,0,0,1,1
TXN_5478129,4.0,3.0,12.0,2023-01-22,1,22,6,0,0,1,0,0,0,0,1,0,1
TXN_5480564,3.0,5.0,15.0,2023-05-28,5,28,6,0,0,0,1,0,0,0,0,1,1
TXN_5483442,5.0,1.5,7.5,2023-04-03,4,3,0,0,0,0,0,0,0,1,0,0,0
TXN_5483635,3.0,3.0,9.0,2023-03-23,3,23,3,0,0,1,0,0,0,0,1,0,0
TXN_5484423,2.0,2.0,4.0,2023-08-26,8,26,5,1,0,0,0,0,0,0,0,1,1
TXN_5485384,5.0,4.0,20.0,2023-03-04,3,4,5,0,0,0,0,1,0,0,0,1,0
TXN_5485774,2.0,2.0,4.0,2023-07-20,7,20,3,1,0,0,0,0,0,0,1,0,0
TXN_5486063,3.0,4.0,12.0,2023-05-21,5,21,6,0,0,0,0,0,1,0,0,0,0
TXN_5486398,4.0,1.0,4.0,2023-05-13,5,13,5,0,1,0,0,0,0,0,0,0,1
TXN_5486886,1.0,4.0,4.0,2023-12-23,12,23,5,0,0,0,0,0,1,0,1,0,1
TXN_5488764,4.0,2.0,8.0,2023-06-30,6,30,4,1,0,0,0,0,0,0,0,1,1
TXN_5489408,1.0,1.0,1.0,2023-05-02,5,2,1,0,1,0,0,0,0,0,0,1,0
TXN_5491825,4.0,3.0,12.0,2023-06-09,6,9,4,0,0,0,0,0,0,0,0,0,0
TXN_5492822,4.0,2.0,8.0,2023-12-16,12,16,5,1,0,0,0,0,0,0,0,1,1
TXN_5492825,2.0,5.0,10.0,2023-02-25,2,25,5,0,0,0,1,0,0,0,0,1,0
TXN_5493965,1.0,3.0,3.0,2023-06-16,6,16,4,0,0,1,0,0,0,0,0,1,0
TXN_5496019,5.0,1.0,5.0,2023-11-26,11,26,6,0,1,0,0,0,0,0,0,0,0
TXN_5496282,2.0,4.0,8.0,2023-03-03,3,3,4,0,0,0,0,0,1,0,0,1,1
TXN_5496581,1.0,3.0,3.0,2023-08-11,8,11,4,0,0,1,0,0,0,0,1,0,1
TXN_5498693,4.0,3.0,12.0,2023-05-13,5,13,5,0,0,0,0,0,0,0,1,0,0
TXN_5499117,4.0,5.0,20.0,2023-07-16,7,16,6,0,0,0,1,0,0,0,0,1,0
TXN_5499915,2.0,1.0,2.0,2023-02-01,2,1,2,0,1,0,0,0,0,0,0,1,1
TXN_5504130,3.0,3.0,9.0,2023-06-24,6,24,5,0,0,0,0,0,0,0,0,1,1
TXN_5504920,5.0,3.0,15.0,2023-09-30,9,30,5,0,0,0,0,0,0,0,0,0,1
TXN_5506097,5.0,4.0,20.0,2023-05-04,5,4,3,0,0,0,0,1,0,0,0,0,1
TXN_5506907,2.0,1.0,2.0,2023-12-08,12,8,4,0,1,0,0,0,0,0,0,0,1
TXN_5508573,1.0,3.0,3.0,2023-12-17,12,17,6,0,0,0,0,0,0,0,0,1,1
TXN_5508620,2.0,4.0,8.0,2023-08-26,8,26,5,0,0,0,0,1,0,0,0,0,0
TXN_5509088,3.0,4.0,12.0,2023-08-28,8,28,0,0,0,0,0,1,0,0,0,1,1
TXN_5511805,1.0,3.0,3.0,2023-06-03,6,3,5,0,0,1,0,0,0,0,0,1,1
TXN_5512533,4.0,2.0,8.0,2023-06-13,6,13,1,1,0,0,0,0,0,0,0,1,0
TXN_5513984,1.0,1.5,1.5,2023-09-13,9,13,2,0,0,0,0,0,0,1,1,0,0
TXN_5516374,2.0,4.0,8.0,2023-07-25,7,25,1,0,0,0,0,0,1,0,0,1,0
TXN_5516804,5.0,4.0,20.0,2023-09-26,9,26,1,0,0,0,0,1,0,0,1,0,1
TXN_5517185,3.0,4.0,12.0,2023-11-05,11,5,6,0,0,0,0,0,1,0,0,1,0
TXN_5518232,3.0,5.0,15.0,2023-05-01,5,1,0,0,0,0,1,0,0,0,0,1,1
TXN_5518591,4.0,1.0,4.0,2023-09-21,9,21,3,0,1,0,0,0,0,0,0,1,1
TXN_5519424,2.0,1.5,3.0,2023-09-23,9,23,5,0,0,0,0,0,0,1,0,1,1
TXN_5520841,1.0,3.0,3.0,2023-09-04,9,4,0,0,0,0,0,0,0,0,1,0,1
TXN_5522862,2.0,1.0,2.0,2023-03-19,3,19,6,0,1,0,0,0,0,0,1,0,1
TXN_5523450,5.0,5.0,25.0,2023-07-02,7,2,6,0,0,0,1,0,0,0,1,0,1
TXN_5524352,1.0,4.0,4.0,2023-01-05,1,5,3,0,0,0,0,1,0,0,0,1,1
TXN_5525916,2.0,2.0,4.0,2023-03-02,3,2,3,1,0,0,0,0,0,0,0,0,1
TXN_5526475,4.0,1.5,6.0,2023-05-06,5,6,5,0,0,0,0,0,0,1,0,0,0
TXN_5526852,5.0,4.0,20.0,2023-09-28,9,28,3,0,0,0,0,1,0,0,0,1,0
TXN_5528426,4.0,4.0,16.0,2023-06-01,6,1,3,0,0,0,0,0,1,0,0,0,1
TXN_5528787,2.0,3.0,6.0,2023-10-22,10,22,6,0,0,1,0,0,0,0,0,1,0
TXN_5530097,2.0,3.0,6.0,2023-12-19,12,19,1,0,0,1,0,0,0,0,1,0,1
TXN_5530180,5.0,1.0,5.0,2023-09-06,9,6,2,0,1,0,0,0,0,0,0,1,0
TXN_5530273,3.0,3.0,9.0,2023-01-13,1,13,4,0,0,0,0,0,0,0,0,1,0
TXN_5530717,1.0,3.0,3.0,2023-03-10,3,10,4,0,0,1,0,0,0,0,1,0,0
TXN_5531648,5.0,2.0,10.0,2023-01-23,1,23,0,1,0,0,0,0,0,0,0,0,1
TXN_5531712,2.0,1.5,3.0,2023-01-09,1,9,0,0,0,0,0,0,0,1,0,0,0
TXN_5534515,1.0,4.0,4.0,2023-02-09,2,9,3,0,0,0,0,0,1,0,1,0,1
TXN_5534944,5.0,1.5,7.5,2023-01-26,1,26,3,0,0,0,0,0,0,1,1,0,1
TXN_5535579,5.0,2.0,10.0,2023-12-21,12,21,3,1,0,0,0,0,0,0,0,0,0
TXN_5536056,3.0,4.0,12.0,2023-12-22,12,22,4,0,0,0,0,0,1,0,0,1,1
TXN_5537517,3.0,4.0,12.0,2023-10-27,10,27,4,0,0,0,0,0,1,0,0,1,1
TXN_5537621,4.0,3.0,12.0,2023-02-28,2,28,1,0,0,1,0,0,0,0,0,1,1
TXN_5537740,3.0,3.0,9.0,2023-04-30,4,30,6,0,0,0,0,0,0,0,1,0,1
TXN_5538503,2.0,4.0,8.0,2023-09-05,9,5,1,0,0,0,0,0,1,0,0,1,0
TXN_5538696,2.0,2.0,4.0,2023-08-30,8,30,2,1,0,0,0,0,0,0,0,1,0
TXN_5538713,2.0,1.0,2.0,2023-09-20,9,20,2,0,1,0,0,0,0,0,0,1,1
TXN_5540067,4.0,1.5,6.0,2023-08-24,8,24,3,0,0,0,0,0,0,1,0,0,1
TXN_5540986,3.0,3.0,9.0,2023-05-12,5,12,4,0,0,0,0,0,0,0,1,0,1
TXN_5542033,3.0,4.0,12.0,2023-06-26,6,26,0,0,0,0,0,1,0,0,0,1,0
TXN_5542500,3.0,4.0,12.0,2023-07-19,7,19,2,0,0,0,0,1,0,0,1,0,0
TXN_5544904,5.0,5.0,25.0,2023-04-19,4,19,2,0,0,0,1,0,0,0,0,1,1
TXN_5546684,1.0,2.0,2.0,2023-10-02,10,2,0,1,0,0,0,0,0,0,1,0,0
TXN_5547519,4.0,5.0,20.0,2023-05-13,5,13,5,0,0,0,1,0,0,0,0,1,0
TXN_5548756,4.0,1.0,4.0,2023-09-09,9,9,5,0,1,0,0,0,0,0,1,0,1
TXN_5548914,2.0,3.0,6.0,2023-11-04,11,4,5,0,0,1,0,0,0,0,0,1,0
TXN_5549522,5.0,3.0,15.0,2023-12-16,12,16,5,0,0,1,0,0,0,0,0,1,1
TXN_5549557,2.0,3.0,6.0,2023-02-27,2,27,0,0,0,0,0,0,0,0,0,0,0
TXN_5551020,2.0,4.0,8.0,2023-01-31,1,31,1,0,0,0,0,1,0,0,1,0,0
TXN_5552114,2.0,4.0,8.0,2023-06-13,6,13,1,0,0,0,0,1,0,0,0,1,0
TXN_5555790,5.0,1.5,7.5,2023-02-19,2,19,6,0,0,0,0,0,0,1,1,0,0
TXN_5556328,5.0,1.5,7.5,2023-12-10,12,10,6,0,0,0,0,0,0,1,0,1,0
TXN_5560205,3.0,2.0,6.0,2023-12-22,12,22,4,1,0,0,0,0,0,0,0,0,0
TXN_5560669,5.0,5.0,25.0,2023-06-30,6,30,4,0,0,0,1,0,0,0,1,0,0
TXN_5561958,4.0,4.0,16.0,2023-07-24,7,24,0,0,0,0,0,0,1,0,0,1,0
TXN_5562799,5.0,1.0,5.0,2023-10-25,10,25,2,0,1,0,0,0,0,0,1,0,1
TXN_5563486,5.0,3.0,15.0,2023-03-13,3,13,0,0,0,1,0,0,0,0,0,1,0
TXN_5563675,3.0,1.5,4.5,2023-01-01,1,1,6,0,0,0,0,0,0,1,0,1,0
TXN_5564198,4.0,3.0,12.0,2023-06-06,6,6,1,0,0,0,0,0,0,0,0,0,0
TXN_5566652,5.0,3.0,15.0,2023-09-16,9,16,5,0,0,1,0,0,0,0,1,0,0
TXN_5566774,3.0,1.5,4.5,2023-03-29,3,29,2,0,0,0,0,0,0,1,0,1,0
TXN_5568416,5.0,3.0,15.0,2023-09-06,9,6,2,0,0,0,0,0,0,0,1,0,1
TXN_5570967,1.0,2.0,2.0,2023-12-12,12,12,1,1,0,0,0,0,0,0,1,0,0
TXN_5571026,1.0,5.0,5.0,2023-09-08,9,8,4,0,0,0,1,0,0,0,0,0,1
TXN_5571904,5.0,5.0,25.0,2023-08-05,8,5,5,0,0,0,1,0,0,0,0,1,1
TXN_5572520,5.0,4.0,20.0,2023-05-14,5,14,6,0,0,0,0,0,1,0,0,0,1
TXN_5573436,1.0,2.0,2.0,2023-02-22,2,22,2,1,0,0,0,0,0,0,1,0,1
TXN_5573731,4.0,4.0,16.0,2023-01-15,1,15,6,0,0,0,0,1,0,0,0,0,0
TXN_5575420,3.0,4.0,12.0,2023-06-26,6,26,0,0,0,0,0,0,1,0,0,1,0
TXN_5575561,4.0,1.5,6.0,2023-02-13,2,13,0,0,0,0,0,0,0,1,0,1,1
TXN_5576265,4.0,4.0,16.0,2023-04-08,4,8,5,0,0,0,0,0,1,0,1,0,1
TXN_5577030,4.0,1.0,4.0,2023-02-15,2,15,2,0,1,0,0,0,0,0,0,1,1
TXN_5578796,4.0,1.5,6.0,2023-04-27,4,27,3,0,0,0,0,0,0,1,0,1,0
TXN_5578828,4.0,1.0,4.0,2023-05-12,5,12,4,0,1,0,0,0,0,0,0,0,0
TXN_5579227,4.0,4.0,16.0,2023-06-22,6,22,3,0,0,0,0,0,1,0,0,1,0
TXN_5580933,3.0,4.0,12.0,2023-10-19,10,19,3,0,0,0,0,0,1,0,0,0,1
TXN_5582443,3.0,5.0,15.0,2023-04-13,4,13,3,0,0,0,1,0,0,0,1,0,0
TXN_5583534,2.0,1.0,2.0,2023-10-31,10,31,1,0,1,0,0,0,0,0,0,0,1
TXN_5584275,1.0,4.0,4.0,2023-07-10,7,10,0,0,0,0,0,0,1,0,1,0,0
TXN_5585601,4.0,3.0,12.0,2023-05-28,5,28,6,0,0,0,0,0,0,0,0,1,1
TXN_5587224,2.0,5.0,10.0,2023-01-05,1,5,3,0,0,0,1,0,0,0,0,1,0
TXN_5588102,4.0,1.0,4.0,2023-01-14,1,14,5,0,1,0,0,0,0,0,1,0,0
TXN_5588239,1.0,1.0,1.0,2023-03-31,3,31,4,0,1,0,0,0,0,0,0,1,1
TXN_5589433,2.0,3.0,6.0,2023-03-13,3,13,0,0,0,0,0,0,0,0,0,0,0
TXN_5590805,1.0,3.0,3.0,2023-01-25,1,25,2,0,0,0,0,0,0,0,0,1,1
TXN_5591048,3.0,2.0,6.0,2023-01-15,1,15,6,1,0,0,0,0,0,0,0,1,0
TXN_5591145,3.0,4.0,12.0,2023-08-22,8,22,1,0,0,0,0,1,0,0,0,1,1
TXN_5591155,4.0,4.0,16.0,2023-05-14,5,14,6,0,0,0,0,0,1,0,0,1,1
TXN_5591967,1.0,4.0,4.0,2023-04-08,4,8,5,0,0,0,0,1,0,0,1,0,1
TXN_5594043,4.0,3.0,12.0,2023-06-22,6,22,3,0,0,0,0,0,0,0,0,0,0
TXN_5594695,3.0,3.0,9.0,2023-01-18,1,18,2,0,0,0,0,0,0,0,1,0,0
TXN_5595352,1.0,3.0,3.0,2023-02-20,2,20,0,0,0,1,0,0,0,0,0,0,0
TXN_5595584,2.0,4.0,8.0,2023-10-19,10,19,3,0,0,0,0,0,1,0,0,1,0
TXN_5595717,2.0,3.0,6.0,2023-06-16,6,16,4,0,0,1,0,0,0,0,0,1,0
TXN_5598744,4.0,4.0,16.0,2023-10-17,10,17,1,0,0,0,0,1,0,0,0,1,1
TXN_5600914,4.0,4.0,16.0,2023-02-16,2,16,3,0,0,0,0,0,1,0,1,0,1
TXN_5601300,2.0,2.0,4.0,2023-02-24,2,24,4,1,0,0,0,0,0,0,0,1,1
TXN_5602640,5.0,4.0,20.0,2023-04-01,4,1,5,0,0,0,0,0,1,0,0,1,1
TXN_5603538,3.0,3.0,9.0,2023-02-15,2,15,2,0,0,1,0,0,0,0,0,0,1
TXN_5604021,1.0,4.0,4.0,2023-09-10,9,10,6,0,0,0,0,1,0,0,0,0,1
TXN_5604797,1.0,2.0,2.0,2023-10-13,10,13,4,1,0,0,0,0,0,0,0,0,0
TXN_5609139,2.0,1.5,3.0,2023-10-13,10,13,4,0,0,0,0,0,0,1,0,1,0
TXN_5609260,5.0,1.0,5.0,2023-05-02,5,2,1,0,1,0,0,0,0,0,0,1,0
TXN_5611239,4.0,1.0,4.0,2023-11-18,11,18,5,0,1,0,0,0,0,0,0,0,1
TXN_5611262,2.0,5.0,10.0,2023-05-22,5,22,0,0,0,0,1,0,0,0,0,1,0
TXN_5612022,5.0,1.0,5.0,2023-09-27,9,27,2,0,1,0,0,0,0,0,0,1,1
TXN_5614488,1.0,4.0,4.0,2023-07-22,7,22,5,0,0,0,0,1,0,0,1,0,1
TXN_5615114,4.0,1.5,6.0,2023-10-31,10,31,1,0,0,0,0,0,0,1,0,1,1
TXN_5615754,5.0,4.0,20.0,2023-04-16,4,16,6,0,0,0,0,0,1,0,0,1,1
TXN_5616473,4.0,4.0,16.0,2023-07-28,7,28,4,0,0,0,0,1,0,0,0,0,1
TXN_5616583,1.0,4.0,4.0,2023-10-13,10,13,4,0,0,0,0,0,1,0,0,1,1
TXN_5618377,2.0,4.0,8.0,2023-04-02,4,2,6,0,0,0,0,1,0,0,0,1,0
TXN_5618631,5.0,2.0,10.0,2023-12-21,12,21,3,1,0,0,0,0,0,0,1,0,0
TXN_5618976,2.0,2.0,4.0,2023-12-05,12,5,1,1,0,0,0,0,0,0,0,0,1
TXN_5620636,4.0,1.5,6.0,2023-06-12,6,12,0,0,0,0,0,0,0,1,0,1,0
TXN_5622313,2.0,5.0,10.0,2023-01-07,1,7,5,0,0,0,1,0,0,0,1,0,0
TXN_5624179,1.0,1.0,1.0,2023-10-26,10,26,3,0,1,0,0,0,0,0,0,0,1
TXN_5624860,3.0,1.5,4.5,2023-08-22,8,22,1,0,0,0,0,0,0,1,1,0,1
TXN_5625086,1.0,4.0,4.0,2023-06-17,6,17,5,0,0,0,0,1,0,0,1,0,0
TXN_5625110,3.0,5.0,15.0,2023-11-07,11,7,1,0,0,0,1,0,0,0,0,1,1
TXN_5628251,4.0,3.0,12.0,2023-11-14,11,14,1,0,0,0,0,0,0,0,1,0,0
TXN_5630457,1.0,4.0,4.0,2023-03-01,3,1,2,0,0,0,0,0,1,0,1,0,1
TXN_5632156,4.0,4.0,16.0,2023-08-02,8,2,2,0,0,0,0,1,0,0,0,1,0
TXN_5632556,4.0,3.0,12.0,2023-05-16,5,16,1,0,0,1,0,0,0,0,0,1,0
TXN_5632564,1.0,1.0,1.0,2023-11-04,11,4,5,0,1,0,0,0,0,0,1,0,0
TXN_5634135,2.0,1.0,2.0,2023-01-27,1,27,4,0,1,0,0,0,0,0,0,1,1
TXN_5634960,2.0,1.5,3.0,2023-09-06,9,6,2,0,0,0,0,0,0,1,0,1,1
TXN_5634977,5.0,2.0,10.0,2023-03-06,3,6,0,1,0,0,0,0,0,0,0,1,0
TXN_5635779,5.0,3.0,15.0,2023-07-01,7,1,5,0,0,1,0,0,0,0,0,0,0
TXN_5637677,2.0,3.0,6.0,2023-08-24,8,24,3,0,0,1,0,0,0,0,0,1,1
TXN_5639485,3.0,1.0,3.0,2023-07-02,7,2,6,0,1,0,0,0,0,0,1,0,1
TXN_5640232,4.0,4.0,16.0,2023-04-08,4,8,5,0,0,0,0,1,0,0,0,1,1
TXN_5641209,3.0,5.0,15.0,2023-12-03,12,3,6,0,0,0,1,0,0,0,0,0,1
TXN_5644074,2.0,4.0,8.0,2023-11-08,11,8,2,0,0,0,0,1,0,0,0,1,0
TXN_5644235,4.0,5.0,20.0,2023-03-25,3,25,5,0,0,0,1,0,0,0,0,0,0
TXN_5645919,3.0,2.0,6.0,2023-01-17,1,17,1,1,0,0,0,0,0,0,1,0,0
TXN_5647773,2.0,5.0,10.0,2023-07-20,7,20,3,0,0,0,1,0,0,0,0,1,0
TXN_5648512,4.0,3.0,12.0,2023-01-30,1,30,0,0,0,1,0,0,0,0,0,1,1
TXN_5649204,1.0,4.0,4.0,2023-03-05,3,5,6,0,0,0,0,0,1,0,0,0,0
TXN_5650608,1.0,3.0,3.0,2023-06-25,6,25,6,0,0,1,0,0,0,0,0,1,1
TXN_5651348,3.0,5.0,15.0,2023-11-04,11,4,5,0,0,0,1,0,0,0,0,0,1
TXN_5651620,2.0,4.0,8.0,2023-05-16,5,16,1,0,0,0,0,1,0,0,0,1,0
TXN_5652473,4.0,4.0,16.0,2023-03-19,3,19,6,0,0,0,0,0,1,0,0,1,1
TXN_5654331,4.0,2.0,8.0,2023-07-31,7,31,0,1,0,0,0,0,0,0,0,0,0
TXN_5654490,4.0,1.5,6.0,2023-05-22,5,22,0,0,0,0,0,0,0,1,1,0,0
TXN_5654663,1.0,3.0,3.0,2023-07-31,7,31,0,0,0,1,0,0,0,0,0,1,1
TXN_5656252,4.0,4.0,16.0,2023-08-04,8,4,4,0,0,0,0,1,0,0,0,1,1
TXN_5657259,2.0,1.5,3.0,2023-03-03,3,3,4,0,0,0,0,0,0,1,1,0,0
TXN_5658895,2.0,3.0,6.0,2023-09-21,9,21,3,0,0,1,0,0,0,0,0,0,1
TXN_5660244,5.0,3.0,15.0,2023-10-04,10,4,2,0,0,0,0,0,0,0,0,1,0
TXN_5660949,3.0,1.0,3.0,2023-01-10,1,10,1,0,1,0,0,0,0,0,1,0,0
TXN_5661147,1.0,3.0,3.0,2023-11-06,11,6,0,0,0,0,0,0,0,0,0,1,1
TXN_5661323,2.0,1.0,2.0,2023-05-06,5,6,5,0,1,0,0,0,0,0,1,0,1
TXN_5661891,1.0,5.0,5.0,2023-10-28,10,28,5,0,0,0,1,0,0,0,0,1,1
TXN_5662517,2.0,1.5,3.0,2023-01-05,1,5,3,0,0,0,0,0,0,1,1,0,1
TXN_5663260,4.0,4.0,16.0,2023-10-08,10,8,6,0,0,0,0,1,0,0,0,1,0
TXN_5664467,4.0,1.5,6.0,2023-11-06,11,6,0,0,0,0,0,0,0,1,0,1,1
TXN_5664982,5.0,1.5,7.5,2023-12-24,12,24,6,0,0,0,0,0,0,1,0,1,0
TXN_5665311,2.0,1.0,2.0,2023-05-17,5,17,2,0,1,0,0,0,0,0,1,0,0
TXN_5665341,5.0,1.5,7.5,2023-02-27,2,27,0,0,0,0,0,0,0,1,0,0,0
TXN_5665767,4.0,1.5,6.0,2023-08-22,8,22,1,0,0,0,0,0,0,1,0,1,1
TXN_5666241,4.0,1.0,4.0,2023-07-18,7,18,1,0,1,0,0,0,0,0,0,1,1
TXN_5666369,2.0,3.0,6.0,2023-07-17,7,17,0,0,0,1,0,0,0,0,0,1,0
TXN_5668193,5.0,2.0,10.0,2023-08-14,8,14,0,1,0,0,0,0,0,0,0,0,1
TXN_5669113,2.0,4.0,8.0,2023-03-19,3,19,6,0,0,0,0,1,0,0,0,1,1
TXN_5671075,5.0,1.5,7.5,2023-12-25,12,25,0,0,0,0,0,0,0,1,0,0,0
TXN_5671997,3.0,3.0,9.0,2023-09-03,9,3,6,0,0,1,0,0,0,0,0,1,1
TXN_5672156,2.0,1.0,2.0,2023-07-05,7,5,2,0,1,0,0,0,0,0,1,0,0
TXN_5672583,2.0,3.0,6.0,2023-04-09,4,9,6,0,0,1,0,0,0,0,0,0,1
TXN_5673476,4.0,4.0,16.0,2023-02-09,2,9,3,0,0,0,0,0,1,0,0,0,1
TXN_5674503,3.0,3.0,9.0,2023-12-14,12,14,3,0,0,0,0,0,0,0,0,1,1
TXN_5675095,4.0,4.0,16.0,2023-05-18,5,18,3,0,0,0,0,1,0,0,0,1,1
TXN_5677869,5.0,3.0,15.0,2023-11-19,11,19,6,0,0,1,0,0,0,0,0,0,0
TXN_5677927,5.0,5.0,25.0,2023-12-20,12,20,2,0,0,0,1,0,0,0,0,1,1
TXN_5679014,1.0,2.0,2.0,2023-06-12,6,12,0,1,0,0,0,0,0,0,0,0,0
TXN_5679295,5.0,1.5,7.5,2023-04-30,4,30,6,0,0,0,0,0,0,1,0,1,1
TXN_5679935,2.0,2.0,4.0,2023-07-19,7,19,2,1,0,0,0,0,0,0,1,0,0
TXN_5680238,5.0,3.0,15.0,2023-12-17,12,17,6,0,0,1,0,0,0,0,0,1,1
TXN_5680396,2.0,4.0,8.0,2023-12-21,12,21,3,0,0,0,0,1,0,0,0,1,0
TXN_5680629,2.0,3.0,6.0,2023-04-30,4,30,6,0,0,0,0,0,0,0,0,1,1
TXN_5680657,5.0,3.0,15.0,2023-05-16,5,16,1,0,0,0,0,0,0,0,0,0,0
TXN_5680687,4.0,5.0,20.0,2023-11-22,11,22,2,0,0,0,1,0,0,0,1,0,1
TXN_5683213,2.0,4.0,8.0,2023-10-30,10,30,0,0,0,0,0,0,1,0,1,0,0
TXN_5685028,5.0,3.0,15.0,2023-08-12,8,12,5,0,0,0,0,0,0,0,0,1,1
TXN_5686113,5.0,4.0,20.0,2023-09-09,9,9,5,0,0,0,0,1,0,0,0,1,0
TXN_5687012,2.0,5.0,10.0,2023-03-12,3,12,6,0,0,0,1,0,0,0,0,0,0
TXN_5689687,5.0,3.0,15.0,2023-06-04,6,4,6,0,0,0,0,0,0,0,0,1,0
TXN_5691112,5.0,3.0,15.0,2023-03-24,3,24,4,0,0,1,0,0,0,0,0,1,1
TXN_5692316,1.0,4.0,4.0,2023-06-22,6,22,3,0,0,0,0,0,1,0,0,1,0
TXN_5693294,3.0,3.0,9.0,2023-12-30,12,30,5,0,0,0,0,0,0,0,1,0,0
TXN_5695074,4.0,3.0,12.0,2023-04-10,4,10,0,0,0,1,0,0,0,0,1,0,1
TXN_5696844,2.0,1.0,2.0,2023-01-29,1,29,6,0,1,0,0,0,0,0,0,1,0
TXN_5697414,5.0,3.0,15.0,2023-02-16,2,16,3,0,0,0,0,0,0,0,1,0,0
TXN_5697778,3.0,3.0,9.0,2023-03-08,3,8,2,0,0,0,0,0,0,0,0,0,1
TXN_5698925,2.0,3.0,6.0,2023-04-08,4,8,5,0,0,1,0,0,0,0,0,1,0
TXN_5700545,2.0,5.0,10.0,2023-05-25,5,25,3,0,0,0,1,0,0,0,1,0,1
TXN_5701303,1.0,2.0,2.0,2023-09-08,9,8,4,1,0,0,0,0,0,0,0,1,1
TXN_5706734,1.0,3.0,3.0,2023-09-09,9,9,5,0,0,1,0,0,0,0,0,0,0
TXN_5707386,5.0,1.5,7.5,2023-06-28,6,28,2,0,0,0,0,0,0,1,0,1,1
TXN_5708913,2.0,3.0,6.0,2023-04-29,4,29,5,0,0,0,0,0,0,0,0,0,0
TXN_5709834,4.0,3.0,12.0,2023-03-24,3,24,4,0,0,0,0,0,0,0,0,1,0
TXN_5710748,1.0,5.0,5.0,2023-10-31,10,31,1,0,0,0,1,0,0,0,0,1,0
TXN_5712248,5.0,4.0,20.0,2023-03-02,3,2,3,0,0,0,0,1,0,0,0,1,1
TXN_5713298,2.0,4.0,8.0,2023-07-14,7,14,4,0,0,0,0,0,1,0,1,0,0
TXN_5714767,4.0,5.0,20.0,2023-03-02,3,2,3,0,0,0,1,0,0,0,0,1,1
TXN_5716276,4.0,1.5,6.0,2023-09-12,9,12,1,0,0,0,0,0,0,1,0,1,1
TXN_5719592,1.0,2.0,2.0,2023-08-07,8,7,0,1,0,0,0,0,0,0,1,0,0
TXN_5720183,5.0,1.0,5.0,2023-05-30,5,30,1,0,1,0,0,0,0,0,1,0,1
TXN_5721215,2.0,1.5,3.0,2023-05-17,5,17,2,0,0,0,0,0,0,1,0,1,1
TXN_5721846,3.0,1.0,3.0,2023-04-14,4,14,4,0,1,0,0,0,0,0,0,0,1
TXN_5722123,4.0,3.0,12.0,2023-11-23,11,23,3,0,0,0,0,0,0,0,0,1,1
TXN_5722175,2.0,1.5,3.0,2023-03-01,3,1,2,0,0,0,0,0,0,1,0,1,1
TXN_5723229,5.0,3.0,15.0,2023-06-23,6,23,4,0,0,1,0,0,0,0,0,1,1
TXN_5724548,5.0,3.0,15.0,2023-08-12,8,12,5,0,0,0,0,0,0,0,0,0,1
TXN_5726114,3.0,4.0,12.0,2023-07-14,7,14,4,0,0,0,0,0,1,0,0,1,1
TXN_5726998,3.0,3.0,9.0,2023-08-12,8,12,5,0,0,0,0,0,0,0,1,0,0
TXN_5727550,3.0,2.0,6.0,2023-10-11,10,11,2,1,0,0,0,0,0,0,0,1,1
TXN_5728991,2.0,5.0,10.0,2023-01-01,1,1,6,0,0,0,1,0,0,0,0,1,1
TXN_5729112,1.0,2.0,2.0,2023-06-30,6,30,4,1,0,0,0,0,0,0,1,0,1
TXN_5731238,2.0,3.0,6.0,2023-03-27,3,27,0,0,0,0,0,0,0,0,1,0,0
TXN_5732357,5.0,1.5,7.5,2023-05-06,5,6,5,0,0,0,0,0,0,1,1,0,1
TXN_5732615,2.0,2.0,4.0,2023-12-05,12,5,1,1,0,0,0,0,0,0,0,0,1
TXN_5734186,3.0,3.0,9.0,2023-04-03,4,3,0,0,0,1,0,0,0,0,0,0,0
TXN_5734319,5.0,2.0,10.0,2023-06-01,6,1,3,1,0,0,0,0,0,0,0,0,1
TXN_5734395,5.0,4.0,20.0,2023-05-17,5,17,2,0,0,0,0,1,0,0,0,0,1
TXN_5734442,4.0,1.0,4.0,2023-10-01,10,1,6,0,1,0,0,0,0,0,1,0,1
TXN_5735731,2.0,4.0,8.0,2023-01-22,1,22,6,0,0,0,0,0,1,0,1,0,1
TXN_5736595,3.0,2.0,6.0,2023-08-14,8,14,0,1,0,0,0,0,0,0,1,0,1
TXN_5737641,1.0,1.0,1.0,2023-02-16,2,16,3,0,1,0,0,0,0,0,0,1,0
TXN_5737831,4.0,3.0,12.0,2023-05-15,5,15,0,0,0,1,0,0,0,0,0,1,1
TXN_5738243,5.0,5.0,25.0,2023-08-30,8,30,2,0,0,0,1,0,0,0,1,0,1
TXN_5738521,5.0,2.0,10.0,2023-03-14,3,14,1,1,0,0,0,0,0,0,0,1,0
TXN_5739806,3.0,4.0,12.0,2023-09-18,9,18,0,0,0,0,0,0,1,0,1,0,0
TXN_5740553,5.0,5.0,25.0,2023-08-29,8,29,1,0,0,0,1,0,0,0,0,1,0
TXN_5741619,5.0,4.0,20.0,2023-01-02,1,2,0,0,0,0,0,0,1,0,0,0,0
TXN_5743519,2.0,4.0,8.0,2023-05-23,5,23,1,0,0,0,0,0,1,0,0,0,1
TXN_5743616,4.0,3.0,12.0,2023-12-14,12,14,3,0,0,0,0,0,0,0,0,1,0
TXN_5743619,5.0,5.0,25.0,2023-11-07,11,7,1,0,0,0,1,0,0,0,0,1,1
TXN_5744026,4.0,5.0,20.0,2023-04-03,4,3,0,0,0,0,1,0,0,0,0,1,0
TXN_5744797,1.0,3.0,3.0,2023-12-20,12,20,2,0,0,0,0,0,0,0,0,0,0
TXN_5745054,1.0,4.0,4.0,2023-01-26,1,26,3,0,0,0,0,0,1,0,1,0,0
TXN_5745921,2.0,4.0,8.0,2023-03-01,3,1,2,0,0,0,0,1,0,0,0,1,0
TXN_5746203,5.0,1.5,7.5,2023-07-08,7,8,5,0,0,0,0,0,0,1,0,0,0
TXN_5746800,4.0,2.0,8.0,2023-07-04,7,4,1,1,0,0,0,0,0,0,1,0,1
TXN_5747094,2.0,3.0,6.0,2023-05-11,5,11,3,0,0,1,0,0,0,0,0,1,1
TXN_5747509,2.0,1.0,2.0,2023-10-30,10,30,0,0,1,0,0,0,0,0,0,0,0
TXN_5747642,2.0,5.0,10.0,2023-07-26,7,26,2,0,0,0,1,0,0,0,0,0,1
TXN_5747859,1.0,3.0,3.0,2023-03-13,3,13,0,0,0,0,0,0,0,0,1,0,1
TXN_5748083,2.0,5.0,10.0,2023-04-08,4,8,5,0,0,0,1,0,0,0,0,1,1
TXN_5749454,4.0,3.0,12.0,2023-12-04,12,4,0,0,0,1,0,0,0,0,0,1,1
TXN_5750248,4.0,5.0,20.0,2023-07-20,7,20,3,0,0,0,1,0,0,0,0,1,0
TXN_5750278,3.0,5.0,15.0,2023-06-08,6,8,3,0,0,0,1,0,0,0,0,0,1
TXN_5751040,5.0,1.5,7.5,2023-02-27,2,27,0,0,0,0,0,0,0,1,0,0,0
TXN_5753095,4.0,4.0,16.0,2023-06-25,6,25,6,0,0,0,0,1,0,0,0,1,1
TXN_5753111,1.0,5.0,5.0,2023-04-25,4,25,1,0,0,0,1,0,0,0,1,0,0
TXN_5754317,2.0,2.0,4.0,2023-01-10,1,10,1,1,0,0,0,0,0,0,1,0,1
TXN_5755839,3.0,4.0,12.0,2023-12-19,12,19,1,0,0,0,0,1,0,0,1,0,0
TXN_5757933,1.0,1.5,1.5,2023-02-20,2,20,0,0,0,0,0,0,0,1,0,0,0
TXN_5758199,4.0,2.0,8.0,2023-06-11,6,11,6,1,0,0,0,0,0,0,1,0,0
TXN_5761207,3.0,4.0,12.0,2023-04-19,4,19,2,0,0,0,0,0,1,0,1,0,0
TXN_5761414,1.0,4.0,4.0,2023-10-02,10,2,0,0,0,0,0,0,1,0,0,1,0
TXN_5762127,2.0,2.0,4.0,2023-11-10,11,10,4,1,0,0,0,0,0,0,0,1,1
TXN_5762440,5.0,4.0,20.0,2023-03-05,3,5,6,0,0,0,0,1,0,0,0,0,0
TXN_5762828,2.0,1.5,3.0,2023-03-23,3,23,3,0,0,0,0,0,0,1,0,1,0
TXN_5763254,3.0,2.0,6.0,2023-09-15,9,15,4,1,0,0,0,0,0,0,0,1,1
TXN_5763287,2.0,3.0,6.0,2023-06-27,6,27,1,0,0,0,0,0,0,0,1,0,1
TXN_5763520,1.0,5.0,5.0,2023-01-17,1,17,1,0,0,0,1,0,0,0,0,1,0
TXN_5764902,5.0,1.5,7.5,2023-03-22,3,22,2,0,0,0,0,0,0,1,0,1,1
TXN_5764993,3.0,5.0,15.0,2023-04-26,4,26,2,0,0,0,1,0,0,0,0,1,1
TXN_5765294,4.0,1.0,4.0,2023-11-14,11,14,1,0,1,0,0,0,0,0,0,1,0
TXN_5765576,5.0,4.0,20.0,2023-11-22,11,22,2,0,0,0,0,1,0,0,0,1,0
TXN_5766532,5.0,4.0,20.0,2023-06-23,6,23,4,0,0,0,0,0,1,0,0,0,0
TXN_5767392,5.0,3.0,15.0,2023-10-24,10,24,1,0,0,0,0,0,0,0,1,0,0
TXN_5767393,3.0,4.0,12.0,2023-09-11,9,11,0,0,0,0,0,0,1,0,0,1,0
TXN_5767429,2.0,3.0,6.0,2023-03-19,3,19,6,0,0,0,0,0,0,0,0,1,1
TXN_5774784,5.0,3.0,15.0,2023-10-04,10,4,2,0,0,0,0,0,0,0,0,1,0
TXN_5775113,1.0,5.0,5.0,2023-10-23,10,23,0,0,0,0,1,0,0,0,0,1,0
TXN_5775717,3.0,1.5,4.5,2023-08-02,8,2,2,0,0,0,0,0,0,1,0,1,1
TXN_5776252,4.0,1.5,6.0,2023-08-11,8,11,4,0,0,0,0,0,0,1,0,0,1
TXN_5777164,1.0,4.0,4.0,2023-02-07,2,7,1,0,0,0,0,0,1,0,1,0,1
TXN_5777224,3.0,1.5,4.5,2023-09-16,9,16,5,0,0,0,0,0,0,1,0,1,1
TXN_5777542,2.0,4.0,8.0,2023-10-22,10,22,6,0,0,0,0,1,0,0,0,1,0
TXN_5777903,2.0,2.0,4.0,2023-05-15,5,15,0,1,0,0,0,0,0,0,0,1,1
TXN_5780615,3.0,4.0,12.0,2023-12-24,12,24,6,0,0,0,0,0,1,0,0,0,1
TXN_5780931,4.0,1.5,6.0,2023-10-06,10,6,4,0,0,0,0,0,0,1,0,1,0
TXN_5781767,5.0,4.0,20.0,2023-04-27,4,27,3,0,0,0,0,1,0,0,1,0,0
TXN_5783469,3.0,5.0,15.0,2023-06-14,6,14,2,0,0,0,1,0,0,0,0,1,1
TXN_5784372,2.0,5.0,10.0,2023-05-23,5,23,1,0,0,0,1,0,0,0,0,0,0
TXN_5784400,4.0,3.0,12.0,2023-11-25,11,25,5,0,0,0,0,0,0,0,0,1,0
TXN_5785600,5.0,5.0,25.0,2023-12-10,12,10,6,0,0,0,1,0,0,0,0,0,0
TXN_5785639,1.0,5.0,5.0,2023-04-10,4,10,0,0,0,0,1,0,0,0,1,0,1
TXN_5787508,3.0,3.0,9.0,2023-07-23,7,23,6,0,0,1,0,0,0,0,1,0,1
TXN_5788053,5.0,4.0,20.0,2023-01-04,1,4,2,0,0,0,0,1,0,0,0,1,1
TXN_5788769,1.0,3.0,3.0,2023-07-19,7,19,2,0,0,1,0,0,0,0,0,0,0
TXN_5789560,2.0,3.0,6.0,2023-02-13,2,13,0,0,0,1,0,0,0,0,0,0,1
TXN_5790078,4.0,3.0,12.0,2023-04-16,4,16,6,0,0,1,0,0,0,0,0,1,1
TXN_5790213,3.0,3.0,9.0,2023-08-30,8,30,2,0,0,1,0,0,0,0,0,0,1
TXN_5790695,5.0,1.5,7.5,2023-04-24,4,24,0,0,0,0,0,0,0,1,1,0,1
TXN_5791605,3.0,4.0,12.0,2023-05-17,5,17,2,0,0,0,0,0,1,0,0,1,1
TXN_5792655,1.0,3.0,3.0,2023-12-21,12,21,3,0,0,1,0,0,0,0,0,1,1
TXN_5793057,3.0,4.0,12.0,2023-02-25,2,25,5,0,0,0,0,1,0,0,1,0,0
TXN_5793417,2.0,4.0,8.0,2023-12-29,12,29,4,0,0,0,0,1,0,0,0,1,0
TXN_5795475,3.0,1.5,4.5,2023-09-21,9,21,3,0,0,0,0,0,0,1,0,1,0
TXN_5796131,3.0,4.0,12.0,2023-09-30,9,30,5,0,0,0,0,0,1,0,0,1,1
TXN_5797307,5.0,1.5,7.5,2023-03-16,3,16,3,0,0,0,0,0,0,1,0,1,0
TXN_5799196,3.0,4.0,12.0,2023-12-03,12,3,6,0,0,0,0,1,0,0,0,1,1
TXN_5801294,1.0,5.0,5.0,2023-10-20,10,20,4,0,0,0,1,0,0,0,0,1,0
TXN_5804346,1.0,1.5,1.5,2023-07-05,7,5,2,0,0,0,0,0,0,1,1,0,0
TXN_5806624,5.0,1.0,5.0,2023-07-09,7,9,6,0,1,0,0,0,0,0,1,0,0
TXN_5807634,5.0,4.0,20.0,2023-05-23,5,23,1,0,0,0,0,1,0,0,0,1,1
TXN_5808539,1.0,4.0,4.0,2023-06-30,6,30,4,0,0,0,0,1,0,0,0,1,1
TXN_5808719,1.0,3.0,3.0,2023-10-01,10,1,6,0,0,1,0,0,0,0,0,0,0
TXN_5808749,1.0,5.0,5.0,2023-01-25,1,25,2,0,0,0,1,0,0,0,0,0,1
TXN_5811955,2.0,5.0,10.0,2023-06-29,6,29,3,0,0,0,1,0,0,0,1,0,1
TXN_5812394,5.0,5.0,25.0,2023-10-17,10,17,1,0,0,0,1,0,0,0,0,0,0
TXN_5812552,1.0,3.0,3.0,2023-09-17,9,17,6,0,0,0,0,0,0,0,0,0,0
TXN_5813015,5.0,1.0,5.0,2023-10-07,10,7,5,0,1,0,0,0,0,0,0,1,1
TXN_5814878,2.0,4.0,8.0,2023-04-02,4,2,6,0,0,0,0,0,1,0,0,1,0
TXN_5817802,5.0,2.0,10.0,2023-02-13,2,13,0,1,0,0,0,0,0,0,0,1,0
TXN_5817991,4.0,4.0,16.0,2023-05-24,5,24,2,0,0,0,0,0,1,0,0,0,0
TXN_5818032,1.0,1.0,1.0,2023-04-19,4,19,2,0,1,0,0,0,0,0,0,1,0
TXN_5818852,2.0,3.0,6.0,2023-03-04,3,4,5,0,0,1,0,0,0,0,0,1,1
TXN_5820621,5.0,1.0,5.0,2023-12-01,12,1,4,0,1,0,0,0,0,0,0,1,0
TXN_5820892,1.0,3.0,3.0,2023-11-14,11,14,1,0,0,1,0,0,0,0,0,1,1
TXN_5822344,5.0,4.0,20.0,2023-09-27,9,27,2,0,0,0,0,1,0,0,0,0,0
TXN_5823330,3.0,5.0,15.0,2023-10-19,10,19,3,0,0,0,1,0,0,0,0,1,0
TXN_5824950,1.0,2.0,2.0,2023-12-06,12,6,2,1,0,0,0,0,0,0,1,0,0
TXN_5826333,1.0,1.0,1.0,2023-05-14,5,14,6,0,1,0,0,0,0,0,0,0,0
TXN_5827969,5.0,5.0,25.0,2023-07-03,7,3,0,0,0,0,1,0,0,0,0,1,1
TXN_5828907,5.0,1.0,5.0,2023-05-13,5,13,5,0,1,0,0,0,0,0,0,1,1
TXN_5830991,4.0,1.0,4.0,2023-11-07,11,7,1,0,1,0,0,0,0,0,0,1,1
TXN_5832513,4.0,3.0,12.0,2023-11-02,11,2,3,0,0,1,0,0,0,0,0,0,0
TXN_5832968,5.0,5.0,25.0,2023-06-05,6,5,0,0,0,0,1,0,0,0,0,1,1
TXN_5834491,3.0,1.5,4.5,2023-08-13,8,13,6,0,0,0,0,0,0,1,0,1,1
TXN_5835004,5.0,4.0,20.0,2023-04-14,4,14,4,0,0,0,0,0,1,0,1,0,0
TXN_5836079,1.0,2.0,2.0,2023-07-14,7,14,4,1,0,0,0,0,0,0,0,1,0
TXN_5837801,1.0,5.0,5.0,2023-01-25,1,25,2,0,0,0,1,0,0,0,1,0,0
TXN_5839300,1.0,3.0,3.0,2023-07-01,7,1,5,0,0,0,0,0,0,0,1,0,1
TXN_5840223,4.0,1.5,6.0,2023-12-20,12,20,2,0,0,0,0,0,0,1,0,0,1
TXN_5841004,2.0,1.0,2.0,2023-04-28,4,28,4,0,1,0,0,0,0,0,1,0,0
TXN_5844851,5.0,4.0,20.0,2023-02-15,2,15,2,0,0,0,0,0,1,0,0,1,0
TXN_5845583,4.0,1.5,6.0,2023-10-19,10,19,3,0,0,0,0,0,0,1,0,0,0
TXN_5846013,2.0,1.5,3.0,2023-12-20,12,20,2,0,0,0,0,0,0,1,0,1,1
TXN_5848025,5.0,1.5,7.5,2023-01-19,1,19,3,0,0,0,0,0,0,1,1,0,0
TXN_5849947,5.0,4.0,20.0,2023-02-02,2,2,3,0,0,0,0,1,0,0,0,0,0
TXN_5852244,2.0,3.0,6.0,2023-10-15,10,15,6,0,0,0,0,0,0,0,1,0,1
TXN_5853158,4.0,4.0,16.0,2023-09-25,9,25,0,0,0,0,0,1,0,0,0,0,1
TXN_5853281,4.0,2.0,8.0,2023-08-29,8,29,1,1,0,0,0,0,0,0,0,1,1
TXN_5855756,1.0,4.0,4.0,2023-08-29,8,29,1,0,0,0,0,1,0,0,1,0,0
TXN_5855981,2.0,3.0,6.0,2023-11-09,11,9,3,0,0,1,0,0,0,0,0,0,0
TXN_5856820,2.0,1.5,3.0,2023-07-18,7,18,1,0,0,0,0,0,0,1,1,0,1
TXN_5858713,2.0,1.0,2.0,2023-03-05,3,5,6,0,1,0,0,0,0,0,1,0,0
TXN_5858988,1.0,3.0,3.0,2023-06-24,6,24,5,0,0,1,0,0,0,0,1,0,1
TXN_5860664,5.0,3.0,15.0,2023-06-06,6,6,1,0,0,1,0,0,0,0,0,1,0
TXN_5861158,3.0,4.0,12.0,2023-11-21,11,21,1,0,0,0,0,1,0,0,1,0,1
TXN_5861636,4.0,2.0,8.0,2023-05-15,5,15,0,1,0,0,0,0,0,0,1,0,1
TXN_5862289,4.0,3.0,12.0,2023-01-05,1,5,3,0,0,1,0,0,0,0,0,1,1
TXN_5862795,2.0,5.0,10.0,2023-02-25,2,25,5,0,0,0,1,0,0,0,0,1,0
TXN_5863411,3.0,1.0,3.0,2023-09-21,9,21,3,0,1,0,0,0,0,0,0,1,0
TXN_5863650,1.0,1.5,1.5,2023-08-09,8,9,2,0,0,0,0,0,0,1,0,1,0
TXN_5865534,4.0,4.0,16.0,2023-10-16,10,16,0,0,0,0,0,0,1,0,0,1,0
TXN_5868082,5.0,2.0,10.0,2023-10-22,10,22,6,1,0,0,0,0,0,0,1,0,0
TXN_5875188,3.0,5.0,15.0,2023-07-09,7,9,6,0,0,0,1,0,0,0,0,1,0
TXN_5875201,1.0,4.0,4.0,2023-01-31,1,31,1,0,0,0,0,1,0,0,0,1,0
TXN_5875661,3.0,4.0,12.0,2023-08-12,8,12,5,0,0,0,0,1,0,0,1,0,1
TXN_5878649,3.0,5.0,15.0,2023-02-15,2,15,2,0,0,0,1,0,0,0,0,1,1
TXN_5879154,2.0,5.0,10.0,2023-06-28,6,28,2,0,0,0,1,0,0,0,0,1,1
TXN_5880567,5.0,4.0,20.0,2023-02-13,2,13,0,0,0,0,0,0,1,0,0,1,0
TXN_5880883,5.0,4.0,20.0,2023-02-02,2,2,3,0,0,0,0,1,0,0,0,1,0
TXN_5881237,2.0,1.0,2.0,2023-08-14,8,14,0,0,1,0,0,0,0,0,0,1,0
TXN_5881757,3.0,4.0,12.0,2023-08-15,8,15,1,0,0,0,0,1,0,0,1,0,0
TXN_5882077,3.0,4.0,12.0,2023-03-10,3,10,4,0,0,0,0,1,0,0,0,1,1
TXN_5882566,1.0,3.0,3.0,2023-07-09,7,9,6,0,0,0,0,0,0,0,0,1,1
TXN_5882584,5.0,3.0,15.0,2023-09-16,9,16,5,0,0,0,0,0,0,0,0,1,0
TXN_5884081,3.0,1.0,3.0,2023-07-05,7,5,2,0,1,0,0,0,0,0,0,1,0
TXN_5889049,2.0,1.0,2.0,2023-07-14,7,14,4,0,1,0,0,0,0,0,0,1,0
TXN_5889912,1.0,5.0,5.0,2023-09-26,9,26,1,0,0,0,1,0,0,0,0,0,0
TXN_5891724,5.0,5.0,25.0,2023-12-10,12,10,6,0,0,0,1,0,0,0,1,0,0
TXN_5892508,1.0,4.0,4.0,2023-03-21,3,21,1,0,0,0,0,0,1,0,1,0,1
TXN_5893283,3.0,3.0,9.0,2023-08-15,8,15,1,0,0,0,0,0,0,0,0,0,0
TXN_5894676,5.0,4.0,20.0,2023-06-17,6,17,5,0,0,0,0,0,1,0,1,0,1
TXN_5895177,5.0,3.0,15.0,2023-08-16,8,16,2,0,0,0,0,0,0,0,0,1,1
TXN_5895330,5.0,5.0,25.0,2023-05-12,5,12,4,0,0,0,1,0,0,0,0,1,0
TXN_5896141,5.0,4.0,20.0,2023-03-08,3,8,2,0,0,0,0,0,1,0,0,1,0
TXN_5896728,4.0,3.0,12.0,2023-10-06,10,6,4,0,0,1,0,0,0,0,0,1,1
TXN_5897205,1.0,1.0,1.0,2023-06-10,6,10,5,0,1,0,0,0,0,0,0,0,0
TXN_5898238,5.0,2.0,10.0,2023-06-29,6,29,3,1,0,0,0,0,0,0,1,0,1
TXN_5899361,1.0,3.0,3.0,2023-08-08,8,8,1,0,0,0,0,0,0,0,1,0,1
TXN_5901180,3.0,1.0,3.0,2023-12-20,12,20,2,0,1,0,0,0,0,0,0,1,1
TXN_5901182,5.0,4.0,20.0,2023-07-15,7,15,5,0,0,0,0,1,0,0,0,1,0
TXN_5901887,4.0,4.0,16.0,2023-08-31,8,31,3,0,0,0,0,0,1,0,0,1,1
TXN_5902629,3.0,1.0,3.0,2023-01-26,1,26,3,0,1,0,0,0,0,0,0,0,1
TXN_5904646,1.0,4.0,4.0,2023-03-26,3,26,6,0,0,0,0,0,1,0,0,0,1
TXN_5905025,4.0,1.0,4.0,2023-03-08,3,8,2,0,1,0,0,0,0,0,0,1,1
TXN_5905580,3.0,1.0,3.0,2023-02-20,2,20,0,0,1,0,0,0,0,0,0,0,1
TXN_5906365,1.0,1.0,1.0,2023-03-13,3,13,0,0,1,0,0,0,0,0,0,1,1
TXN_5906520,2.0,5.0,10.0,2023-01-31,1,31,1,0,0,0,1,0,0,0,1,0,0
TXN_5907854,3.0,3.0,9.0,2023-11-11,11,11,5,0,0,1,0,0,0,0,0,1,0
TXN_5908078,1.0,2.0,2.0,2023-03-23,3,23,3,1,0,0,0,0,0,0,0,1,0
TXN_5908104,2.0,4.0,8.0,2023-05-12,5,12,4,0,0,0,0,1,0,0,1,0,0
TXN_5908362,5.0,4.0,20.0,2023-10-03,10,3,1,0,0,0,0,1,0,0,0,1,0
TXN_5908857,5.0,4.0,20.0,2023-06-04,6,4,6,0,0,0,0,0,1,0,0,0,0
TXN_5909816,5.0,3.0,15.0,2023-09-19,9,19,1,0,0,1,0,0,0,0,0,0,1
TXN_5910268,4.0,5.0,20.0,2023-07-04,7,4,1,0,0,0,1,0,0,0,0,1,1
TXN_5910541,5.0,3.0,15.0,2023-09-08,9,8,4,0,0,0,0,0,0,0,0,0,0
TXN_5913013,2.0,1.0,2.0,2023-11-29,11,29,2,0,1,0,0,0,0,0,1,0,1
TXN_5914284,2.0,2.0,4.0,2023-06-25,6,25,6,1,0,0,0,0,0,0,1,0,1
TXN_5915706,1.0,1.5,1.5,2023-08-18,8,18,4,0,0,0,0,0,0,1,0,0,0
TXN_5916991,2.0,3.0,6.0,2023-02-06,2,6,0,0,0,1,0,0,0,0,0,1,1
TXN_5919038,1.0,1.0,1.0,2023-12-15,12,15,4,0,1,0,0,0,0,0,1,0,0
TXN_5921442,4.0,4.0,16.0,2023-02-04,2,4,5,0,0,0,0,0,1,0,0,0,1
TXN_5921650,4.0,5.0,20.0,2023-10-13,10,13,4,0,0,0,1,0,0,0,0,1,0
TXN_5921766,3.0,4.0,12.0,2023-11-06,11,6,0,0,0,0,0,0,1,0,0,1,0
TXN_5922981,5.0,5.0,25.0,2023-11-10,11,10,4,0,0,0,1,0,0,0,0,1,1
TXN_5926025,2.0,4.0,8.0,2023-07-29,7,29,5,0,0,0,0,1,0,0,0,1,0
TXN_5926432,4.0,4.0,16.0,2023-06-29,6,29,3,0,0,0,0,0,1,0,0,0,0
TXN_5926836,5.0,3.0,15.0,2023-08-07,8,7,0,0,0,0,0,0,0,0,0,1,0
TXN_5926982,4.0,2.0,8.0,2023-05-16,5,16,1,1,0,0,0,0,0,0,0,1,1
TXN_5927258,5.0,1.5,7.5,2023-10-18,10,18,2,0,0,0,0,0,0,1,0,1,0
TXN_5927620,1.0,4.0,4.0,2023-05-04,5,4,3,0,0,0,0,0,1,0,1,0,1
TXN_5927884,4.0,2.0,8.0,2023-12-21,12,21,3,1,0,0,0,0,0,0,0,1,0
TXN_5927925,4.0,3.0,12.0,2023-11-02,11,2,3,0,0,1,0,0,0,0,0,1,0
TXN_5929341,2.0,3.0,6.0,2023-05-12,5,12,4,0,0,1,0,0,0,0,0,1,1
TXN_5929633,3.0,3.0,9.0,2023-02-27,2,27,0,0,0,0,0,0,0,0,0,1,0
TXN_5929797,1.0,4.0,4.0,2023-05-12,5,12,4,0,0,0,0,1,0,0,1,0,0
TXN_5930304,2.0,4.0,8.0,2023-11-02,11,2,3,0,0,0,0,1,0,0,0,1,1
TXN_5931292,2.0,4.0,8.0,2023-12-18,12,18,0,0,0,0,0,0,1,0,1,0,0
TXN_5931551,4.0,4.0,16.0,2023-03-28,3,28,1,0,0,0,0,1,0,0,0,1,0
TXN_5932169,5.0,5.0,25.0,2023-11-06,11,6,0,0,0,0,1,0,0,0,1,0,1
TXN_5932892,4.0,3.0,12.0,2023-11-19,11,19,6,0,0,1,0,0,0,0,0,1,0
TXN_5933480,3.0,4.0,12.0,2023-09-04,9,4,0,0,0,0,0,1,0,0,0,1,0
TXN_5934059,4.0,3.0,12.0,2023-09-26,9,26,1,0,0,1,0,0,0,0,0,1,1
TXN_5934526,5.0,2.0,10.0,2023-05-27,5,27,5,1,0,0,0,0,0,0,1,0,0
TXN_5935353,2.0,4.0,8.0,2023-05-01,5,1,0,0,0,0,0,1,0,0,1,0,1
TXN_5935394,4.0,2.0,8.0,2023-04-16,4,16,6,1,0,0,0,0,0,0,0,1,0
TXN_5938359,2.0,1.0,2.0,2023-06-02,6,2,4,0,1,0,0,0,0,0,1,0,1
TXN_5939055,3.0,2.0,6.0,2023-10-21,10,21,5,1,0,0,0,0,0,0,0,1,1
TXN_5939363,5.0,1.5,7.5,2023-02-14,2,14,1,0,0,0,0,0,0,1,1,0,0
TXN_5939950,2.0,4.0,8.0,2023-06-16,6,16,4,0,0,0,0,1,0,0,0,0,1
TXN_5940531,1.0,1.5,1.5,2023-01-11,1,11,2,0,0,0,0,0,0,1,0,1,0
TXN_5941840,4.0,1.0,4.0,2023-04-01,4,1,5,0,1,0,0,0,0,0,0,1,0
TXN_5942011,1.0,1.5,1.5,2023-10-08,10,8,6,0,0,0,0,0,0,1,0,0,0
TXN_5942938,3.0,3.0,9.0,2023-05-24,5,24,2,0,0,1,0,0,0,0,1,0,1
TXN_5944206,5.0,1.0,5.0,2023-05-12,5,12,4,0,1,0,0,0,0,0,0,1,1
TXN_5944318,1.0,1.0,1.0,2023-01-23,1,23,0,0,1,0,0,0,0,0,0,0,0
TXN_5946554,2.0,3.0,6.0,2023-03-01,3,1,2,0,0,0,0,0,0,0,0,0,0
TXN_5946779,1.0,4.0,4.0,2023-05-25,5,25,3,0,0,0,0,1,0,0,0,0,0
TXN_5947264,1.0,5.0,5.0,2023-03-07,3,7,1,0,0,0,1,0,0,0,0,0,0
TXN_5947976,3.0,2.0,6.0,2023-05-21,5,21,6,1,0,0,0,0,0,0,0,1,0
TXN_5949199,5.0,1.5,7.5,2023-02-28,2,28,1,0,0,0,0,0,0,1,0,1,0
TXN_5949517,5.0,4.0,20.0,2023-12-31,12,31,6,0,0,0,0,1,0,0,0,1,0
TXN_5949811,2.0,1.5,3.0,2023-02-21,2,21,1,0,0,0,0,0,0,1,0,1,0
TXN_5950951,1.0,5.0,5.0,2023-04-10,4,10,0,0,0,0,1,0,0,0,1,0,0
TXN_5951573,3.0,5.0,15.0,2023-12-22,12,22,4,0,0,0,1,0,0,0,0,0,1
TXN_5954991,3.0,4.0,12.0,2023-08-07,8,7,0,0,0,0,0,1,0,0,0,1,1
TXN_5956755,5.0,4.0,20.0,2023-03-05,3,5,6,0,0,0,0,1,0,0,0,1,1
TXN_5958999,2.0,1.5,3.0,2023-04-13,4,13,3,0,0,0,0,0,0,1,0,1,1
TXN_5960979,5.0,2.0,10.0,2023-05-03,5,3,2,1,0,0,0,0,0,0,0,1,0
TXN_5962196,2.0,4.0,8.0,2023-11-29,11,29,2,0,0,0,0,0,1,0,0,0,1
TXN_5962237,1.0,3.0,3.0,2023-10-31,10,31,1,0,0,1,0,0,0,0,0,1,1
TXN_5963316,2.0,1.5,3.0,2023-06-25,6,25,6,0,0,0,0,0,0,1,1,0,1
TXN_5963749,1.0,3.0,3.0,2023-11-04,11,4,5,0,0,0,0,0,0,0,0,1,0
TXN_5965095,4.0,5.0,20.0,2023-06-16,6,16,4,0,0,0,1,0,0,0,0,1,0
TXN_5965422,2.0,2.0,4.0,2023-06-20,6,20,1,1,0,0,0,0,0,0,1,0,1
TXN_5966744,3.0,1.5,4.5,2023-12-13,12,13,2,0,0,0,0,0,0,1,0,1,0
TXN_5966765,5.0,3.0,15.0,2023-11-09,11,9,3,0,0,0,0,0,0,0,1,0,1
TXN_5967452,5.0,3.0,15.0,2023-03-07,3,7,1,0,0,1,0,0,0,0,1,0,1
TXN_5968705,3.0,4.0,12.0,2023-12-16,12,16,5,0,0,0,0,1,0,0,1,0,1
TXN_5968921,5.0,5.0,25.0,2023-10-10,10,10,1,0,0,0,1,0,0,0,1,0,1
TXN_5969754,4.0,1.5,6.0,2023-01-29,1,29,6,0,0,0,0,0,0,1,0,1,1
TXN_5970304,4.0,5.0,20.0,2023-07-14,7,14,4,0,0,0,1,0,0,0,1,0,1
TXN_5972836,3.0,4.0,12.0,2023-02-14,2,14,1,0,0,0,0,0,1,0,0,0,1
TXN_5974123,2.0,4.0,8.0,2023-06-25,6,25,6,0,0,0,0,1,0,0,0,1,0
TXN_5974791,2.0,1.0,2.0,2023-10-22,10,22,6,0,1,0,0,0,0,0,0,0,1
TXN_5974796,4.0,4.0,16.0,2023-11-09,11,9,3,0,0,0,0,1,0,0,0,0,0
TXN_5975573,1.0,1.0,1.0,2023-01-20,1,20,4,0,1,0,0,0,0,0,0,1,1
TXN_5977414,2.0,3.0,6.0,2023-08-06,8,6,6,0,0,0,0,0,0,0,1,0,0
TXN_5981429,2.0,3.0,6.0,2023-12-24,12,24,6,0,0,1,0,0,0,0,0,1,0
TXN_5982786,4.0,3.0,12.0,2023-12-26,12,26,1,0,0,1,0,0,0,0,1,0,0
TXN_5983031,3.0,3.0,9.0,2023-03-09,3,9,3,0,0,1,0,0,0,0,0,1,0
TXN_5985451,2.0,4.0,8.0,2023-07-24,7,24,0,0,0,0,0,1,0,0,0,1,0
TXN_5985513,2.0,4.0,8.0,2023-08-02,8,2,2,0,0,0,0,1,0,0,1,0,1
TXN_5989987,4.0,4.0,16.0,2023-08-02,8,2,2,0,0,0,0,0,1,0,0,0,0
TXN_5991995,1.0,3.0,3.0,2023-01-08,1,8,6,0,0,0,0,0,0,0,0,1,0
TXN_5992166,5.0,3.0,15.0,2023-10-01,10,1,6,0,0,1,0,0,0,0,0,0,1
TXN_5993677,4.0,3.0,12.0,2023-01-28,1,28,5,0,0,0,0,0,0,0,0,1,1
TXN_5994713,3.0,1.5,4.5,2023-03-05,3,5,6,0,0,0,0,0,0,1,0,1,1
TXN_5996894,1.0,3.0,3.0,2023-06-12,6,12,0,0,0,1,0,0,0,0,1,0,0
TXN_5996973,5.0,4.0,20.0,2023-05-02,5,2,1,0,0,0,0,1,0,0,0,1,0
TXN_5997803,5.0,2.0,10.0,2023-12-03,12,3,6,1,0,0,0,0,0,0,0,0,0
TXN_5998419,4.0,3.0,12.0,2023-09-26,9,26,1,0,0,1,0,0,0,0,0,0,1
TXN_5999810,4.0,4.0,16.0,2023-06-19,6,19,0,0,0,0,0,1,0,0,1,0,1
TXN_6000201,3.0,1.0,3.0,2023-02-16,2,16,3,0,1,0,0,0,0,0,0,0,1
TXN_6000890,3.0,2.0,6.0,2023-01-06,1,6,4,1,0,0,0,0,0,0,0,1,0
TXN_6004431,2.0,4.0,8.0,2023-04-07,4,7,4,0,0,0,0,1,0,0,0,0,1
TXN_6004967,4.0,5.0,20.0,2023-01-13,1,13,4,0,0,0,1,0,0,0,1,0,1
TXN_6005707,4.0,3.0,12.0,2023-02-06,2,6,0,0,0,1,0,0,0,0,0,0,1
TXN_6007079,2.0,1.0,2.0,2023-10-09,10,9,0,0,1,0,0,0,0,0,1,0,0
TXN_6007437,1.0,3.0,3.0,2023-11-22,11,22,2,0,0,1,0,0,0,0,1,0,0
TXN_6007721,4.0,4.0,16.0,2023-08-21,8,21,0,0,0,0,0,0,1,0,0,0,0
TXN_6008133,3.0,2.0,6.0,2023-11-08,11,8,2,1,0,0,0,0,0,0,0,1,1
TXN_6009395,4.0,4.0,16.0,2023-07-20,7,20,3,0,0,0,0,1,0,0,0,0,0
TXN_6011106,2.0,3.0,6.0,2023-09-07,9,7,3,0,0,1,0,0,0,0,0,1,1
TXN_6011304,4.0,3.0,12.0,2023-11-20,11,20,0,0,0,0,0,0,0,0,0,0,0
TXN_6011341,4.0,3.0,12.0,2023-12-21,12,21,3,0,0,1,0,0,0,0,1,0,0
TXN_6011884,5.0,1.5,7.5,2023-12-25,12,25,0,0,0,0,0,0,0,1,0,1,1
TXN_6012446,4.0,4.0,16.0,2023-07-20,7,20,3,0,0,0,0,0,1,0,0,0,1
TXN_6012728,4.0,3.0,12.0,2023-05-09,5,9,1,0,0,0,0,0,0,0,1,0,0
TXN_6013024,3.0,3.0,9.0,2023-09-06,9,6,2,0,0,1,0,0,0,0,1,0,1
TXN_6013295,2.0,3.0,6.0,2023-11-07,11,7,1,0,0,1,0,0,0,0,0,0,1
TXN_6014389,5.0,1.0,5.0,2023-07-21,7,21,4,0,1,0,0,0,0,0,1,0,0
TXN_6016707,1.0,3.0,3.0,2023-06-27,6,27,1,0,0,1,0,0,0,0,0,0,0
TXN_6017034,4.0,3.0,12.0,2023-10-06,10,6,4,0,0,0,0,0,0,0,0,1,1
TXN_6017458,5.0,5.0,25.0,2023-04-23,4,23,6,0,0,0,1,0,0,0,1,0,0
TXN_6018020,2.0,1.0,2.0,2023-01-12,1,12,3,0,1,0,0,0,0,0,1,0,1
TXN_6020552,2.0,4.0,8.0,2023-01-14,1,14,5,0,0,0,0,1,0,0,0,0,1
TXN_6021173,5.0,3.0,15.0,2023-12-16,12,16,5,0,0,1,0,0,0,0,0,0,1
TXN_6021363,2.0,4.0,8.0,2023-01-11,1,11,2,0,0,0,0,1,0,0,1,0,1
TXN_6022618,1.0,4.0,4.0,2023-12-18,12,18,0,0,0,0,0,0,1,0,0,1,0
TXN_6023823,2.0,1.0,2.0,2023-04-20,4,20,3,0,1,0,0,0,0,0,0,1,1
TXN_6024139,4.0,3.0,12.0,2023-08-15,8,15,1,0,0,1,0,0,0,0,0,1,1
TXN_6024625,5.0,2.0,10.0,2023-09-13,9,13,2,1,0,0,0,0,0,0,0,1,1
TXN_6025054,1.0,2.0,2.0,2023-03-10,3,10,4,1,0,0,0,0,0,0,1,0,1
TXN_6026451,2.0,3.0,6.0,2023-11-06,11,6,0,0,0,1,0,0,0,0,0,0,0
TXN_6027031,5.0,3.0,15.0,2023-11-15,11,15,2,0,0,1,0,0,0,0,1,0,0
TXN_6027500,4.0,4.0,16.0,2023-09-22,9,22,4,0,0,0,0,0,1,0,0,1,1
TXN_6027798,2.0,1.0,2.0,2023-05-26,5,26,4,0,1,0,0,0,0,0,0,1,1
TXN_6027923,1.0,5.0,5.0,2023-07-23,7,23,6,0,0,0,1,0,0,0,0,1,1
TXN_6028331,4.0,3.0,12.0,2023-10-22,10,22,6,0,0,0,0,0,0,0,0,0,1
TXN_6028915,5.0,4.0,20.0,2023-12-24,12,24,6,0,0,0,0,1,0,0,0,0,0
TXN_6029333,1.0,3.0,3.0,2023-06-10,6,10,5,0,0,0,0,0,0,0,0,1,0
TXN_6030518,3.0,4.0,12.0,2023-12-20,12,20,2,0,0,0,0,1,0,0,0,1,0
TXN_6034596,1.0,5.0,5.0,2023-04-07,4,7,4,0,0,0,1,0,0,0,0,1,1
TXN_6034709,2.0,2.0,4.0,2023-06-16,6,16,4,1,0,0,0,0,0,0,1,0,1
TXN_6034785,3.0,2.0,6.0,2023-06-17,6,17,5,1,0,0,0,0,0,0,0,1,1
TXN_6034920,1.0,1.0,1.0,2023-09-09,9,9,5,0,1,0,0,0,0,0,1,0,0
TXN_6035512,5.0,3.0,15.0,2023-02-19,2,19,6,0,0,0,0,0,0,0,0,0,1
TXN_6035534,4.0,5.0,20.0,2023-12-18,12,18,0,0,0,0,1,0,0,0,1,0,0
TXN_6036240,4.0,3.0,12.0,2023-10-30,10,30,0,0,0,0,0,0,0,0,1,0,0
TXN_6036254,3.0,2.0,6.0,2023-09-20,9,20,2,1,0,0,0,0,0,0,1,0,1
TXN_6036409,5.0,1.5,7.5,2023-02-16,2,16,3,0,0,0,0,0,0,1,0,0,1
TXN_6036520,5.0,2.0,10.0,2023-09-15,9,15,4,1,0,0,0,0,0,0,0,0,0
TXN_6037144,3.0,1.5,4.5,2023-09-02,9,2,5,0,0,0,0,0,0,1,0,0,1
TXN_6037712,3.0,5.0,15.0,2023-08-10,8,10,3,0,0,0,1,0,0,0,1,0,0
TXN_6037924,4.0,2.0,8.0,2023-11-14,11,14,1,1,0,0,0,0,0,0,0,1,1
TXN_6038791,2.0,3.0,6.0,2023-03-06,3,6,0,0,0,1,0,0,0,0,0,1,0
TXN_6039235,2.0,3.0,6.0,2023-06-25,6,25,6,0,0,1,0,0,0,0,0,1,1
TXN_6039321,2.0,5.0,10.0,2023-02-15,2,15,2,0,0,0,1,0,0,0,1,0,1
TXN_6040824,1.0,4.0,4.0,2023-01-07,1,7,5,0,0,0,0,1,0,0,0,0,0
TXN_6040882,1.0,1.0,1.0,2023-06-06,6,6,1,0,1,0,0,0,0,0,0,0,0
TXN_6043396,3.0,4.0,12.0,2023-10-07,10,7,5,0,0,0,0,1,0,0,0,1,0
TXN_6044312,2.0,3.0,6.0,2023-01-03,1,3,1,0,0,0,0,0,0,0,0,1,0
TXN_6044979,1.0,1.0,1.0,2023-12-08,12,8,4,0,1,0,0,0,0,0,0,0,0
TXN_6045577,3.0,2.0,6.0,2023-07-06,7,6,3,1,0,0,0,0,0,0,1,0,1
TXN_6046363,5.0,4.0,20.0,2023-03-20,3,20,0,0,0,0,0,0,1,0,0,1,1
TXN_6046604,5.0,1.0,5.0,2023-06-29,6,29,3,0,1,0,0,0,0,0,1,0,1
TXN_6047026,2.0,4.0,8.0,2023-03-24,3,24,4,0,0,0,0,0,1,0,0,1,1
TXN_6047710,3.0,4.0,12.0,2023-06-16,6,16,4,0,0,0,0,0,1,0,0,0,1
TXN_6047742,5.0,4.0,20.0,2023-12-11,12,11,0,0,0,0,0,0,1,0,0,1,0
TXN_6049240,1.0,3.0,3.0,2023-05-31,5,31,2,0,0,1,0,0,0,0,0,0,0
TXN_6050844,2.0,1.5,3.0,2023-03-12,3,12,6,0,0,0,0,0,0,1,0,0,1
TXN_6052534,4.0,5.0,20.0,2023-02-19,2,19,6,0,0,0,1,0,0,0,0,0,1
TXN_6052901,5.0,4.0,20.0,2023-08-16,8,16,2,0,0,0,0,0,1,0,1,0,1
TXN_6053617,2.0,4.0,8.0,2023-11-25,11,25,5,0,0,0,0,1,0,0,1,0,0
TXN_6053755,4.0,1.0,4.0,2023-01-18,1,18,2,0,1,0,0,0,0,0,0,1,1
TXN_6054137,3.0,3.0,9.0,2023-05-09,5,9,1,0,0,1,0,0,0,0,0,1,0
TXN_6055428,5.0,5.0,25.0,2023-02-25,2,25,5,0,0,0,1,0,0,0,0,0,1
TXN_6055570,3.0,1.5,4.5,2023-02-06,2,6,0,0,0,0,0,0,0,1,0,0,0
TXN_6057379,5.0,5.0,25.0,2023-03-18,3,18,5,0,0,0,1,0,0,0,1,0,1
TXN_6057914,2.0,4.0,8.0,2023-03-18,3,18,5,0,0,0,0,0,1,0,0,1,0
TXN_6059878,3.0,5.0,15.0,2023-01-23,1,23,0,0,0,0,1,0,0,0,0,1,0
TXN_6063689,3.0,1.0,3.0,2023-02-01,2,1,2,0,1,0,0,0,0,0,0,0,0
TXN_6063966,2.0,3.0,6.0,2023-10-24,10,24,1,0,0,1,0,0,0,0,0,1,1
TXN_6064232,2.0,1.5,3.0,2023-04-09,4,9,6,0,0,0,0,0,0,1,1,0,1
TXN_6064282,4.0,4.0,16.0,2023-10-18,10,18,2,0,0,0,0,0,1,0,1,0,0
TXN_6064301,1.0,1.0,1.0,2023-07-12,7,12,2,0,1,0,0,0,0,0,1,0,1
TXN_6064400,5.0,4.0,20.0,2023-07-06,7,6,3,0,0,0,0,1,0,0,0,1,1
TXN_6066433,2.0,1.5,3.0,2023-06-17,6,17,5,0,0,0,0,0,0,1,0,0,1
TXN_6066883,2.0,3.0,6.0,2023-12-21,12,21,3,0,0,0,0,0,0,0,1,0,0
TXN_6067546,5.0,1.5,7.5,2023-08-25,8,25,4,0,0,0,0,0,0,1,0,1,1
TXN_6067979,1.0,4.0,4.0,2023-07-29,7,29,5,0,0,0,0,1,0,0,1,0,0
TXN_6068074,2.0,4.0,8.0,2023-06-01,6,1,3,0,0,0,0,0,1,0,0,0,0
TXN_6068148,3.0,3.0,9.0,2023-08-11,8,11,4,0,0,0,0,0,0,0,0,1,0
TXN_6068564,4.0,3.0,12.0,2023-09-28,9,28,3,0,0,0,0,0,0,0,1,0,1
TXN_6069730,1.0,3.0,3.0,2023-02-05,2,5,6,0,0,1,0,0,0,0,0,0,0
TXN_6070787,3.0,4.0,12.0,2023-02-26,2,26,6,0,0,0,0,1,0,0,0,1,0
TXN_6071202,1.0,1.0,1.0,2023-06-07,6,7,2,0,1,0,0,0,0,0,0,0,0
TXN_6071339,5.0,2.0,10.0,2023-10-17,10,17,1,1,0,0,0,0,0,0,0,0,1
TXN_6071866,4.0,1.5,6.0,2023-10-14,10,14,5,0,0,0,0,0,0,1,0,1,1
TXN_6071905,1.0,3.0,3.0,2023-11-06,11,6,0,0,0,0,0,0,0,0,0,1,0
TXN_6073195,3.0,4.0,12.0,2023-09-13,9,13,2,0,0,0,0,1,0,0,1,0,1
TXN_6074414,2.0,5.0,10.0,2023-11-13,11,13,0,0,0,0,1,0,0,0,1,0,0
TXN_6076602,4.0,1.5,6.0,2023-02-07,2,7,1,0,0,0,0,0,0,1,1,0,0
TXN_6077816,3.0,3.0,9.0,2023-09-26,9,26,1,0,0,0,0,0,0,0,1,0,1
TXN_6078834,1.0,4.0,4.0,2023-04-28,4,28,4,0,0,0,0,0,1,0,0,1,1
TXN_6079741,4.0,1.0,4.0,2023-01-02,1,2,0,0,1,0,0,0,0,0,1,0,1
TXN_6083650,2.0,2.0,4.0,2023-07-01,7,1,5,1,0,0,0,0,0,0,0,1,1
TXN_6085326,2.0,3.0,6.0,2023-08-22,8,22,1,0,0,0,0,0,0,0,0,1,1
TXN_6086123,3.0,3.0,9.0,2023-11-17,11,17,4,0,0,1,0,0,0,0,1,0,1
TXN_6086709,5.0,3.0,15.0,2023-07-07,7,7,4,0,0,1,0,0,0,0,0,1,0
TXN_6087494,5.0,3.0,15.0,2023-07-05,7,5,2,0,0,1,0,0,0,0,1,0,0
TXN_6087578,1.0,1.5,1.5,2023-12-17,12,17,6,0,0,0,0,0,0,1,1,0,1
TXN_6087604,4.0,4.0,16.0,2023-01-27,1,27,4,0,0,0,0,1,0,0,0,1,1
TXN_6090715,3.0,3.0,9.0,2023-11-14,11,14,1,0,0,1,0,0,0,0,1,0,0
TXN_6091431,3.0,1.5,4.5,2023-11-16,11,16,3,0,0,0,0,0,0,1,1,0,1
TXN_6091542,5.0,3.0,15.0,2023-01-17,1,17,1,0,0,1,0,0,0,0,0,1,1
TXN_6091543,3.0,2.0,6.0,2023-07-04,7,4,1,1,0,0,0,0,0,0,0,1,0
TXN_6092344,5.0,1.0,5.0,2023-12-04,12,4,0,0,1,0,0,0,0,0,1,0,1
TXN_6093331,2.0,4.0,8.0,2023-06-24,6,24,5,0,0,0,0,0,1,0,1,0,1
TXN_6093955,5.0,1.5,7.5,2023-01-01,1,1,6,0,0,0,0,0,0,1,0,1,1
TXN_6096492,5.0,4.0,20.0,2023-12-23,12,23,5,0,0,0,0,1,0,0,0,1,1
TXN_6097144,5.0,3.0,15.0,2023-01-27,1,27,4,0,0,1,0,0,0,0,0,1,1
TXN_6097664,4.0,5.0,20.0,2023-11-27,11,27,0,0,0,0,1,0,0,0,0,1,0
TXN_6097706,4.0,4.0,16.0,2023-02-15,2,15,2,0,0,0,0,1,0,0,0,0,1
TXN_6097759,4.0,4.0,16.0,2023-06-18,6,18,6,0,0,0,0,0,1,0,0,0,0
TXN_6098702,3.0,2.0,6.0,2023-10-15,10,15,6,1,0,0,0,0,0,0,1,0,0
TXN_6101067,1.0,4.0,4.0,2023-09-05,9,5,1,0,0,0,0,0,1,0,1,0,1
TXN_6104335,2.0,4.0,8.0,2023-11-13,11,13,0,0,0,0,0,0,1,0,1,0,0
TXN_6105240,5.0,3.0,15.0,2023-11-27,11,27,0,0,0,1,0,0,0,0,0,1,0
TXN_6105807,3.0,4.0,12.0,2023-01-18,1,18,2,0,0,0,0,0,1,0,1,0,1
TXN_6108428,3.0,3.0,9.0,2023-05-08,5,8,0,0,0,0,0,0,0,0,0,1,1
TXN_6109953,3.0,3.0,9.0,2023-04-22,4,22,5,0,0,1,0,0,0,0,0,1,1
TXN_6110009,5.0,3.0,15.0,2023-12-26,12,26,1,0,0,1,0,0,0,0,0,1,1
TXN_6110108,5.0,1.5,7.5,2023-02-10,2,10,4,0,0,0,0,0,0,1,1,0,1
TXN_6110386,1.0,4.0,4.0,2023-03-17,3,17,4,0,0,0,0,0,1,0,0,0,0
TXN_6110769,2.0,1.0,2.0,2023-03-02,3,2,3,0,1,0,0,0,0,0,0,1,1
TXN_6111710,3.0,5.0,15.0,2023-06-18,6,18,6,0,0,0,1,0,0,0,1,0,0
TXN_6112765,2.0,2.0,4.0,2023-07-21,7,21,4,1,0,0,0,0,0,0,1,0,1
TXN_6113452,2.0,4.0,8.0,2023-09-21,9,21,3,0,0,0,0,1,0,0,0,0,1
TXN_6113724,1.0,2.0,2.0,2023-03-26,3,26,6,1,0,0,0,0,0,0,0,1,1
TXN_6113876,3.0,3.0,9.0,2023-03-01,3,1,2,0,0,0,0,0,0,0,0,0,0
TXN_6117421,2.0,3.0,6.0,2023-05-04,5,4,3,0,0,0,0,0,0,0,0,0,1
TXN_6117497,2.0,2.0,4.0,2023-02-13,2,13,0,1,0,0,0,0,0,0,0,1,0
TXN_6118079,1.0,2.0,2.0,2023-07-01,7,1,5,1,0,0,0,0,0,0,0,1,1
TXN_6119081,2.0,2.0,4.0,2023-09-27,9,27,2,1,0,0,0,0,0,0,0,0,0
TXN_6119612,3.0,3.0,9.0,2023-12-25,12,25,0,0,0,1,0,0,0,0,0,0,1
TXN_6119798,1.0,5.0,5.0,2023-09-19,9,19,1,0,0,0,1,0,0,0,1,0,0
TXN_6119823,2.0,1.5,3.0,2023-06-13,6,13,1,0,0,0,0,0,0,1,0,1,1
TXN_6120851,5.0,5.0,25.0,2023-02-04,2,4,5,0,0,0,1,0,0,0,0,0,1
TXN_6121301,5.0,4.0,20.0,2023-01-07,1,7,5,0,0,0,0,0,1,0,0,1,1
TXN_6122423,4.0,5.0,20.0,2023-09-28,9,28,3,0,0,0,1,0,0,0,0,1,0
TXN_6123007,3.0,2.0,6.0,2023-05-28,5,28,6,1,0,0,0,0,0,0,0,1,0
TXN_6123633,3.0,5.0,15.0,2023-01-16,1,16,0,0,0,0,1,0,0,0,0,1,0
TXN_6124342,3.0,3.0,9.0,2023-09-14,9,14,3,0,0,0,0,0,0,0,0,1,1
TXN_6125085,3.0,3.0,9.0,2023-05-24,5,24,2,0,0,1,0,0,0,0,0,1,1
TXN_6125646,2.0,1.0,2.0,2023-06-12,6,12,0,0,1,0,0,0,0,0,0,0,0
TXN_6127474,5.0,1.0,5.0,2023-09-17,9,17,6,0,1,0,0,0,0,0,0,0,0
TXN_6128086,4.0,1.5,6.0,2023-12-26,12,26,1,0,0,0,0,0,0,1,0,1,1
TXN_6128621,3.0,5.0,15.0,2023-11-10,11,10,4,0,0,0,1,0,0,0,0,1,0
TXN_6128966,3.0,4.0,12.0,2023-12-18,12,18,0,0,0,0,0,1,0,0,0,1,0
TXN_6129205,5.0,4.0,20.0,2023-07-20,7,20,3,0,0,0,0,1,0,0,0,0,0
TXN_6129460,5.0,3.0,15.0,2023-11-19,11,19,6,0,0,1,0,0,0,0,0,0,0
TXN_6130281,2.0,4.0,8.0,2023-01-18,1,18,2,0,0,0,0,1,0,0,0,0,1
TXN_6131195,1.0,5.0,5.0,2023-10-24,10,24,1,0,0,0,1,0,0,0,0,1,0
TXN_6131350,2.0,4.0,8.0,2023-09-28,9,28,3,0,0,0,0,1,0,0,1,0,0
TXN_6131415,5.0,1.5,7.5,2023-11-24,11,24,4,0,0,0,0,0,0,1,0,1,1
TXN_6132245,2.0,5.0,10.0,2023-06-01,6,1,3,0,0,0,1,0,0,0,0,1,0
TXN_6132959,5.0,5.0,25.0,2023-07-01,7,1,5,0,0,0,1,0,0,0,0,1,0
TXN_6133115,5.0,4.0,20.0,2023-12-08,12,8,4,0,0,0,0,0,1,0,0,1,0
TXN_6133971,5.0,4.0,20.0,2023-04-18,4,18,1,0,0,0,0,0,1,0,1,0,1
TXN_6135727,4.0,3.0,12.0,2023-12-15,12,15,4,0,0,1,0,0,0,0,0,1,1
TXN_6137394,1.0,4.0,4.0,2023-11-22,11,22,2,0,0,0,0,1,0,0,0,1,0
TXN_6137985,5.0,2.0,10.0,2023-03-15,3,15,2,1,0,0,0,0,0,0,1,0,0
TXN_6142529,5.0,1.5,7.5,2023-07-21,7,21,4,0,0,0,0,0,0,1,1,0,0
TXN_6142549,3.0,3.0,9.0,2023-03-12,3,12,6,0,0,1,0,0,0,0,0,1,1
TXN_6144244,3.0,3.0,9.0,2023-01-08,1,8,6,0,0,1,0,0,0,0,0,0,0
TXN_6145837,5.0,3.0,15.0,2023-08-27,8,27,6,0,0,0,0,0,0,0,0,1,1
TXN_6146889,2.0,3.0,6.0,2023-09-01,9,1,4,0,0,1,0,0,0,0,1,0,1
TXN_6148337,2.0,1.0,2.0,2023-09-27,9,27,2,0,1,0,0,0,0,0,0,0,0
TXN_6148397,4.0,1.5,6.0,2023-03-20,3,20,0,0,0,0,0,0,0,1,0,1,0
TXN_6148776,5.0,2.0,10.0,2023-03-02,3,2,3,1,0,0,0,0,0,0,0,1,1
TXN_6148811,5.0,1.5,7.5,2023-06-18,6,18,6,0,0,0,0,0,0,1,1,0,1
TXN_6149247,3.0,4.0,12.0,2023-09-21,9,21,3,0,0,0,0,1,0,0,0,1,1
TXN_6149748,3.0,5.0,15.0,2023-07-06,7,6,3,0,0,0,1,0,0,0,1,0,0
TXN_6149800,4.0,4.0,16.0,2023-05-05,5,5,4,0,0,0,0,1,0,0,0,1,1
TXN_6152588,3.0,2.0,6.0,2023-11-21,11,21,1,1,0,0,0,0,0,0,0,0,1
TXN_6154626,5.0,4.0,20.0,2023-05-06,5,6,5,0,0,0,0,0,1,0,0,1,1
TXN_6154823,5.0,4.0,20.0,2023-11-16,11,16,3,0,0,0,0,1,0,0,0,1,1
TXN_6156180,5.0,2.0,10.0,2023-07-25,7,25,1,1,0,0,0,0,0,0,0,0,1
TXN_6158518,5.0,1.0,5.0,2023-09-28,9,28,3,0,1,0,0,0,0,0,0,0,1
TXN_6158834,2.0,2.0,4.0,2023-09-23,9,23,5,1,0,0,0,0,0,0,1,0,1
TXN_6158865,1.0,1.0,1.0,2023-11-27,11,27,0,0,1,0,0,0,0,0,0,1,0
TXN_6159539,1.0,3.0,3.0,2023-01-12,1,12,3,0,0,1,0,0,0,0,0,1,0
TXN_6160209,3.0,5.0,15.0,2023-07-28,7,28,4,0,0,0,1,0,0,0,1,0,0
TXN_6162668,4.0,5.0,20.0,2023-03-30,3,30,3,0,0,0,1,0,0,0,0,1,0
TXN_6164035,1.0,1.0,1.0,2023-03-30,3,30,3,0,1,0,0,0,0,0,1,0,1
TXN_6167259,2.0,3.0,6.0,2023-04-14,4,14,4,0,0,1,0,0,0,0,0,1,0
TXN_6169248,5.0,3.0,15.0,2023-08-12,8,12,5,0,0,1,0,0,0,0,1,0,1
TXN_6169633,4.0,5.0,20.0,2023-12-20,12,20,2,0,0,0,1,0,0,0,1,0,1
TXN_6170729,3.0,4.0,12.0,2023-11-07,11,7,1,0,0,0,0,1,0,0,0,0,0
TXN_6171384,2.0,4.0,8.0,2023-09-12,9,12,1,0,0,0,0,0,1,0,1,0,1
TXN_6172528,3.0,4.0,12.0,2023-05-18,5,18,3,0,0,0,0,0,1,0,1,0,0
TXN_6177081,1.0,1.0,1.0,2023-07-26,7,26,2,0,1,0,0,0,0,0,0,0,1
TXN_6177161,5.0,1.5,7.5,2023-04-01,4,1,5,0,0,0,0,0,0,1,1,0,0
TXN_6177334,1.0,3.0,3.0,2023-02-15,2,15,2,0,0,1,0,0,0,0,1,0,0
TXN_6177865,5.0,3.0,15.0,2023-01-30,1,30,0,0,0,1,0,0,0,0,0,1,1
TXN_6178152,5.0,1.5,7.5,2023-12-26,12,26,1,0,0,0,0,0,0,1,0,1,0
TXN_6179169,2.0,4.0,8.0,2023-10-21,10,21,5,0,0,0,0,1,0,0,0,0,0
TXN_6179190,1.0,2.0,2.0,2023-07-23,7,23,6,1,0,0,0,0,0,0,0,1,1
TXN_6181456,1.0,1.0,1.0,2023-05-08,5,8,0,0,1,0,0,0,0,0,0,1,1
TXN_6182856,4.0,3.0,12.0,2023-04-02,4,2,6,0,0,0,0,0,0,0,1,0,1
TXN_6183513,3.0,3.0,9.0,2023-12-22,12,22,4,0,0,1,0,0,0,0,0,1,0
TXN_6183842,3.0,1.5,4.5,2023-09-15,9,15,4,0,0,0,0,0,0,1,0,1,1
TXN_6187083,5.0,3.0,15.0,2023-06-02,6,2,4,0,0,0,0,0,0,0,0,1,0
TXN_6187752,5.0,4.0,20.0,2023-12-24,12,24,6,0,0,0,0,0,1,0,0,1,1
TXN_6188262,1.0,3.0,3.0,2023-10-24,10,24,1,0,0,1,0,0,0,0,0,0,1
TXN_6188306,1.0,5.0,5.0,2023-10-26,10,26,3,0,0,0,1,0,0,0,0,1,1
TXN_6188394,5.0,3.0,15.0,2023-10-05,10,5,3,0,0,1,0,0,0,0,1,0,0
TXN_6188931,5.0,3.0,15.0,2023-01-28,1,28,5,0,0,0,0,0,0,0,0,1,0
TXN_6189334,1.0,4.0,4.0,2023-01-12,1,12,3,0,0,0,0,1,0,0,0,0,0
TXN_6189486,5.0,4.0,20.0,2023-03-23,3,23,3,0,0,0,0,1,0,0,0,1,1
TXN_6190857,1.0,1.5,1.5,2023-10-14,10,14,5,0,0,0,0,0,0,1,0,1,0
TXN_6191123,2.0,1.0,2.0,2023-03-01,3,1,2,0,1,0,0,0,0,0,0,1,1
TXN_6191769,1.0,5.0,5.0,2023-05-17,5,17,2,0,0,0,1,0,0,0,1,0,1
TXN_6193929,5.0,3.0,15.0,2023-06-20,6,20,1,0,0,1,0,0,0,0,0,1,1
TXN_6196052,5.0,4.0,20.0,2023-04-07,4,7,4,0,0,0,0,0,1,0,0,0,1
TXN_6198799,1.0,5.0,5.0,2023-05-27,5,27,5,0,0,0,1,0,0,0,0,1,0
TXN_6199016,1.0,3.0,3.0,2023-02-14,2,14,1,0,0,1,0,0,0,0,0,1,0
TXN_6200423,1.0,1.0,1.0,2023-02-03,2,3,4,0,1,0,0,0,0,0,0,1,0
TXN_6200609,5.0,5.0,25.0,2023-04-12,4,12,2,0,0,0,1,0,0,0,0,1,1
TXN_6201227,2.0,5.0,10.0,2023-01-15,1,15,6,0,0,0,1,0,0,0,0,0,1
TXN_6202015,2.0,1.0,2.0,2023-08-22,8,22,1,0,1,0,0,0,0,0,1,0,1
TXN_6202035,2.0,1.5,3.0,2023-09-06,9,6,2,0,0,0,0,0,0,1,0,1,0
TXN_6202631,2.0,1.5,3.0,2023-07-29,7,29,5,0,0,0,0,0,0,1,0,1,1
TXN_6204081,1.0,3.0,3.0,2023-07-12,7,12,2,0,0,0,0,0,0,0,0,1,1
TXN_6205234,5.0,3.0,15.0,2023-04-09,4,9,6,0,0,0,0,0,0,0,0,1,1
TXN_6206171,1.0,3.0,3.0,2023-03-19,3,19,6,0,0,0,0,0,0,0,0,1,1
TXN_6206421,2.0,4.0,8.0,2023-04-06,4,6,3,0,0,0,0,1,0,0,0,1,0
TXN_6206679,1.0,1.5,1.5,2023-05-01,5,1,0,0,0,0,0,0,0,1,0,0,0
TXN_6206792,4.0,1.5,6.0,2023-10-13,10,13,4,0,0,0,0,0,0,1,1,0,1
TXN_6208034,1.0,3.0,3.0,2023-08-29,8,29,1,0,0,0,0,0,0,0,0,1,1
TXN_6209258,1.0,3.0,3.0,2023-03-06,3,6,0,0,0,1,0,0,0,0,1,0,0
TXN_6211466,2.0,1.5,3.0,2023-09-12,9,12,1,0,0,0,0,0,0,1,0,0,0
TXN_6212975,1.0,4.0,4.0,2023-06-08,6,8,3,0,0,0,0,0,1,0,1,0,1
TXN_6215303,4.0,5.0,20.0,2023-08-20,8,20,6,0,0,0,1,0,0,0,0,1,1
TXN_6216278,4.0,2.0,8.0,2023-11-06,11,6,0,1,0,0,0,0,0,0,1,0,0
TXN_6217375,5.0,4.0,20.0,2023-12-07,12,7,3,0,0,0,0,0,1,0,0,0,0
TXN_6218380,4.0,1.0,4.0,2023-02-07,2,7,1,0,1,0,0,0,0,0,0,0,0
TXN_6219454,1.0,1.5,1.5,2023-11-14,11,14,1,0,0,0,0,0,0,1,0,0,0
TXN_6219634,1.0,5.0,5.0,2023-09-11,9,11,0,0,0,0,1,0,0,0,0,0,1
TXN_6219977,2.0,1.0,2.0,2023-12-17,12,17,6,0,1,0,0,0,0,0,1,0,1
TXN_6220280,1.0,1.5,1.5,2023-02-15,2,15,2,0,0,0,0,0,0,1,1,0,1
TXN_6220542,3.0,3.0,9.0,2023-03-24,3,24,4,0,0,1,0,0,0,0,0,1,1
TXN_6221348,1.0,4.0,4.0,2023-03-28,3,28,1,0,0,0,0,1,0,0,1,0,1
TXN_6223157,1.0,5.0,5.0,2023-09-13,9,13,2,0,0,0,1,0,0,0,0,1,1
TXN_6223786,5.0,3.0,15.0,2023-07-05,7,5,2,0,0,0,0,0,0,0,0,0,0
TXN_6224451,1.0,4.0,4.0,2023-03-19,3,19,6,0,0,0,0,1,0,0,1,0,0
TXN_6225305,1.0,3.0,3.0,2023-05-05,5,5,4,0,0,0,0,0,0,0,0,0,1
TXN_6225571,2.0,4.0,8.0,2023-09-13,9,13,2,0,0,0,0,0,1,0,1,0,1
TXN_6226412,3.0,3.0,9.0,2023-03-20,3,20,0,0,0,1,0,0,0,0,0,1,1
TXN_6226704,4.0,2.0,8.0,2023-09-07,9,7,3,1,0,0,0,0,0,0,0,1,0
TXN_6228313,4.0,3.0,12.0,2023-01-24,1,24,1,0,0,1,0,0,0,0,0,0,1
TXN_6228847,3.0,4.0,12.0,2023-01-13,1,13,4,0,0,0,0,0,1,0,0,0,0
TXN_6228999,5.0,1.0,5.0,2023-02-07,2,7,1,0,1,0,0,0,0,0,0,1,0
TXN_6231475,2.0,5.0,10.0,2023-03-18,3,18,5,0,0,0,1,0,0,0,1,0,0
TXN_6232398,2.0,3.0,6.0,2023-07-05,7,5,2,0,0,1,0,0,0,0,0,0,0
TXN_6233021,5.0,3.0,15.0,2023-12-22,12,22,4,0,0,1,0,0,0,0,0,1,1
TXN_6234070,2.0,4.0,8.0,2023-01-31,1,31,1,0,0,0,0,0,1,0,1,0,1
TXN_6234838,5.0,3.0,15.0,2023-10-30,10,30,0,0,0,1,0,0,0,0,0,1,0
TXN_6234872,1.0,4.0,4.0,2023-12-23,12,23,5,0,0,0,0,0,1,0,1,0,1
TXN_6234882,4.0,1.0,4.0,2023-01-01,1,1,6,0,1,0,0,0,0,0,1,0,0
TXN_6235329,2.0,5.0,10.0,2023-10-11,10,11,2,0,0,0,1,0,0,0,0,1,0
TXN_6236737,5.0,3.0,15.0,2023-03-19,3,19,6,0,0,1,0,0,0,0,0,0,0
TXN_6236864,2.0,1.5,3.0,2023-08-17,8,17,3,0,0,0,0,0,0,1,0,1,0
TXN_6238191,4.0,4.0,16.0,2023-10-27,10,27,4,0,0,0,0,0,1,0,0,1,0
TXN_6241505,4.0,4.0,16.0,2023-11-20,11,20,0,0,0,0,0,0,1,0,0,0,1
TXN_6241682,3.0,4.0,12.0,2023-09-07,9,7,3,0,0,0,0,1,0,0,0,1,0
TXN_6242107,3.0,2.0,6.0,2023-11-14,11,14,1,1,0,0,0,0,0,0,0,0,1
TXN_6243479,5.0,4.0,20.0,2023-09-18,9,18,0,0,0,0,0,1,0,0,0,1,0
TXN_6243519,3.0,2.0,6.0,2023-03-03,3,3,4,1,0,0,0,0,0,0,0,0,1
TXN_6244211,2.0,4.0,8.0,2023-08-11,8,11,4,0,0,0,0,0,1,0,0,1,1
TXN_6244602,5.0,3.0,15.0,2023-05-06,5,6,5,0,0,0,0,0,0,0,0,1,1
TXN_6246494,3.0,2.0,6.0,2023-03-31,3,31,4,1,0,0,0,0,0,0,0,1,0
TXN_6249023,1.0,3.0,3.0,2023-11-03,11,3,4,0,0,1,0,0,0,0,1,0,1
TXN_6249754,1.0,4.0,4.0,2023-10-21,10,21,5,0,0,0,0,0,1,0,1,0,1
TXN_6250692,1.0,4.0,4.0,2023-09-01,9,1,4,0,0,0,0,1,0,0,1,0,1
TXN_6251282,4.0,3.0,12.0,2023-11-15,11,15,2,0,0,1,0,0,0,0,0,0,0
TXN_6254003,2.0,5.0,10.0,2023-11-02,11,2,3,0,0,0,1,0,0,0,0,1,1
TXN_6257213,5.0,3.0,15.0,2023-12-12,12,12,1,0,0,1,0,0,0,0,0,0,1
TXN_6257776,5.0,3.0,15.0,2023-10-28,10,28,5,0,0,1,0,0,0,0,0,0,0
TXN_6258276,5.0,4.0,20.0,2023-01-29,1,29,6,0,0,0,0,1,0,0,1,0,1
TXN_6258471,5.0,2.0,10.0,2023-09-23,9,23,5,1,0,0,0,0,0,0,0,1,0
TXN_6259001,4.0,1.5,6.0,2023-01-30,1,30,0,0,0,0,0,0,0,1,0,1,0
TXN_6259087,2.0,4.0,8.0,2023-12-27,12,27,2,0,0,0,0,1,0,0,0,1,0
TXN_6259827,2.0,3.0,6.0,2023-06-14,6,14,2,0,0,0,0,0,0,0,1,0,1
TXN_6262910,4.0,3.0,12.0,2023-07-02,7,2,6,0,0,0,0,0,0,0,0,0,1
TXN_6264113,4.0,2.0,8.0,2023-12-02,12,2,5,1,0,0,0,0,0,0,0,1,0
TXN_6264390,2.0,4.0,8.0,2023-06-29,6,29,3,0,0,0,0,1,0,0,0,0,1
TXN_6265760,1.0,3.0,3.0,2023-06-21,6,21,2,0,0,0,0,0,0,0,1,0,1
TXN_6265785,5.0,5.0,25.0,2023-08-26,8,26,5,0,0,0,1,0,0,0,1,0,1
TXN_6266017,4.0,1.0,4.0,2023-09-28,9,28,3,0,1,0,0,0,0,0,0,1,0
TXN_6266147,3.0,3.0,9.0,2023-01-31,1,31,1,0,0,1,0,0,0,0,1,0,0
TXN_6266750,1.0,4.0,4.0,2023-04-21,4,21,4,0,0,0,0,1,0,0,0,0,0
TXN_6268823,2.0,4.0,8.0,2023-04-18,4,18,1,0,0,0,0,0,1,0,0,1,1
TXN_6269119,2.0,3.0,6.0,2023-07-19,7,19,2,0,0,0,0,0,0,0,0,1,1
TXN_6269306,5.0,4.0,20.0,2023-08-29,8,29,1,0,0,0,0,0,1,0,1,0,1
TXN_6269540,3.0,4.0,12.0,2023-12-06,12,6,2,0,0,0,0,1,0,0,0,1,0
TXN_6270766,1.0,1.0,1.0,2023-11-10,11,10,4,0,1,0,0,0,0,0,0,0,0
TXN_6271219,3.0,4.0,12.0,2023-06-07,6,7,2,0,0,0,0,1,0,0,0,0,1
TXN_6271598,5.0,3.0,15.0,2023-08-18,8,18,4,0,0,1,0,0,0,0,0,0,1
TXN_6271633,2.0,3.0,6.0,2023-03-07,3,7,1,0,0,1,0,0,0,0,0,1,0
TXN_6272473,4.0,2.0,8.0,2023-03-06,3,6,0,1,0,0,0,0,0,0,0,0,1
TXN_6272674,3.0,2.0,6.0,2023-09-12,9,12,1,1,0,0,0,0,0,0,0,0,0
TXN_6272908,3.0,3.0,9.0,2023-12-01,12,1,4,0,0,1,0,0,0,0,0,0,1
TXN_6273431,2.0,3.0,6.0,2023-04-05,4,5,2,0,0,1,0,0,0,0,0,1,0
TXN_6273703,2.0,1.5,3.0,2023-12-24,12,24,6,0,0,0,0,0,0,1,1,0,0
TXN_6276679,3.0,1.0,3.0,2023-11-08,11,8,2,0,1,0,0,0,0,0,0,1,1
TXN_6277500,4.0,2.0,8.0,2023-01-09,1,9,0,1,0,0,0,0,0,0,1,0,1
TXN_6279736,1.0,5.0,5.0,2023-08-25,8,25,4,0,0,0,1,0,0,0,0,1,0
TXN_6280724,3.0,2.0,6.0,2023-05-02,5,2,1,1,0,0,0,0,0,0,1,0,1
TXN_6281616,4.0,2.0,8.0,2023-08-19,8,19,5,1,0,0,0,0,0,0,0,1,1
TXN_6281959,4.0,1.5,6.0,2023-03-16,3,16,3,0,0,0,0,0,0,1,0,1,0
TXN_6283718,3.0,4.0,12.0,2023-07-20,7,20,3,0,0,0,0,0,1,0,0,1,1
TXN_6287890,5.0,1.5,7.5,2023-02-07,2,7,1,0,0,0,0,0,0,1,1,0,1
TXN_6289180,1.0,3.0,3.0,2023-03-14,3,14,1,0,0,1,0,0,0,0,0,0,0
TXN_6289610,3.0,3.0,9.0,2023-08-07,8,7,0,0,0,1,0,0,0,0,0,0,1
TXN_6290642,4.0,2.0,8.0,2023-12-23,12,23,5,1,0,0,0,0,0,0,0,1,1
TXN_6293225,4.0,3.0,12.0,2023-07-02,7,2,6,0,0,0,0,0,0,0,0,0,0
TXN_6294315,2.0,1.0,2.0,2023-04-04,4,4,1,0,1,0,0,0,0,0,0,1,0
TXN_6295047,4.0,1.5,6.0,2023-09-06,9,6,2,0,0,0,0,0,0,1,0,1,0
TXN_6295420,1.0,3.0,3.0,2023-09-27,9,27,2,0,0,1,0,0,0,0,0,1,1
TXN_6297232,2.0,2.0,4.0,2023-04-07,4,7,4,1,0,0,0,0,0,0,0,1,1
TXN_6297375,5.0,2.0,10.0,2023-07-16,7,16,6,1,0,0,0,0,0,0,1,0,1
TXN_6300001,1.0,1.5,1.5,2023-06-07,6,7,2,0,0,0,0,0,0,1,0,1,0
TXN_6301600,4.0,3.0,12.0,2023-02-28,2,28,1,0,0,1,0,0,0,0,0,1,0
TXN_6303383,4.0,3.0,12.0,2023-09-22,9,22,4,0,0,0,0,0,0,0,0,1,0
TXN_6304285,5.0,3.0,15.0,2023-11-16,11,16,3,0,0,0,0,0,0,0,0,1,1
TXN_6305420,3.0,1.0,3.0,2023-06-17,6,17,5,0,1,0,0,0,0,0,0,1,0
TXN_6306555,1.0,4.0,4.0,2023-04-12,4,12,2,0,0,0,0,0,1,0,0,1,1
TXN_6306644,2.0,3.0,6.0,2023-06-15,6,15,3,0,0,0,0,0,0,0,0,1,1
TXN_6306655,4.0,1.0,4.0,2023-01-22,1,22,6,0,1,0,0,0,0,0,0,1,1
TXN_6308974,4.0,1.0,4.0,2023-10-02,10,2,0,0,1,0,0,0,0,0,0,0,0
TXN_6309570,1.0,4.0,4.0,2023-09-26,9,26,1,0,0,0,0,0,1,0,0,1,0
TXN_6309965,5.0,3.0,15.0,2023-06-14,6,14,2,0,0,0,0,0,0,0,0,1,1
TXN_6310726,3.0,1.0,3.0,2023-03-30,3,30,3,0,1,0,0,0,0,0,1,0,1
TXN_6310896,1.0,4.0,4.0,2023-05-01,5,1,0,0,0,0,0,1,0,0,0,1,0
TXN_6311602,3.0,3.0,9.0,2023-05-15,5,15,0,0,0,1,0,0,0,0,1,0,0
TXN_6312039,5.0,3.0,15.0,2023-09-29,9,29,4,0,0,0,0,0,0,0,0,1,0
TXN_6312755,2.0,4.0,8.0,2023-02-11,2,11,5,0,0,0,0,1,0,0,1,0,0
TXN_6313325,5.0,1.0,5.0,2023-07-07,7,7,4,0,1,0,0,0,0,0,0,0,1
TXN_6315475,2.0,2.0,4.0,2023-09-23,9,23,5,1,0,0,0,0,0,0,0,1,1
TXN_6315590,5.0,1.5,7.5,2023-10-04,10,4,2,0,0,0,0,0,0,1,0,0,0
TXN_6316959,2.0,1.5,3.0,2023-11-10,11,10,4,0,0,0,0,0,0,1,0,0,0
TXN_6317991,5.0,1.0,5.0,2023-03-03,3,3,4,0,1,0,0,0,0,0,0,1,0
TXN_6318017,3.0,1.5,4.5,2023-06-23,6,23,4,0,0,0,0,0,0,1,0,0,0
TXN_6319728,2.0,2.0,4.0,2023-07-18,7,18,1,1,0,0,0,0,0,0,1,0,0
TXN_6320502,4.0,3.0,12.0,2023-08-16,8,16,2,0,0,1,0,0,0,0,1,0,1
TXN_6321174,4.0,1.5,6.0,2023-12-09,12,9,5,0,0,0,0,0,0,1,0,1,0
TXN_6323914,1.0,3.0,3.0,2023-03-19,3,19,6,0,0,1,0,0,0,0,1,0,0
TXN_6323915,3.0,1.5,4.5,2023-02-09,2,9,3,0,0,0,0,0,0,1,1,0,0
TXN_6324434,4.0,2.0,8.0,2023-12-04,12,4,0,1,0,0,0,0,0,0,0,0,1
TXN_6324687,1.0,4.0,4.0,2023-03-03,3,3,4,0,0,0,0,0,1,0,1,0,1
TXN_6324818,5.0,5.0,25.0,2023-06-26,6,26,0,0,0,0,1,0,0,0,0,1,1
TXN_6325639,3.0,3.0,9.0,2023-07-19,7,19,2,0,0,1,0,0,0,0,0,1,0
TXN_6327785,3.0,1.5,4.5,2023-11-20,11,20,0,0,0,0,0,0,0,1,1,0,1
TXN_6328925,4.0,5.0,20.0,2023-09-05,9,5,1,0,0,0,1,0,0,0,1,0,0
TXN_6330369,1.0,3.0,3.0,2023-01-25,1,25,2,0,0,1,0,0,0,0,0,1,1
TXN_6332405,3.0,3.0,9.0,2023-12-03,12,3,6,0,0,1,0,0,0,0,0,1,1
TXN_6333241,2.0,2.0,4.0,2023-09-15,9,15,4,1,0,0,0,0,0,0,0,1,1
TXN_6334895,1.0,4.0,4.0,2023-07-27,7,27,3,0,0,0,0,0,1,0,1,0,1
TXN_6335297,3.0,3.0,9.0,2023-10-16,10,16,0,0,0,0,0,0,0,0,0,1,1
TXN_6335423,2.0,2.0,4.0,2023-06-18,6,18,6,1,0,0,0,0,0,0,1,0,0
TXN_6335909,4.0,5.0,20.0,2023-06-21,6,21,2,0,0,0,1,0,0,0,0,1,0
TXN_6336973,4.0,2.0,8.0,2023-03-21,3,21,1,1,0,0,0,0,0,0,0,1,1
TXN_6337189,1.0,3.0,3.0,2023-04-11,4,11,1,0,0,0,0,0,0,0,0,1,1
TXN_6337312,1.0,5.0,5.0,2023-01-11,1,11,2,0,0,0,1,0,0,0,0,1,0
TXN_6342161,5.0,5.0,25.0,2023-01-08,1,8,6,0,0,0,1,0,0,0,0,1,1
TXN_6343367,2.0,3.0,6.0,2023-09-17,9,17,6,0,0,1,0,0,0,0,0,0,0
TXN_6344003,1.0,3.0,3.0,2023-12-22,12,22,4,0,0,0,0,0,0,0,0,1,0
TXN_6344806,3.0,3.0,9.0,2023-05-08,5,8,0,0,0,1,0,0,0,0,1,0,1
TXN_6345619,5.0,3.0,15.0,2023-12-09,12,9,5,0,0,0,0,0,0,0,0,1,1
TXN_6345691,5.0,4.0,20.0,2023-09-03,9,3,6,0,0,0,0,0,1,0,1,0,1
TXN_6345733,1.0,2.0,2.0,2023-11-26,11,26,6,1,0,0,0,0,0,0,1,0,0
TXN_6346483,1.0,2.0,2.0,2023-06-08,6,8,3,1,0,0,0,0,0,0,1,0,0
TXN_6347472,1.0,1.5,1.5,2023-03-22,3,22,2,0,0,0,0,0,0,1,0,1,0
TXN_6347482,2.0,1.5,3.0,2023-07-10,7,10,0,0,0,0,0,0,0,1,0,1,0
TXN_6347567,5.0,3.0,15.0,2023-03-31,3,31,4,0,0,1,0,0,0,0,0,0,0
TXN_6347670,2.0,1.5,3.0,2023-06-24,6,24,5,0,0,0,0,0,0,1,0,1,0
TXN_6348290,4.0,2.0,8.0,2023-01-24,1,24,1,1,0,0,0,0,0,0,0,0,0
TXN_6348409,3.0,5.0,15.0,2023-07-26,7,26,2,0,0,0,1,0,0,0,1,0,1
TXN_6349424,5.0,4.0,20.0,2023-02-24,2,24,4,0,0,0,0,1,0,0,0,0,1
TXN_6349916,1.0,5.0,5.0,2023-07-09,7,9,6,0,0,0,1,0,0,0,0,0,0
TXN_6352917,5.0,5.0,25.0,2023-05-05,5,5,4,0,0,0,1,0,0,0,0,0,1
TXN_6355620,1.0,1.0,1.0,2023-06-18,6,18,6,0,1,0,0,0,0,0,0,0,1
TXN_6355908,3.0,4.0,12.0,2023-03-28,3,28,1,0,0,0,0,1,0,0,1,0,0
TXN_6359031,1.0,2.0,2.0,2023-02-28,2,28,1,1,0,0,0,0,0,0,0,1,1
TXN_6359281,2.0,2.0,4.0,2023-09-16,9,16,5,1,0,0,0,0,0,0,1,0,1
TXN_6359777,5.0,4.0,20.0,2023-01-13,1,13,4,0,0,0,0,1,0,0,0,1,0
TXN_6360132,4.0,4.0,16.0,2023-09-16,9,16,5,0,0,0,0,1,0,0,0,0,1
TXN_6360436,2.0,3.0,6.0,2023-09-13,9,13,2,0,0,0,0,0,0,0,0,1,1
TXN_6361593,4.0,4.0,16.0,2023-08-29,8,29,1,0,0,0,0,1,0,0,0,1,1
TXN_6361661,2.0,4.0,8.0,2023-11-05,11,5,6,0,0,0,0,0,1,0,0,0,0
TXN_6361856,5.0,1.0,5.0,2023-05-11,5,11,3,0,1,0,0,0,0,0,0,1,1
TXN_6362093,3.0,2.0,6.0,2023-03-19,3,19,6,1,0,0,0,0,0,0,1,0,1
TXN_6363733,1.0,1.5,1.5,2023-10-25,10,25,2,0,0,0,0,0,0,1,0,1,1
TXN_6363897,5.0,5.0,25.0,2023-11-26,11,26,6,0,0,0,1,0,0,0,1,0,1
TXN_6364938,3.0,2.0,6.0,2023-07-16,7,16,6,1,0,0,0,0,0,0,0,1,0
TXN_6365371,2.0,4.0,8.0,2023-06-16,6,16,4,0,0,0,0,1,0,0,1,0,1
TXN_6367976,1.0,3.0,3.0,2023-10-16,10,16,0,0,0,1,0,0,0,0,0,1,0
TXN_6368719,4.0,3.0,12.0,2023-01-03,1,3,1,0,0,0,0,0,0,0,1,0,1
TXN_6369590,5.0,5.0,25.0,2023-10-26,10,26,3,0,0,0,1,0,0,0,0,1,1
TXN_6369875,5.0,1.5,7.5,2023-10-04,10,4,2,0,0,0,0,0,0,1,0,0,0
TXN_6370625,3.0,4.0,12.0,2023-08-26,8,26,5,0,0,0,0,1,0,0,1,0,0
TXN_6371264,5.0,4.0,20.0,2023-02-27,2,27,0,0,0,0,0,0,1,0,0,0,1
TXN_6371987,5.0,1.5,7.5,2023-03-13,3,13,0,0,0,0,0,0,0,1,0,1,1
TXN_6372031,3.0,3.0,9.0,2023-08-11,8,11,4,0,0,1,0,0,0,0,0,1,0
TXN_6372515,1.0,1.0,1.0,2023-11-22,11,22,2,0,1,0,0,0,0,0,0,1,0
TXN_6373380,4.0,2.0,8.0,2023-07-21,7,21,4,1,0,0,0,0,0,0,0,0,0
TXN_6376175,4.0,3.0,12.0,2023-02-24,2,24,4,0,0,1,0,0,0,0,0,1,1
TXN_6376329,1.0,3.0,3.0,2023-03-30,3,30,3,0,0,0,0,0,0,0,1,0,1
TXN_6376630,2.0,3.0,6.0,2023-01-24,1,24,1,0,0,1,0,0,0,0,0,0,0
TXN_6377813,2.0,5.0,10.0,2023-08-07,8,7,0,0,0,0,1,0,0,0,1,0,1
TXN_6377838,2.0,3.0,6.0,2023-02-19,2,19,6,0,0,0,0,0,0,0,0,1,1
TXN_6378045,5.0,4.0,20.0,2023-05-07,5,7,6,0,0,0,0,1,0,0,0,1,0
TXN_6378070,3.0,4.0,12.0,2023-09-26,9,26,1,0,0,0,0,1,0,0,0,1,1
TXN_6378158,5.0,5.0,25.0,2023-06-17,6,17,5,0,0,0,1,0,0,0,1,0,0
TXN_6379692,5.0,1.0,5.0,2023-11-05,11,5,6,0,1,0,0,0,0,0,0,1,1
TXN_6380550,5.0,2.0,10.0,2023-01-05,1,5,3,1,0,0,0,0,0,0,0,0,0
TXN_6380636,5.0,2.0,10.0,2023-01-10,1,10,1,1,0,0,0,0,0,0,0,1,1
TXN_6380978,1.0,1.5,1.5,2023-12-31,12,31,6,0,0,0,0,0,0,1,0,0,1
TXN_6381860,1.0,2.0,2.0,2023-08-21,8,21,0,1,0,0,0,0,0,0,0,1,0
TXN_6382322,3.0,1.5,4.5,2023-12-14,12,14,3,0,0,0,0,0,0,1,0,1,0
TXN_6383336,2.0,3.0,6.0,2023-01-21,1,21,5,0,0,0,0,0,0,0,0,1,1
TXN_6383779,1.0,2.0,2.0,2023-11-29,11,29,2,1,0,0,0,0,0,0,0,1,1
TXN_6386388,3.0,1.5,4.5,2023-05-21,5,21,6,0,0,0,0,0,0,1,1,0,1
TXN_6386662,5.0,5.0,25.0,2023-12-04,12,4,0,0,0,0,1,0,0,0,1,0,1
TXN_6387334,5.0,4.0,20.0,2023-02-19,2,19,6,0,0,0,0,0,1,0,0,1,0
TXN_6387964,5.0,1.5,7.5,2023-08-07,8,7,0,0,0,0,0,0,0,1,0,1,0
TXN_6388107,3.0,3.0,9.0,2023-12-04,12,4,0,0,0,1,0,0,0,0,0,1,0
TXN_6389404,5.0,3.0,15.0,2023-11-20,11,20,0,0,0,1,0,0,0,0,0,1,0
TXN_6391414,4.0,4.0,16.0,2023-05-08,5,8,0,0,0,0,0,0,1,0,0,0,0
TXN_6392156,5.0,1.0,5.0,2023-11-12,11,12,6,0,1,0,0,0,0,0,1,0,1
TXN_6393305,5.0,5.0,25.0,2023-10-19,10,19,3,0,0,0,1,0,0,0,0,1,0
TXN_6395070,4.0,4.0,16.0,2023-12-10,12,10,6,0,0,0,0,0,1,0,1,0,0
TXN_6396940,2.0,1.0,2.0,2023-02-26,2,26,6,0,1,0,0,0,0,0,1,0,1
TXN_6397921,1.0,4.0,4.0,2023-12-01,12,1,4,0,0,0,0,0,1,0,0,1,0
TXN_6397944,5.0,5.0,25.0,2023-10-31,10,31,1,0,0,0,1,0,0,0,0,1,0
TXN_6398450,2.0,1.5,3.0,2023-11-19,11,19,6,0,0,0,0,0,0,1,0,1,0
TXN_6399545,4.0,4.0,16.0,2023-03-22,3,22,2,0,0,0,0,1,0,0,1,0,1
TXN_6400351,2.0,3.0,6.0,2023-08-11,8,11,4,0,0,1,0,0,0,0,0,1,1
TXN_6400461,4.0,2.0,8.0,2023-01-18,1,18,2,1,0,0,0,0,0,0,0,1,1
TXN_6401072,4.0,4.0,16.0,2023-07-28,7,28,4,0,0,0,0,0,1,0,0,0,1
TXN_6402128,4.0,4.0,16.0,2023-11-09,11,9,3,0,0,0,0,1,0,0,0,1,0
TXN_6403012,5.0,3.0,15.0,2023-07-23,7,23,6,0,0,1,0,0,0,0,0,0,0
TXN_6403859,5.0,4.0,20.0,2023-03-06,3,6,0,0,0,0,0,1,0,0,1,0,0
TXN_6403951,3.0,1.5,4.5,2023-07-13,7,13,3,0,0,0,0,0,0,1,1,0,1
TXN_6404625,5.0,3.0,15.0,2023-04-24,4,24,0,0,0,0,0,0,0,0,1,0,0
TXN_6404763,5.0,4.0,20.0,2023-11-13,11,13,0,0,0,0,0,1,0,0,0,1,1
TXN_6405088,1.0,3.0,3.0,2023-07-24,7,24,0,0,0,1,0,0,0,0,0,1,0
TXN_6405210,4.0,2.0,8.0,2023-08-11,8,11,4,1,0,0,0,0,0,0,0,0,1
TXN_6405258,2.0,1.5,3.0,2023-08-10,8,10,3,0,0,0,0,0,0,1,1,0,1
TXN_6405489,3.0,4.0,12.0,2023-05-04,5,4,3,0,0,0,0,1,0,0,1,0,1
TXN_6408024,3.0,1.0,3.0,2023-11-29,11,29,2,0,1,0,0,0,0,0,0,1,0
TXN_6410244,4.0,1.5,6.0,2023-01-06,1,6,4,0,0,0,0,0,0,1,1,0,1
TXN_6411385,4.0,5.0,20.0,2023-06-06,6,6,1,0,0,0,1,0,0,0,0,0,1
TXN_6411390,1.0,3.0,3.0,2023-09-07,9,7,3,0,0,1,0,0,0,0,0,0,0
TXN_6411708,4.0,2.0,8.0,2023-05-20,5,20,5,1,0,0,0,0,0,0,1,0,0
TXN_6411716,4.0,3.0,12.0,2023-02-25,2,25,5,0,0,0,0,0,0,0,1,0,0
TXN_6412590,1.0,5.0,5.0,2023-06-12,6,12,0,0,0,0,1,0,0,0,0,1,1
TXN_6413250,4.0,5.0,20.0,2023-12-02,12,2,5,0,0,0,1,0,0,0,0,0,1
TXN_6415784,3.0,5.0,15.0,2023-08-16,8,16,2,0,0,0,1,0,0,0,1,0,0
TXN_6416741,4.0,2.0,8.0,2023-12-03,12,3,6,1,0,0,0,0,0,0,0,0,1
TXN_6419317,4.0,4.0,16.0,2023-02-25,2,25,5,0,0,0,0,1,0,0,1,0,1
TXN_6419344,1.0,3.0,3.0,2023-05-26,5,26,4,0,0,1,0,0,0,0,0,0,0
TXN_6419668,3.0,4.0,12.0,2023-04-29,4,29,5,0,0,0,0,1,0,0,1,0,0
TXN_6420335,1.0,2.0,2.0,2023-07-16,7,16,6,1,0,0,0,0,0,0,0,0,1
TXN_6420900,3.0,1.5,4.5,2023-09-18,9,18,0,0,0,0,0,0,0,1,0,1,1
TXN_6420902,3.0,3.0,9.0,2023-11-22,11,22,2,0,0,0,0,0,0,0,1,0,1
TXN_6421134,4.0,4.0,16.0,2023-11-03,11,3,4,0,0,0,0,1,0,0,0,0,1
TXN_6421446,2.0,3.0,6.0,2023-09-17,9,17,6,0,0,0,0,0,0,0,0,0,1
TXN_6422433,5.0,4.0,20.0,2023-05-09,5,9,1,0,0,0,0,1,0,0,0,1,1
TXN_6422545,2.0,3.0,6.0,2023-11-03,11,3,4,0,0,1,0,0,0,0,1,0,1
TXN_6424195,3.0,2.0,6.0,2023-09-14,9,14,3,1,0,0,0,0,0,0,0,1,1
TXN_6424202,2.0,1.0,2.0,2023-11-20,11,20,0,0,1,0,0,0,0,0,1,0,0
TXN_6425706,1.0,3.0,3.0,2023-12-09,12,9,5,0,0,1,0,0,0,0,0,1,1
TXN_6425954,2.0,4.0,8.0,2023-03-28,3,28,1,0,0,0,0,1,0,0,1,0,0
TXN_6425991,1.0,5.0,5.0,2023-08-06,8,6,6,0,0,0,1,0,0,0,1,0,1
TXN_6428182,5.0,3.0,15.0,2023-11-10,11,10,4,0,0,0,0,0,0,0,0,0,0
TXN_6428404,2.0,5.0,10.0,2023-02-06,2,6,0,0,0,0,1,0,0,0,0,1,0
TXN_6428593,5.0,1.5,7.5,2023-09-06,9,6,2,0,0,0,0,0,0,1,1,0,0
TXN_6428745,1.0,3.0,3.0,2023-06-02,6,2,4,0,0,0,0,0,0,0,0,1,1
TXN_6430534,5.0,1.5,7.5,2023-01-29,1,29,6,0,0,0,0,0,0,1,0,0,1
TXN_6431215,1.0,3.0,3.0,2023-08-27,8,27,6,0,0,0,0,0,0,0,0,1,1
TXN_6431384,4.0,3.0,12.0,2023-08-06,8,6,6,0,0,1,0,0,0,0,0,1,0
TXN_6431703,1.0,4.0,4.0,2023-08-25,8,25,4,0,0,0,0,1,0,0,1,0,1
TXN_6433362,2.0,1.0,2.0,2023-12-07,12,7,3,0,1,0,0,0,0,0,0,0,0
TXN_6433525,2.0,4.0,8.0,2023-09-02,9,2,5,0,0,0,0,0,1,0,1,0,1
TXN_6434414,1.0,2.0,2.0,2023-03-10,3,10,4,1,0,0,0,0,0,0,0,1,1
TXN_6437055,1.0,3.0,3.0,2023-10-22,10,22,6,0,0,0,0,0,0,0,0,1,0
TXN_6437181,4.0,3.0,12.0,2023-04-10,4,10,0,0,0,1,0,0,0,0,1,0,1
TXN_6438869,5.0,3.0,15.0,2023-10-30,10,30,0,0,0,1,0,0,0,0,1,0,1
TXN_6438980,2.0,5.0,10.0,2023-11-10,11,10,4,0,0,0,1,0,0,0,1,0,1
TXN_6439579,5.0,1.5,7.5,2023-03-23,3,23,3,0,0,0,0,0,0,1,1,0,0
TXN_6440109,2.0,3.0,6.0,2023-09-09,9,9,5,0,0,0,0,0,0,0,0,1,0
TXN_6440365,2.0,4.0,8.0,2023-05-14,5,14,6,0,0,0,0,0,1,0,0,0,1
TXN_6440555,1.0,4.0,4.0,2023-07-11,7,11,1,0,0,0,0,0,1,0,0,0,0
TXN_6441337,5.0,2.0,10.0,2023-02-22,2,22,2,1,0,0,0,0,0,0,0,1,1
TXN_6441650,5.0,3.0,15.0,2023-09-06,9,6,2,0,0,0,0,0,0,0,0,1,1
TXN_6443522,4.0,4.0,16.0,2023-06-22,6,22,3,0,0,0,0,0,1,0,0,1,0
TXN_6444366,1.0,2.0,2.0,2023-08-19,8,19,5,1,0,0,0,0,0,0,0,1,1
TXN_6444911,5.0,3.0,15.0,2023-02-11,2,11,5,0,0,1,0,0,0,0,1,0,0
TXN_6446441,3.0,5.0,15.0,2023-02-18,2,18,5,0,0,0,1,0,0,0,0,1,1
TXN_6446616,3.0,1.5,4.5,2023-09-30,9,30,5,0,0,0,0,0,0,1,0,1,0
TXN_6450138,1.0,3.0,3.0,2023-04-13,4,13,3,0,0,0,0,0,0,0,1,0,1
TXN_6451043,2.0,1.0,2.0,2023-02-06,2,6,0,0,1,0,0,0,0,0,0,1,0
TXN_6451377,5.0,5.0,25.0,2023-03-19,3,19,6,0,0,0,1,0,0,0,1,0,1
TXN_6451595,2.0,3.0,6.0,2023-03-26,3,26,6,0,0,1,0,0,0,0,1,0,1
TXN_6451747,4.0,5.0,20.0,2023-05-23,5,23,1,0,0,0,1,0,0,0,0,0,0
TXN_6455325,4.0,3.0,12.0,2023-01-05,1,5,3,0,0,1,0,0,0,0,1,0,0
TXN_6455517,2.0,3.0,6.0,2023-08-04,8,4,4,0,0,0,0,0,0,0,0,0,1
TXN_6456008,5.0,5.0,25.0,2023-03-26,3,26,6,0,0,0,1,0,0,0,1,0,0
TXN_6457997,1.0,4.0,4.0,2023-12-12,12,12,1,0,0,0,0,1,0,0,1,0,1
TXN_6460409,3.0,5.0,15.0,2023-01-03,1,3,1,0,0,0,1,0,0,0,0,0,1
TXN_6463415,3.0,2.0,6.0,2023-04-12,4,12,2,1,0,0,0,0,0,0,0,1,0
TXN_6467414,3.0,1.5,4.5,2023-01-06,1,6,4,0,0,0,0,0,0,1,0,0,1
TXN_6467618,3.0,1.5,4.5,2023-10-12,10,12,3,0,0,0,0,0,0,1,0,1,1
TXN_6467796,5.0,2.0,10.0,2023-10-25,10,25,2,1,0,0,0,0,0,0,1,0,1
TXN_6469563,5.0,3.0,15.0,2023-03-04,3,4,5,0,0,1,0,0,0,0,1,0,1
TXN_6470865,4.0,2.0,8.0,2023-09-18,9,18,0,1,0,0,0,0,0,0,0,1,1
TXN_6471185,5.0,3.0,15.0,2023-03-17,3,17,4,0,0,1,0,0,0,0,0,1,0
TXN_6471268,5.0,4.0,20.0,2023-02-10,2,10,4,0,0,0,0,0,1,0,0,1,0
TXN_6471962,4.0,4.0,16.0,2023-09-21,9,21,3,0,0,0,0,1,0,0,0,0,1
TXN_6472242,1.0,4.0,4.0,2023-03-27,3,27,0,0,0,0,0,1,0,0,1,0,1
TXN_6472656,3.0,1.5,4.5,2023-11-25,11,25,5,0,0,0,0,0,0,1,0,0,1
TXN_6472826,4.0,3.0,12.0,2023-04-11,4,11,1,0,0,1,0,0,0,0,0,0,0
TXN_6474636,3.0,1.5,4.5,2023-10-25,10,25,2,0,0,0,0,0,0,1,0,0,0
TXN_6476204,5.0,4.0,20.0,2023-12-22,12,22,4,0,0,0,0,0,1,0,0,0,1
TXN_6476304,2.0,4.0,8.0,2023-03-17,3,17,4,0,0,0,0,1,0,0,1,0,0
TXN_6476719,5.0,3.0,15.0,2023-06-04,6,4,6,0,0,1,0,0,0,0,0,0,1
TXN_6478968,2.0,5.0,10.0,2023-09-12,9,12,1,0,0,0,1,0,0,0,0,1,1
TXN_6478978,3.0,3.0,9.0,2023-10-27,10,27,4,0,0,1,0,0,0,0,1,0,1
TXN_6479368,2.0,4.0,8.0,2023-09-08,9,8,4,0,0,0,0,0,1,0,1,0,1
TXN_6480646,2.0,1.5,3.0,2023-10-28,10,28,5,0,0,0,0,0,0,1,0,1,1
TXN_6481150,4.0,5.0,20.0,2023-03-30,3,30,3,0,0,0,1,0,0,0,0,1,0
TXN_6482262,3.0,3.0,9.0,2023-05-13,5,13,5,0,0,1,0,0,0,0,1,0,1
TXN_6482416,1.0,2.0,2.0,2023-07-20,7,20,3,1,0,0,0,0,0,0,0,1,0
TXN_6483589,3.0,3.0,9.0,2023-10-13,10,13,4,0,0,1,0,0,0,0,0,1,1
TXN_6484387,5.0,1.0,5.0,2023-11-23,11,23,3,0,1,0,0,0,0,0,0,0,1
TXN_6484542,5.0,5.0,25.0,2023-05-18,5,18,3,0,0,0,1,0,0,0,1,0,1
TXN_6486912,2.0,1.5,3.0,2023-05-10,5,10,2,0,0,0,0,0,0,1,0,1,1
TXN_6487003,4.0,2.0,8.0,2023-11-15,11,15,2,1,0,0,0,0,0,0,1,0,1
TXN_6487493,3.0,5.0,15.0,2023-03-13,3,13,0,0,0,0,1,0,0,0,0,0,0
TXN_6488040,1.0,5.0,5.0,2023-05-20,5,20,5,0,0,0,1,0,0,0,0,1,1
TXN_6490609,4.0,5.0,20.0,2023-03-03,3,3,4,0,0,0,1,0,0,0,0,1,0
TXN_6491662,2.0,2.0,4.0,2023-10-06,10,6,4,1,0,0,0,0,0,0,0,1,1
TXN_6492477,5.0,2.0,10.0,2023-02-03,2,3,4,1,0,0,0,0,0,0,0,1,1
TXN_6492919,3.0,3.0,9.0,2023-09-24,9,24,6,0,0,1,0,0,0,0,0,1,0
TXN_6494145,2.0,1.0,2.0,2023-08-18,8,18,4,0,1,0,0,0,0,0,0,0,0
TXN_6494265,2.0,2.0,4.0,2023-05-24,5,24,2,1,0,0,0,0,0,0,0,1,0
TXN_6494850,2.0,2.0,4.0,2023-07-08,7,8,5,1,0,0,0,0,0,0,0,0,0
TXN_6496099,5.0,2.0,10.0,2023-07-21,7,21,4,1,0,0,0,0,0,0,0,1,1
TXN_6496176,4.0,1.0,4.0,2023-07-26,7,26,2,0,1,0,0,0,0,0,0,1,0
TXN_6496379,1.0,4.0,4.0,2023-12-24,12,24,6,0,0,0,0,1,0,0,0,0,1
TXN_6496506,1.0,3.0,3.0,2023-01-11,1,11,2,0,0,1,0,0,0,0,0,1,0
TXN_6498163,5.0,4.0,20.0,2023-07-15,7,15,5,0,0,0,0,0,1,0,0,1,0
TXN_6498718,4.0,2.0,8.0,2023-03-18,3,18,5,1,0,0,0,0,0,0,0,1,1
TXN_6498876,3.0,4.0,12.0,2023-08-20,8,20,6,0,0,0,0,1,0,0,0,1,1
TXN_6499084,4.0,3.0,12.0,2023-03-15,3,15,2,0,0,0,0,0,0,0,1,0,1
TXN_6500713,3.0,1.0,3.0,2023-04-30,4,30,6,0,1,0,0,0,0,0,0,1,0
TXN_6501091,2.0,3.0,6.0,2023-05-07,5,7,6,0,0,1,0,0,0,0,0,1,1
TXN_6501361,5.0,5.0,25.0,2023-01-17,1,17,1,0,0,0,1,0,0,0,0,0,0
TXN_6503052,4.0,3.0,12.0,2023-04-21,4,21,4,0,0,1,0,0,0,0,0,1,1
TXN_6503526,5.0,1.0,5.0,2023-10-20,10,20,4,0,1,0,0,0,0,0,1,0,0
TXN_6503884,1.0,3.0,3.0,2023-05-28,5,28,6,0,0,1,0,0,0,0,0,0,0
TXN_6504096,5.0,5.0,25.0,2023-09-10,9,10,6,0,0,0,1,0,0,0,0,0,1
TXN_6504165,3.0,3.0,9.0,2023-02-13,2,13,0,0,0,1,0,0,0,0,0,0,1
TXN_6504180,1.0,4.0,4.0,2023-08-31,8,31,3,0,0,0,0,0,1,0,0,1,0
TXN_6505914,3.0,3.0,9.0,2023-01-27,1,27,4,0,0,0,0,0,0,0,0,1,1
TXN_6506895,5.0,3.0,15.0,2023-08-10,8,10,3,0,0,0,0,0,0,0,1,0,0
TXN_6507690,1.0,3.0,3.0,2023-01-30,1,30,0,0,0,1,0,0,0,0,0,1,0
TXN_6508674,2.0,3.0,6.0,2023-02-09,2,9,3,0,0,0,0,0,0,0,0,1,1
TXN_6511228,4.0,5.0,20.0,2023-11-01,11,1,2,0,0,0,1,0,0,0,1,0,1
TXN_6511482,3.0,1.5,4.5,2023-03-17,3,17,4,0,0,0,0,0,0,1,1,0,1
TXN_6513163,2.0,3.0,6.0,2023-04-01,4,1,5,0,0,0,0,0,0,0,0,1,1
TXN_6513435,3.0,3.0,9.0,2023-08-16,8,16,2,0,0,1,0,0,0,0,1,0,1
TXN_6515226,1.0,3.0,3.0,2023-01-05,1,5,3,0,0,1,0,0,0,0,0,1,1
TXN_6516391,2.0,3.0,6.0,2023-06-16,6,16,4,0,0,0,0,0,0,0,0,1,1
TXN_6519486,5.0,3.0,15.0,2023-02-05,2,5,6,0,0,0,0,0,0,0,0,1,1
TXN_6522252,2.0,1.5,3.0,2023-01-14,1,14,5,0,0,0,0,0,0,1,0,1,0
TXN_6522299,2.0,1.5,3.0,2023-08-29,8,29,1,0,0,0,0,0,0,1,0,0,0
TXN_6523635,2.0,5.0,10.0,2023-04-22,4,22,5,0,0,0,1,0,0,0,0,1,1
TXN_6526078,5.0,4.0,20.0,2023-11-07,11,7,1,0,0,0,0,1,0,0,0,0,1
TXN_6527482,1.0,3.0,3.0,2023-08-27,8,27,6,0,0,1,0,0,0,0,0,1,1
TXN_6529863,3.0,5.0,15.0,2023-08-16,8,16,2,0,0,0,1,0,0,0,1,0,1
TXN_6530795,1.0,1.0,1.0,2023-04-30,4,30,6,0,1,0,0,0,0,0,1,0,0
TXN_6530886,1.0,2.0,2.0,2023-10-21,10,21,5,1,0,0,0,0,0,0,1,0,0
TXN_6532452,5.0,4.0,20.0,2023-02-24,2,24,4,0,0,0,0,0,1,0,0,0,1
TXN_6532832,5.0,1.0,5.0,2023-06-23,6,23,4,0,1,0,0,0,0,0,0,0,0
TXN_6533180,5.0,2.0,10.0,2023-05-03,5,3,2,1,0,0,0,0,0,0,0,1,1
TXN_6533267,3.0,1.5,4.5,2023-07-14,7,14,4,0,0,0,0,0,0,1,0,0,0
TXN_6533450,1.0,4.0,4.0,2023-11-22,11,22,2,0,0,0,0,0,1,0,0,1,0
TXN_6533576,5.0,5.0,25.0,2023-08-14,8,14,0,0,0,0,1,0,0,0,0,0,0
TXN_6534833,4.0,5.0,20.0,2023-12-14,12,14,3,0,0,0,1,0,0,0,0,1,0
TXN_6536418,5.0,5.0,25.0,2023-02-11,2,11,5,0,0,0,1,0,0,0,1,0,0
TXN_6537449,2.0,5.0,10.0,2023-01-15,1,15,6,0,0,0,1,0,0,0,0,1,0
TXN_6538210,1.0,4.0,4.0,2023-12-29,12,29,4,0,0,0,0,0,1,0,0,1,0
TXN_6539480,5.0,3.0,15.0,2023-08-25,8,25,4,0,0,0,0,0,0,0,0,0,1
TXN_6540200,2.0,1.5,3.0,2023-10-23,10,23,0,0,0,0,0,0,0,1,0,1,0
TXN_6540267,2.0,5.0,10.0,2023-09-26,9,26,1,0,0,0,1,0,0,0,0,1,1
TXN_6540284,1.0,3.0,3.0,2023-04-24,4,24,0,0,0,1,0,0,0,0,0,1,1
TXN_6540415,5.0,3.0,15.0,2023-05-27,5,27,5,0,0,0,0,0,0,0,0,1,1
TXN_6540946,4.0,3.0,12.0,2023-10-08,10,8,6,0,0,1,0,0,0,0,0,1,0
TXN_6541110,3.0,1.0,3.0,2023-12-30,12,30,5,0,1,0,0,0,0,0,0,0,0
TXN_6541284,4.0,1.5,6.0,2023-03-01,3,1,2,0,0,0,0,0,0,1,0,0,1
TXN_6541329,2.0,1.0,2.0,2023-09-28,9,28,3,0,1,0,0,0,0,0,0,0,1
TXN_6541415,4.0,3.0,12.0,2023-11-25,11,25,5,0,0,0,0,0,0,0,0,0,0
TXN_6541659,3.0,4.0,12.0,2023-01-29,1,29,6,0,0,0,0,1,0,0,0,1,1
TXN_6541809,3.0,1.5,4.5,2023-05-01,5,1,0,0,0,0,0,0,0,1,0,1,1
TXN_6542877,1.0,3.0,3.0,2023-12-06,12,6,2,0,0,1,0,0,0,0,0,1,0
TXN_6543164,2.0,1.5,3.0,2023-07-10,7,10,0,0,0,0,0,0,0,1,0,1,0
TXN_6543620,2.0,1.0,2.0,2023-04-08,4,8,5,0,1,0,0,0,0,0,0,0,1
TXN_6544160,1.0,5.0,5.0,2023-02-05,2,5,6,0,0,0,1,0,0,0,0,1,1
TXN_6546131,4.0,2.0,8.0,2023-06-26,6,26,0,1,0,0,0,0,0,0,1,0,0
TXN_6547896,3.0,2.0,6.0,2023-03-02,3,2,3,1,0,0,0,0,0,0,0,1,1
TXN_6549132,5.0,5.0,25.0,2023-12-05,12,5,1,0,0,0,1,0,0,0,0,1,1
TXN_6549359,3.0,1.5,4.5,2023-04-21,4,21,4,0,0,0,0,0,0,1,0,0,1
TXN_6550460,5.0,4.0,20.0,2023-03-15,3,15,2,0,0,0,0,1,0,0,0,1,1
TXN_6550707,1.0,2.0,2.0,2023-03-01,3,1,2,1,0,0,0,0,0,0,0,1,1
TXN_6551087,1.0,4.0,4.0,2023-05-02,5,2,1,0,0,0,0,0,1,0,1,0,0
TXN_6552269,4.0,3.0,12.0,2023-04-29,4,29,5,0,0,1,0,0,0,0,0,0,1
TXN_6553720,4.0,2.0,8.0,2023-02-02,2,2,3,1,0,0,0,0,0,0,0,1,0
TXN_6554101,3.0,4.0,12.0,2023-02-15,2,15,2,0,0,0,0,0,1,0,0,1,1
TXN_6555617,2.0,5.0,10.0,2023-12-27,12,27,2,0,0,0,1,0,0,0,0,1,1
TXN_6557174,4.0,5.0,20.0,2023-08-20,8,20,6,0,0,0,1,0,0,0,1,0,0
TXN_6557825,3.0,1.5,4.5,2023-05-07,5,7,6,0,0,0,0,0,0,1,0,1,0
TXN_6559173,5.0,4.0,20.0,2023-08-09,8,9,2,0,0,0,0,0,1,0,0,0,1
TXN_6559598,1.0,3.0,3.0,2023-05-08,5,8,0,0,0,1,0,0,0,0,0,1,1
TXN_6564856,5.0,1.5,7.5,2023-02-16,2,16,3,0,0,0,0,0,0,1,0,1,1
TXN_6565955,3.0,2.0,6.0,2023-12-29,12,29,4,1,0,0,0,0,0,0,0,1,0
TXN_6566716,1.0,2.0,2.0,2023-01-01,1,1,6,1,0,0,0,0,0,0,1,0,0
TXN_6567880,5.0,4.0,20.0,2023-08-15,8,15,1,0,0,0,0,1,0,0,1,0,1
TXN_6568254,2.0,5.0,10.0,2023-02-09,2,9,3,0,0,0,1,0,0,0,1,0,0
TXN_6568307,1.0,2.0,2.0,2023-07-16,7,16,6,1,0,0,0,0,0,0,0,0,0
TXN_6568440,1.0,1.0,1.0,2023-06-15,6,15,3,0,1,0,0,0,0,0,0,1,1
TXN_6568536,1.0,3.0,3.0,2023-12-29,12,29,4,0,0,0,0,0,0,0,0,0,0
TXN_6568978,3.0,3.0,9.0,2023-03-12,3,12,6,0,0,0,0,0,0,0,0,1,0
TXN_6569656,5.0,1.0,5.0,2023-02-28,2,28,1,0,1,0,0,0,0,0,0,0,1
TXN_6571288,2.0,4.0,8.0,2023-10-23,10,23,0,0,0,0,0,1,0,0,1,0,0
TXN_6571385,4.0,1.5,6.0,2023-01-06,1,6,4,0,0,0,0,0,0,1,0,0,1
TXN_6571440,2.0,4.0,8.0,2023-01-18,1,18,2,0,0,0,0,0,1,0,0,1,1
TXN_6571898,3.0,3.0,9.0,2023-02-02,2,2,3,0,0,1,0,0,0,0,0,1,1
TXN_6572164,4.0,1.0,4.0,2023-01-15,1,15,6,0,1,0,0,0,0,0,1,0,1
TXN_6574910,1.0,1.0,1.0,2023-09-13,9,13,2,0,1,0,0,0,0,0,0,1,0
TXN_6575440,1.0,1.5,1.5,2023-02-05,2,5,6,0,0,0,0,0,0,1,0,0,1
TXN_6575599,5.0,2.0,10.0,2023-10-09,10,9,0,1,0,0,0,0,0,0,0,1,1
TXN_6576987,3.0,5.0,15.0,2023-03-12,3,12,6,0,0,0,1,0,0,0,1,0,1
TXN_6577035,2.0,4.0,8.0,2023-05-20,5,20,5,0,0,0,0,0,1,0,0,1,0
TXN_6577619,3.0,5.0,15.0,2023-07-22,7,22,5,0,0,0,1,0,0,0,1,0,0
TXN_6579109,1.0,3.0,3.0,2023-02-22,2,22,2,0,0,1,0,0,0,0,1,0,1
TXN_6579974,5.0,4.0,20.0,2023-05-10,5,10,2,0,0,0,0,1,0,0,0,1,0
TXN_6580743,1.0,2.0,2.0,2023-12-18,12,18,0,1,0,0,0,0,0,0,0,1,1
TXN_6581437,5.0,2.0,10.0,2023-10-23,10,23,0,1,0,0,0,0,0,0,0,1,1
TXN_6581580,3.0,2.0,6.0,2023-06-18,6,18,6,1,0,0,0,0,0,0,0,1,0
TXN_6584150,5.0,3.0,15.0,2023-10-27,10,27,4,0,0,1,0,0,0,0,1,0,0
TXN_6585794,5.0,4.0,20.0,2023-02-15,2,15,2,0,0,0,0,0,1,0,1,0,0
TXN_6587151,4.0,4.0,16.0,2023-10-07,10,7,5,0,0,0,0,0,1,0,1,0,1
TXN_6587399,1.0,4.0,4.0,2023-08-08,8,8,1,0,0,0,0,0,1,0,0,1,1
TXN_6587628,5.0,2.0,10.0,2023-05-09,5,9,1,1,0,0,0,0,0,0,0,1,0
TXN_6588156,4.0,3.0,12.0,2023-04-14,4,14,4,0,0,0,0,0,0,0,1,0,0
TXN_6589078,3.0,1.5,4.5,2023-08-03,8,3,3,0,0,0,0,0,0,1,0,1,1
TXN_6591736,4.0,2.0,8.0,2023-06-21,6,21,2,1,0,0,0,0,0,0,0,1,1
TXN_6591756,5.0,1.0,5.0,2023-03-09,3,9,3,0,1,0,0,0,0,0,0,1,1
TXN_6594753,3.0,3.0,9.0,2023-03-16,3,16,3,0,0,1,0,0,0,0,0,1,0
TXN_6595038,2.0,1.0,2.0,2023-02-08,2,8,2,0,1,0,0,0,0,0,0,1,1
TXN_6596377,5.0,1.0,5.0,2023-08-02,8,2,2,0,1,0,0,0,0,0,0,0,1
TXN_6598343,4.0,3.0,12.0,2023-07-10,7,10,0,0,0,1,0,0,0,0,0,1,1
TXN_6600858,3.0,4.0,12.0,2023-03-27,3,27,0,0,0,0,0,1,0,0,0,0,1
TXN_6602557,4.0,3.0,12.0,2023-02-06,2,6,0,0,0,0,0,0,0,0,0,0,1
TXN_6603668,4.0,2.0,8.0,2023-03-07,3,7,1,1,0,0,0,0,0,0,1,0,1
TXN_6606514,1.0,3.0,3.0,2023-06-25,6,25,6,0,0,1,0,0,0,0,1,0,0
TXN_6607568,2.0,2.0,4.0,2023-03-24,3,24,4,1,0,0,0,0,0,0,0,0,0
TXN_6608817,5.0,4.0,20.0,2023-07-17,7,17,0,0,0,0,0,1,0,0,1,0,1
TXN_6609572,4.0,4.0,16.0,2023-06-15,6,15,3,0,0,0,0,1,0,0,0,0,0
TXN_6609947,3.0,3.0,9.0,2023-05-29,5,29,0,0,0,0,0,0,0,0,0,1,0
TXN_6610162,4.0,3.0,12.0,2023-03-18,3,18,5,0,0,0,0,0,0,0,0,1,0
TXN_6610487,5.0,2.0,10.0,2023-09-18,9,18,0,1,0,0,0,0,0,0,0,1,1
TXN_6610554,5.0,2.0,10.0,2023-10-28,10,28,5,1,0,0,0,0,0,0,0,1,0
TXN_6612143,5.0,1.5,7.5,2023-11-07,11,7,1,0,0,0,0,0,0,1,0,0,0
TXN_6613909,4.0,3.0,12.0,2023-06-30,6,30,4,0,0,0,0,0,0,0,1,0,0
TXN_6616311,4.0,2.0,8.0,2023-09-01,9,1,4,1,0,0,0,0,0,0,0,1,1
TXN_6616787,2.0,3.0,6.0,2023-09-29,9,29,4,0,0,0,0,0,0,0,0,1,0
TXN_6616971,2.0,3.0,6.0,2023-09-02,9,2,5,0,0,1,0,0,0,0,0,1,1
TXN_6617283,4.0,1.5,6.0,2023-06-09,6,9,4,0,0,0,0,0,0,1,0,1,0
TXN_6618160,5.0,1.5,7.5,2023-03-13,3,13,0,0,0,0,0,0,0,1,0,0,1
TXN_6618750,5.0,4.0,20.0,2023-03-07,3,7,1,0,0,0,0,0,1,0,1,0,0
TXN_6621007,2.0,3.0,6.0,2023-03-05,3,5,6,0,0,0,0,0,0,0,0,1,1
TXN_6621596,2.0,5.0,10.0,2023-09-25,9,25,0,0,0,0,1,0,0,0,1,0,1
TXN_6621756,1.0,1.0,1.0,2023-11-14,11,14,1,0,1,0,0,0,0,0,0,1,1
TXN_6622954,2.0,4.0,8.0,2023-01-13,1,13,4,0,0,0,0,0,1,0,0,1,0
TXN_6622980,4.0,5.0,20.0,2023-09-26,9,26,1,0,0,0,1,0,0,0,0,1,1
TXN_6623508,5.0,1.0,5.0,2023-05-18,5,18,3,0,1,0,0,0,0,0,0,1,1
TXN_6624397,4.0,3.0,12.0,2023-04-30,4,30,6,0,0,1,0,0,0,0,0,0,1
TXN_6625294,2.0,4.0,8.0,2023-03-05,3,5,6,0,0,0,0,1,0,0,0,1,0
TXN_6626427,4.0,1.0,4.0,2023-02-13,2,13,0,0,1,0,0,0,0,0,0,1,0
TXN_6626928,2.0,4.0,8.0,2023-05-10,5,10,2,0,0,0,0,1,0,0,0,1,0
TXN_6627338,5.0,3.0,15.0,2023-12-03,12,3,6,0,0,1,0,0,0,0,0,1,1
TXN_6629480,5.0,4.0,20.0,2023-02-28,2,28,1,0,0,0,0,0,1,0,1,0,0
TXN_6629689,2.0,4.0,8.0,2023-05-29,5,29,0,0,0,0,0,1,0,0,1,0,0
TXN_6632882,1.0,4.0,4.0,2023-04-30,4,30,6,0,0,0,0,0,1,0,0,1,0
TXN_6633385,2.0,3.0,6.0,2023-02-12,2,12,6,0,0,1,0,0,0,0,1,0,1
TXN_6636395,4.0,3.0,12.0,2023-01-30,1,30,0,0,0,1,0,0,0,0,0,0,0
TXN_6637315,3.0,3.0,9.0,2023-12-02,12,2,5,0,0,0,0,0,0,0,0,0,1
TXN_6637989,1.0,4.0,4.0,2023-11-09,11,9,3,0,0,0,0,0,1,0,0,0,1
TXN_6638051,2.0,4.0,8.0,2023-11-05,11,5,6,0,0,0,0,0,1,0,0,0,0
TXN_6640488,3.0,1.5,4.5,2023-04-01,4,1,5,0,0,0,0,0,0,1,1,0,1
TXN_6641409,5.0,4.0,20.0,2023-11-21,11,21,1,0,0,0,0,1,0,0,0,1,1
TXN_6643922,5.0,2.0,10.0,2023-06-24,6,24,5,1,0,0,0,0,0,0,0,1,0
TXN_6643951,1.0,4.0,4.0,2023-01-07,1,7,5,0,0,0,0,1,0,0,1,0,0
TXN_6646382,4.0,1.5,6.0,2023-09-16,9,16,5,0,0,0,0,0,0,1,0,1,0
TXN_6646684,3.0,1.0,3.0,2023-06-01,6,1,3,0,1,0,0,0,0,0,0,0,1
TXN_6647319,5.0,3.0,15.0,2023-10-23,10,23,0,0,0,1,0,0,0,0,1,0,0
TXN_6648081,4.0,5.0,20.0,2023-04-24,4,24,0,0,0,0,1,0,0,0,0,1,1
TXN_6650263,2.0,1.5,3.0,2023-01-10,1,10,1,0,0,0,0,0,0,1,0,1,1
TXN_6650875,5.0,1.0,5.0,2023-01-29,1,29,6,0,1,0,0,0,0,0,1,0,1
TXN_6651961,4.0,5.0,20.0,2023-02-08,2,8,2,0,0,0,1,0,0,0,1,0,0
TXN_6652858,5.0,5.0,25.0,2023-09-13,9,13,2,0,0,0,1,0,0,0,1,0,0
TXN_6654975,3.0,5.0,15.0,2023-08-11,8,11,4,0,0,0,1,0,0,0,0,1,0
TXN_6655017,4.0,4.0,16.0,2023-12-04,12,4,0,0,0,0,0,0,1,0,0,0,1
TXN_6655437,1.0,3.0,3.0,2023-07-07,7,7,4,0,0,1,0,0,0,0,0,0,1
TXN_6655913,1.0,1.0,1.0,2023-04-02,4,2,6,0,1,0,0,0,0,0,1,0,0
TXN_6657245,1.0,4.0,4.0,2023-10-25,10,25,2,0,0,0,0,1,0,0,0,1,0
TXN_6658070,2.0,3.0,6.0,2023-11-03,11,3,4,0,0,1,0,0,0,0,0,0,1
TXN_6660602,4.0,5.0,20.0,2023-05-20,5,20,5,0,0,0,1,0,0,0,0,1,1
TXN_6660755,2.0,1.0,2.0,2023-05-16,5,16,1,0,1,0,0,0,0,0,1,0,0
TXN_6662213,4.0,4.0,16.0,2023-01-18,1,18,2,0,0,0,0,1,0,0,0,1,0
TXN_6663451,1.0,3.0,3.0,2023-08-05,8,5,5,0,0,0,0,0,0,0,0,0,1
TXN_6663486,3.0,2.0,6.0,2023-11-02,11,2,3,1,0,0,0,0,0,0,0,1,1
TXN_6665881,2.0,3.0,6.0,2023-07-04,7,4,1,0,0,1,0,0,0,0,1,0,0
TXN_6666679,2.0,3.0,6.0,2023-08-25,8,25,4,0,0,1,0,0,0,0,0,1,0
TXN_6667083,1.0,3.0,3.0,2023-03-19,3,19,6,0,0,0,0,0,0,0,0,0,1
TXN_6667388,3.0,3.0,9.0,2023-08-14,8,14,0,0,0,0,0,0,0,0,0,0,0
TXN_6668414,1.0,3.0,3.0,2023-12-29,12,29,4,0,0,0,0,0,0,0,0,1,0
TXN_6669163,1.0,1.0,1.0,2023-07-26,7,26,2,0,1,0,0,0,0,0,1,0,1
TXN_6669417,5.0,5.0,25.0,2023-01-03,1,3,1,0,0,0,1,0,0,0,0,1,1
TXN_6670371,3.0,1.5,4.5,2023-05-01,5,1,0,0,0,0,0,0,0,1,1,0,1
TXN_6670607,5.0,3.0,15.0,2023-01-06,1,6,4,0,0,1,0,0,0,0,0,0,1
TXN_6671827,1.0,5.0,5.0,2023-08-09,8,9,2,0,0,0,1,0,0,0,1,0,1
TXN_6674257,3.0,4.0,12.0,2023-07-20,7,20,3,0,0,0,0,1,0,0,0,0,1
TXN_6676143,5.0,4.0,20.0,2023-05-21,5,21,6,0,0,0,0,1,0,0,0,0,0
TXN_6677631,5.0,1.5,7.5,2023-12-14,12,14,3,0,0,0,0,0,0,1,0,1,0
TXN_6679600,1.0,2.0,2.0,2023-03-15,3,15,2,1,0,0,0,0,0,0,0,1,0
TXN_6680963,2.0,4.0,8.0,2023-08-01,8,1,1,0,0,0,0,1,0,0,1,0,1
TXN_6682253,5.0,1.5,7.5,2023-02-17,2,17,4,0,0,0,0,0,0,1,0,0,0
TXN_6682443,4.0,3.0,12.0,2023-09-03,9,3,6,0,0,0,0,0,0,0,0,1,1
TXN_6682782,5.0,1.0,5.0,2023-12-15,12,15,4,0,1,0,0,0,0,0,0,0,0
TXN_6683798,1.0,1.0,1.0,2023-07-26,7,26,2,0,1,0,0,0,0,0,0,1,1
TXN_6684056,2.0,4.0,8.0,2023-09-14,9,14,3,0,0,0,0,0,1,0,0,1,1
TXN_6684202,1.0,4.0,4.0,2023-07-31,7,31,0,0,0,0,0,1,0,0,0,1,1
TXN_6685570,1.0,1.5,1.5,2023-03-14,3,14,1,0,0,0,0,0,0,1,1,0,0
TXN_6687029,2.0,4.0,8.0,2023-08-23,8,23,2,0,0,0,0,1,0,0,1,0,0
TXN_6687528,2.0,3.0,6.0,2023-05-06,5,6,5,0,0,1,0,0,0,0,0,1,1
TXN_6687699,4.0,5.0,20.0,2023-09-11,9,11,0,0,0,0,1,0,0,0,0,0,0
TXN_6687734,1.0,3.0,3.0,2023-03-14,3,14,1,0,0,0,0,0,0,0,0,0,0
TXN_6688020,5.0,5.0,25.0,2023-09-05,9,5,1,0,0,0,1,0,0,0,0,1,1
TXN_6688524,4.0,2.0,8.0,2023-06-29,6,29,3,1,0,0,0,0,0,0,0,1,1
TXN_6691767,2.0,5.0,10.0,2023-02-05,2,5,6,0,0,0,1,0,0,0,0,0,1
TXN_6691781,4.0,2.0,8.0,2023-09-07,9,7,3,1,0,0,0,0,0,0,1,0,0
TXN_6691792,3.0,3.0,9.0,2023-06-21,6,21,2,0,0,1,0,0,0,0,1,0,1
TXN_6692318,2.0,1.5,3.0,2023-08-20,8,20,6,0,0,0,0,0,0,1,0,0,0
TXN_6695451,1.0,5.0,5.0,2023-07-28,7,28,4,0,0,0,1,0,0,0,1,0,0
TXN_6696619,3.0,3.0,9.0,2023-03-19,3,19,6,0,0,0,0,0,0,0,0,1,1
TXN_6696913,4.0,3.0,12.0,2023-10-22,10,22,6,0,0,0,0,0,0,0,0,1,1
TXN_6697374,2.0,4.0,8.0,2023-07-31,7,31,0,0,0,0,0,0,1,0,0,1,1
TXN_6697669,5.0,3.0,15.0,2023-01-03,1,3,1,0,0,0,0,0,0,0,0,0,1
TXN_6699343,3.0,3.0,9.0,2023-10-31,10,31,1,0,0,1,0,0,0,0,0,0,1
TXN_6699408,5.0,1.0,5.0,2023-12-22,12,22,4,0,1,0,0,0,0,0,0,0,1
TXN_6699534,4.0,4.0,16.0,2023-10-28,10,28,5,0,0,0,0,1,0,0,0,0,0
TXN_6700141,1.0,4.0,4.0,2023-04-12,4,12,2,0,0,0,0,1,0,0,0,0,1
TXN_6700745,3.0,3.0,9.0,2023-04-23,4,23,6,0,0,1,0,0,0,0,0,1,0
TXN_6702416,1.0,3.0,3.0,2023-09-14,9,14,3,0,0,0,0,0,0,0,0,1,1
TXN_6702428,5.0,2.0,10.0,2023-08-11,8,11,4,1,0,0,0,0,0,0,0,0,1
TXN_6704173,2.0,4.0,8.0,2023-07-24,7,24,0,0,0,0,0,0,1,0,1,0,0
TXN_6704284,2.0,5.0,10.0,2023-08-31,8,31,3,0,0,0,1,0,0,0,1,0,1
TXN_6705109,3.0,3.0,9.0,2023-08-05,8,5,5,0,0,0,0,0,0,0,0,0,0
TXN_6706566,3.0,1.0,3.0,2023-09-01,9,1,4,0,1,0,0,0,0,0,0,0,1
TXN_6706599,1.0,3.0,3.0,2023-09-20,9,20,2,0,0,0,0,0,0,0,0,0,1
TXN_6707466,2.0,5.0,10.0,2023-04-02,4,2,6,0,0,0,1,0,0,0,1,0,0
TXN_6708156,5.0,1.5,7.5,2023-11-26,11,26,6,0,0,0,0,0,0,1,1,0,0
TXN_6708165,5.0,3.0,15.0,2023-10-19,10,19,3,0,0,1,0,0,0,0,0,1,0
TXN_6710660,2.0,5.0,10.0,2023-02-08,2,8,2,0,0,0,1,0,0,0,0,0,0
TXN_6711224,1.0,3.0,3.0,2023-03-26,3,26,6,0,0,1,0,0,0,0,0,1,1
TXN_6712087,2.0,3.0,6.0,2023-06-06,6,6,1,0,0,0,0,0,0,0,1,0,0
TXN_6712994,3.0,2.0,6.0,2023-10-02,10,2,0,1,0,0,0,0,0,0,0,0,1
TXN_6714068,1.0,2.0,2.0,2023-02-17,2,17,4,1,0,0,0,0,0,0,0,1,1
TXN_6714420,2.0,3.0,6.0,2023-03-30,3,30,3,0,0,0,0,0,0,0,1,0,1
TXN_6714749,1.0,4.0,4.0,2023-08-02,8,2,2,0,0,0,0,1,0,0,1,0,1
TXN_6714931,3.0,3.0,9.0,2023-07-02,7,2,6,0,0,1,0,0,0,0,0,0,0
TXN_6715991,1.0,3.0,3.0,2023-06-18,6,18,6,0,0,1,0,0,0,0,0,0,0
TXN_6716151,3.0,4.0,12.0,2023-01-26,1,26,3,0,0,0,0,1,0,0,0,1,1
TXN_6716918,2.0,2.0,4.0,2023-04-10,4,10,0,1,0,0,0,0,0,0,0,1,0
TXN_6717061,3.0,5.0,15.0,2023-08-07,8,7,0,0,0,0,1,0,0,0,1,0,0
TXN_6717074,3.0,1.5,4.5,2023-06-12,6,12,0,0,0,0,0,0,0,1,0,1,1
TXN_6717827,3.0,5.0,15.0,2023-11-15,11,15,2,0,0,0,1,0,0,0,0,1,0
TXN_6718205,2.0,4.0,8.0,2023-06-30,6,30,4,0,0,0,0,0,1,0,0,1,1
TXN_6719521,5.0,5.0,25.0,2023-08-03,8,3,3,0,0,0,1,0,0,0,0,0,0
TXN_6720290,1.0,4.0,4.0,2023-01-25,1,25,2,0,0,0,0,0,1,0,1,0,0
TXN_6721531,4.0,1.5,6.0,2023-03-06,3,6,0,0,0,0,0,0,0,1,1,0,0
TXN_6723498,3.0,5.0,15.0,2023-01-28,1,28,5,0,0,0,1,0,0,0,1,0,1
TXN_6724554,3.0,1.5,4.5,2023-03-22,3,22,2,0,0,0,0,0,0,1,0,1,0
TXN_6724588,2.0,3.0,6.0,2023-10-16,10,16,0,0,0,1,0,0,0,0,0,1,0
TXN_6725579,2.0,1.5,3.0,2023-02-21,2,21,1,0,0,0,0,0,0,1,1,0,1
TXN_6727029,2.0,1.5,3.0,2023-07-07,7,7,4,0,0,0,0,0,0,1,0,1,1
TXN_6727985,5.0,5.0,25.0,2023-06-16,6,16,4,0,0,0,1,0,0,0,1,0,0
TXN_6728574,3.0,3.0,9.0,2023-05-24,5,24,2,0,0,1,0,0,0,0,0,0,0
TXN_6729852,4.0,1.0,4.0,2023-06-29,6,29,3,0,1,0,0,0,0,0,0,1,1
TXN_6730130,2.0,1.5,3.0,2023-10-16,10,16,0,0,0,0,0,0,0,1,0,1,1
TXN_6731518,1.0,1.0,1.0,2023-12-04,12,4,0,0,1,0,0,0,0,0,0,1,1
TXN_6732096,2.0,4.0,8.0,2023-04-02,4,2,6,0,0,0,0,0,1,0,0,1,0
TXN_6732494,2.0,2.0,4.0,2023-03-18,3,18,5,1,0,0,0,0,0,0,1,0,1
TXN_6732833,1.0,5.0,5.0,2023-07-21,7,21,4,0,0,0,1,0,0,0,0,1,0
TXN_6732989,2.0,5.0,10.0,2023-04-29,4,29,5,0,0,0,1,0,0,0,1,0,0
TXN_6733436,2.0,3.0,6.0,2023-02-02,2,2,3,0,0,1,0,0,0,0,1,0,1
TXN_6736084,1.0,3.0,3.0,2023-04-19,4,19,2,0,0,1,0,0,0,0,0,1,1
TXN_6736326,2.0,5.0,10.0,2023-04-14,4,14,4,0,0,0,1,0,0,0,1,0,0
TXN_6738137,4.0,2.0,8.0,2023-07-20,7,20,3,1,0,0,0,0,0,0,0,1,1
TXN_6738350,2.0,3.0,6.0,2023-11-02,11,2,3,0,0,1,0,0,0,0,0,1,1
TXN_6738516,5.0,4.0,20.0,2023-10-07,10,7,5,0,0,0,0,1,0,0,0,0,1
TXN_6738716,5.0,3.0,15.0,2023-04-21,4,21,4,0,0,0,0,0,0,0,0,1,1
TXN_6739664,3.0,5.0,15.0,2023-09-12,9,12,1,0,0,0,1,0,0,0,0,0,1
TXN_6739950,4.0,5.0,20.0,2023-03-04,3,4,5,0,0,0,1,0,0,0,1,0,0
TXN_6740691,1.0,1.5,1.5,2023-07-06,7,6,3,0,0,0,0,0,0,1,0,0,1
TXN_6744096,1.0,2.0,2.0,2023-11-15,11,15,2,1,0,0,0,0,0,0,0,1,0
TXN_6745398,4.0,1.5,6.0,2023-02-28,2,28,1,0,0,0,0,0,0,1,0,1,1
TXN_6745832,2.0,2.0,4.0,2023-10-02,10,2,0,1,0,0,0,0,0,0,1,0,0
TXN_6745856,4.0,3.0,12.0,2023-06-16,6,16,4,0,0,0,0,0,0,0,0,0,0
TXN_6746916,1.0,2.0,2.0,2023-11-15,11,15,2,1,0,0,0,0,0,0,0,0,1
TXN_6747376,3.0,4.0,12.0,2023-11-20,11,20,0,0,0,0,0,0,1,0,0,1,0
TXN_6748199,2.0,5.0,10.0,2023-07-23,7,23,6,0,0,0,1,0,0,0,0,0,1
TXN_6748374,1.0,5.0,5.0,2023-07-24,7,24,0,0,0,0,1,0,0,0,1,0,1
TXN_6748453,5.0,4.0,20.0,2023-05-08,5,8,0,0,0,0,0,1,0,0,0,1,0
TXN_6749847,2.0,3.0,6.0,2023-08-15,8,15,1,0,0,0,0,0,0,0,1,0,1
TXN_6751134,3.0,4.0,12.0,2023-01-12,1,12,3,0,0,0,0,1,0,0,0,1,0
TXN_6752053,4.0,4.0,16.0,2023-05-13,5,13,5,0,0,0,0,0,1,0,0,1,1
TXN_6752476,4.0,1.5,6.0,2023-08-28,8,28,0,0,0,0,0,0,0,1,0,1,1
TXN_6754546,3.0,3.0,9.0,2023-02-19,2,19,6,0,0,0,0,0,0,0,0,1,1
TXN_6755107,2.0,4.0,8.0,2023-11-14,11,14,1,0,0,0,0,0,1,0,0,1,0
TXN_6755348,5.0,4.0,20.0,2023-06-23,6,23,4,0,0,0,0,0,1,0,0,1,1
TXN_6755757,4.0,4.0,16.0,2023-04-05,4,5,2,0,0,0,0,0,1,0,1,0,0
TXN_6755791,2.0,2.0,4.0,2023-04-01,4,1,5,1,0,0,0,0,0,0,0,0,1
TXN_6755795,5.0,4.0,20.0,2023-02-22,2,22,2,0,0,0,0,0,1,0,0,0,0
TXN_6755874,3.0,4.0,12.0,2023-04-12,4,12,2,0,0,0,0,0,1,0,0,1,0
TXN_6757560,4.0,3.0,12.0,2023-08-12,8,12,5,0,0,0,0,0,0,0,0,0,1
TXN_6758675,1.0,3.0,3.0,2023-11-05,11,5,6,0,0,1,0,0,0,0,1,0,0
TXN_6761273,5.0,3.0,15.0,2023-10-13,10,13,4,0,0,1,0,0,0,0,0,1,1
TXN_6761402,1.0,2.0,2.0,2023-08-31,8,31,3,1,0,0,0,0,0,0,0,1,1
TXN_6762172,5.0,2.0,10.0,2023-01-19,1,19,3,1,0,0,0,0,0,0,0,0,1
TXN_6762236,4.0,3.0,12.0,2023-01-17,1,17,1,0,0,1,0,0,0,0,0,1,0
TXN_6762250,2.0,1.0,2.0,2023-06-17,6,17,5,0,1,0,0,0,0,0,0,1,1
TXN_6762490,5.0,3.0,15.0,2023-05-03,5,3,2,0,0,1,0,0,0,0,0,0,0
TXN_6763296,5.0,2.0,10.0,2023-10-04,10,4,2,1,0,0,0,0,0,0,0,0,0
TXN_6766492,1.0,5.0,5.0,2023-01-14,1,14,5,0,0,0,1,0,0,0,0,1,0
TXN_6766664,3.0,2.0,6.0,2023-05-21,5,21,6,1,0,0,0,0,0,0,0,1,1
TXN_6768812,4.0,2.0,8.0,2023-03-30,3,30,3,1,0,0,0,0,0,0,0,1,1
TXN_6769465,5.0,3.0,15.0,2023-06-13,6,13,1,0,0,1,0,0,0,0,0,1,0
TXN_6769554,5.0,2.0,10.0,2023-02-06,2,6,0,1,0,0,0,0,0,0,1,0,1
TXN_6769710,2.0,3.0,6.0,2023-02-24,2,24,4,0,0,1,0,0,0,0,0,0,0
TXN_6770844,1.0,3.0,3.0,2023-05-08,5,8,0,0,0,1,0,0,0,0,0,1,0
TXN_6773319,4.0,1.5,6.0,2023-05-03,5,3,2,0,0,0,0,0,0,1,0,1,1
TXN_6774559,2.0,1.0,2.0,2023-02-18,2,18,5,0,1,0,0,0,0,0,0,1,1
TXN_6774688,1.0,5.0,5.0,2023-01-18,1,18,2,0,0,0,1,0,0,0,1,0,1
TXN_6775024,2.0,2.0,4.0,2023-01-30,1,30,0,1,0,0,0,0,0,0,0,0,0
TXN_6775304,4.0,1.5,6.0,2023-03-08,3,8,2,0,0,0,0,0,0,1,0,0,0
TXN_6775972,3.0,2.0,6.0,2023-09-15,9,15,4,1,0,0,0,0,0,0,1,0,1
TXN_6778177,4.0,1.0,4.0,2023-10-12,10,12,3,0,1,0,0,0,0,0,0,0,1
TXN_6778796,5.0,3.0,15.0,2023-11-29,11,29,2,0,0,0,0,0,0,0,0,0,0
TXN_6778974,2.0,4.0,8.0,2023-09-07,9,7,3,0,0,0,0,0,1,0,0,1,0
TXN_6779377,5.0,4.0,20.0,2023-10-06,10,6,4,0,0,0,0,0,1,0,0,1,0
TXN_6779763,1.0,1.0,1.0,2023-04-25,4,25,1,0,1,0,0,0,0,0,1,0,1
TXN_6780463,3.0,1.5,4.5,2023-10-26,10,26,3,0,0,0,0,0,0,1,0,1,0
TXN_6782228,4.0,2.0,8.0,2023-08-18,8,18,4,1,0,0,0,0,0,0,1,0,1
TXN_6784478,2.0,1.0,2.0,2023-12-21,12,21,3,0,1,0,0,0,0,0,1,0,1
TXN_6785331,1.0,3.0,3.0,2023-04-12,4,12,2,0,0,0,0,0,0,0,0,1,1
TXN_6785552,5.0,3.0,15.0,2023-01-19,1,19,3,0,0,1,0,0,0,0,0,0,1
TXN_6786340,5.0,2.0,10.0,2023-04-18,4,18,1,1,0,0,0,0,0,0,0,1,1
TXN_6786730,1.0,2.0,2.0,2023-04-15,4,15,5,1,0,0,0,0,0,0,1,0,1
TXN_6787259,2.0,4.0,8.0,2023-08-18,8,18,4,0,0,0,0,1,0,0,1,0,0
TXN_6787560,3.0,3.0,9.0,2023-07-13,7,13,3,0,0,0,0,0,0,0,0,1,1
TXN_6791398,1.0,2.0,2.0,2023-12-17,12,17,6,1,0,0,0,0,0,0,1,0,1
TXN_6792445,3.0,3.0,9.0,2023-12-03,12,3,6,0,0,0,0,0,0,0,0,0,0
TXN_6793298,2.0,1.5,3.0,2023-04-14,4,14,4,0,0,0,0,0,0,1,1,0,1
TXN_6794035,1.0,4.0,4.0,2023-11-04,11,4,5,0,0,0,0,1,0,0,0,1,0
TXN_6795640,4.0,1.0,4.0,2023-01-28,1,28,5,0,1,0,0,0,0,0,0,1,1
TXN_6796890,4.0,1.5,6.0,2023-08-24,8,24,3,0,0,0,0,0,0,1,0,0,1
TXN_6797827,1.0,4.0,4.0,2023-06-16,6,16,4,0,0,0,0,1,0,0,1,0,1
TXN_6799966,4.0,1.5,6.0,2023-03-03,3,3,4,0,0,0,0,0,0,1,0,1,1
TXN_6802372,3.0,3.0,9.0,2023-07-20,7,20,3,0,0,1,0,0,0,0,0,1,0
TXN_6803555,2.0,1.5,3.0,2023-05-31,5,31,2,0,0,0,0,0,0,1,0,1,1
TXN_6805057,4.0,1.0,4.0,2023-10-15,10,15,6,0,1,0,0,0,0,0,1,0,1
TXN_6805091,2.0,4.0,8.0,2023-12-28,12,28,3,0,0,0,0,0,1,0,0,0,0
TXN_6805882,4.0,1.0,4.0,2023-09-04,9,4,0,0,1,0,0,0,0,0,0,0,0
TXN_6806024,2.0,3.0,6.0,2023-04-14,4,14,4,0,0,1,0,0,0,0,1,0,0
TXN_6806290,3.0,5.0,15.0,2023-05-02,5,2,1,0,0,0,1,0,0,0,0,1,1
TXN_6806563,1.0,2.0,2.0,2023-04-16,4,16,6,1,0,0,0,0,0,0,1,0,1
TXN_6806968,4.0,1.0,4.0,2023-07-03,7,3,0,0,1,0,0,0,0,0,0,0,1
TXN_6807913,3.0,3.0,9.0,2023-01-22,1,22,6,0,0,1,0,0,0,0,1,0,1
TXN_6809170,4.0,4.0,16.0,2023-08-10,8,10,3,0,0,0,0,0,1,0,0,0,1
TXN_6810969,1.0,4.0,4.0,2023-03-08,3,8,2,0,0,0,0,0,1,0,0,1,0
TXN_6811368,4.0,2.0,8.0,2023-02-18,2,18,5,1,0,0,0,0,0,0,0,1,1
TXN_6812735,5.0,1.5,7.5,2023-04-21,4,21,4,0,0,0,0,0,0,1,0,1,1
TXN_6813508,1.0,5.0,5.0,2023-10-26,10,26,3,0,0,0,1,0,0,0,0,0,0
TXN_6814891,1.0,2.0,2.0,2023-06-26,6,26,0,1,0,0,0,0,0,0,0,1,1
TXN_6815741,2.0,4.0,8.0,2023-03-13,3,13,0,0,0,0,0,0,1,0,0,1,1
TXN_6815753,4.0,1.0,4.0,2023-10-27,10,27,4,0,1,0,0,0,0,0,0,1,1
TXN_6815801,1.0,1.0,1.0,2023-03-15,3,15,2,0,1,0,0,0,0,0,0,1,1
TXN_6816094,4.0,1.5,6.0,2023-12-30,12,30,5,0,0,0,0,0,0,1,0,1,0
TXN_6817358,2.0,4.0,8.0,2023-12-22,12,22,4,0,0,0,0,0,1,0,1,0,0
TXN_6817795,1.0,1.5,1.5,2023-09-12,9,12,1,0,0,0,0,0,0,1,0,0,1
TXN_6817889,1.0,1.5,1.5,2023-10-04,10,4,2,0,0,0,0,0,0,1,0,1,0
TXN_6819128,1.0,5.0,5.0,2023-10-19,10,19,3,0,0,0,1,0,0,0,0,0,1
TXN_6822426,5.0,3.0,15.0,2023-05-27,5,27,5,0,0,0,0,0,0,0,0,1,0
TXN_6824743,2.0,4.0,8.0,2023-11-08,11,8,2,0,0,0,0,1,0,0,0,1,1
TXN_6826342,2.0,3.0,6.0,2023-03-30,3,30,3,0,0,0,0,0,0,0,1,0,1
TXN_6826409,1.0,4.0,4.0,2023-10-21,10,21,5,0,0,0,0,1,0,0,1,0,1
TXN_6828371,4.0,4.0,16.0,2023-10-20,10,20,4,0,0,0,0,0,1,0,0,1,0
TXN_6829707,1.0,4.0,4.0,2023-08-17,8,17,3,0,0,0,0,1,0,0,0,0,1
TXN_6830192,3.0,3.0,9.0,2023-08-02,8,2,2,0,0,1,0,0,0,0,0,1,1
TXN_6830557,3.0,2.0,6.0,2023-11-08,11,8,2,1,0,0,0,0,0,0,0,1,1
TXN_6832697,3.0,5.0,15.0,2023-01-21,1,21,5,0,0,0,1,0,0,0,1,0,1
TXN_6833530,4.0,3.0,12.0,2023-11-05,11,5,6,0,0,1,0,0,0,0,0,1,0
TXN_6833564,5.0,4.0,20.0,2023-04-21,4,21,4,0,0,0,0,0,1,0,0,1,0
TXN_6835777,5.0,3.0,15.0,2023-05-11,5,11,3,0,0,1,0,0,0,0,0,1,0
TXN_6836109,4.0,2.0,8.0,2023-04-09,4,9,6,1,0,0,0,0,0,0,0,1,1
TXN_6836137,4.0,3.0,12.0,2023-08-30,8,30,2,0,0,0,0,0,0,0,0,1,0
TXN_6837601,1.0,5.0,5.0,2023-02-05,2,5,6,0,0,0,1,0,0,0,0,1,1
TXN_6837879,5.0,3.0,15.0,2023-04-09,4,9,6,0,0,0,0,0,0,0,0,1,1
TXN_6838411,1.0,2.0,2.0,2023-07-04,7,4,1,1,0,0,0,0,0,0,0,0,0
TXN_6838802,1.0,2.0,2.0,2023-08-29,8,29,1,1,0,0,0,0,0,0,0,1,1
TXN_6841304,1.0,3.0,3.0,2023-03-13,3,13,0,0,0,0,0,0,0,0,0,1,1
TXN_6841805,2.0,3.0,6.0,2023-02-14,2,14,1,0,0,0,0,0,0,0,0,1,0
TXN_6841993,3.0,3.0,9.0,2023-09-15,9,15,4,0,0,1,0,0,0,0,0,0,1
TXN_6842808,2.0,1.5,3.0,2023-10-22,10,22,6,0,0,0,0,0,0,1,0,1,0
TXN_6843517,5.0,4.0,20.0,2023-01-02,1,2,0,0,0,0,0,1,0,0,1,0,0
TXN_6843677,4.0,2.0,8.0,2023-09-09,9,9,5,1,0,0,0,0,0,0,0,1,1
TXN_6845073,1.0,1.0,1.0,2023-04-05,4,5,2,0,1,0,0,0,0,0,1,0,0
TXN_6845225,4.0,1.5,6.0,2023-02-21,2,21,1,0,0,0,0,0,0,1,1,0,1
TXN_6845472,5.0,4.0,20.0,2023-12-11,12,11,0,0,0,0,0,0,1,0,0,1,1
TXN_6846020,5.0,3.0,15.0,2023-05-03,5,3,2,0,0,1,0,0,0,0,0,1,1
TXN_6846047,1.0,5.0,5.0,2023-04-02,4,2,6,0,0,0,1,0,0,0,0,1,0
TXN_6846085,4.0,1.0,4.0,2023-02-26,2,26,6,0,1,0,0,0,0,0,0,1,1
TXN_6846228,3.0,5.0,15.0,2023-11-16,11,16,3,0,0,0,1,0,0,0,0,1,0
TXN_6846861,4.0,4.0,16.0,2023-11-26,11,26,6,0,0,0,0,0,1,0,1,0,0
TXN_6849062,5.0,2.0,10.0,2023-07-30,7,30,6,1,0,0,0,0,0,0,0,0,1
TXN_6849113,1.0,1.0,1.0,2023-07-14,7,14,4,0,1,0,0,0,0,0,1,0,0
TXN_6850528,3.0,1.0,3.0,2023-10-13,10,13,4,0,1,0,0,0,0,0,0,0,0
TXN_6851213,1.0,3.0,3.0,2023-05-19,5,19,4,0,0,1,0,0,0,0,0,1,1
TXN_6851654,1.0,5.0,5.0,2023-01-25,1,25,2,0,0,0,1,0,0,0,0,1,1
TXN_6851735,1.0,1.0,1.0,2023-01-17,1,17,1,0,1,0,0,0,0,0,0,1,0
TXN_6853142,3.0,4.0,12.0,2023-07-21,7,21,4,0,0,0,0,0,1,0,0,0,1
TXN_6853678,4.0,1.0,4.0,2023-07-23,7,23,6,0,1,0,0,0,0,0,0,1,1
TXN_6853830,5.0,1.5,7.5,2023-07-13,7,13,3,0,0,0,0,0,0,1,0,1,0
TXN_6854151,3.0,4.0,12.0,2023-02-07,2,7,1,0,0,0,0,1,0,0,1,0,0
TXN_6855453,4.0,3.0,12.0,2023-07-17,7,17,0,0,0,0,0,0,0,0,1,0,0
TXN_6856530,5.0,4.0,20.0,2023-11-11,11,11,5,0,0,0,0,0,1,0,0,1,0
TXN_6856558,4.0,3.0,12.0,2023-10-30,10,30,0,0,0,1,0,0,0,0,0,1,1
TXN_6857799,4.0,1.0,4.0,2023-01-08,1,8,6,0,1,0,0,0,0,0,0,0,0
TXN_6857943,5.0,3.0,15.0,2023-01-08,1,8,6,0,0,0,0,0,0,0,0,1,1
TXN_6862075,3.0,3.0,9.0,2023-08-13,8,13,6,0,0,1,0,0,0,0,1,0,0
TXN_6862603,4.0,5.0,20.0,2023-04-17,4,17,0,0,0,0,1,0,0,0,1,0,1
TXN_6864420,2.0,1.0,2.0,2023-06-18,6,18,6,0,1,0,0,0,0,0,1,0,1
TXN_6866209,5.0,4.0,20.0,2023-05-20,5,20,5,0,0,0,0,0,1,0,0,1,0
TXN_6866644,1.0,4.0,4.0,2023-07-22,7,22,5,0,0,0,0,1,0,0,0,1,0
TXN_6867132,2.0,3.0,6.0,2023-02-01,2,1,2,0,0,0,0,0,0,0,0,0,0
TXN_6867995,3.0,1.0,3.0,2023-10-15,10,15,6,0,1,0,0,0,0,0,0,1,0
TXN_6868182,5.0,4.0,20.0,2023-01-02,1,2,0,0,0,0,0,1,0,0,1,0,0
TXN_6868763,3.0,3.0,9.0,2023-01-13,1,13,4,0,0,1,0,0,0,0,0,1,0
TXN_6869767,2.0,4.0,8.0,2023-06-06,6,6,1,0,0,0,0,0,1,0,0,1,1
TXN_6869880,4.0,3.0,12.0,2023-08-05,8,5,5,0,0,1,0,0,0,0,0,1,1
TXN_6872268,2.0,3.0,6.0,2023-01-07,1,7,5,0,0,1,0,0,0,0,0,1,0
TXN_6872833,1.0,2.0,2.0,2023-11-02,11,2,3,1,0,0,0,0,0,0,0,1,0
TXN_6873127,1.0,1.0,1.0,2023-02-02,2,2,3,0,1,0,0,0,0,0,0,1,0
TXN_6874059,4.0,5.0,20.0,2023-01-12,1,12,3,0,0,0,1,0,0,0,0,1,1
TXN_6874195,3.0,3.0,9.0,2023-04-22,4,22,5,0,0,1,0,0,0,0,0,0,1
TXN_6874354,4.0,4.0,16.0,2023-03-23,3,23,3,0,0,0,0,1,0,0,1,0,1
TXN_6875870,5.0,5.0,25.0,2023-09-07,9,7,3,0,0,0,1,0,0,0,0,1,1
TXN_6877186,2.0,1.0,2.0,2023-12-05,12,5,1,0,1,0,0,0,0,0,1,0,0
TXN_6878866,3.0,4.0,12.0,2023-02-25,2,25,5,0,0,0,0,0,1,0,1,0,1
TXN_6879752,1.0,1.5,1.5,2023-10-07,10,7,5,0,0,0,0,0,0,1,0,1,0
TXN_6880338,3.0,3.0,9.0,2023-11-06,11,6,0,0,0,0,0,0,0,0,0,1,1
TXN_6881523,5.0,3.0,15.0,2023-02-24,2,24,4,0,0,1,0,0,0,0,0,1,1
TXN_6881662,2.0,5.0,10.0,2023-07-10,7,10,0,0,0,0,1,0,0,0,0,1,1
TXN_6882503,1.0,1.5,1.5,2023-01-02,1,2,0,0,0,0,0,0,0,1,0,1,0
TXN_6882819,1.0,3.0,3.0,2023-08-21,8,21,0,0,0,1,0,0,0,0,0,0,0
TXN_6883187,2.0,3.0,6.0,2023-11-16,11,16,3,0,0,1,0,0,0,0,0,1,1
TXN_6884558,1.0,3.0,3.0,2023-08-14,8,14,0,0,0,1,0,0,0,0,0,0,0
TXN_6885218,1.0,5.0,5.0,2023-10-23,10,23,0,0,0,0,1,0,0,0,0,1,0
TXN_6885561,3.0,4.0,12.0,2023-06-24,6,24,5,0,0,0,0,0,1,0,0,1,1
TXN_6885626,5.0,3.0,15.0,2023-08-06,8,6,6,0,0,0,0,0,0,0,0,1,0
TXN_6886495,4.0,1.0,4.0,2023-08-07,8,7,0,0,1,0,0,0,0,0,0,0,0
TXN_6887407,3.0,3.0,9.0,2023-09-15,9,15,4,0,0,0,0,0,0,0,0,0,0
TXN_6888839,3.0,1.5,4.5,2023-11-19,11,19,6,0,0,0,0,0,0,1,0,1,1
TXN_6888998,5.0,2.0,10.0,2023-02-27,2,27,0,1,0,0,0,0,0,0,0,0,0
TXN_6889357,1.0,5.0,5.0,2023-03-08,3,8,2,0,0,0,1,0,0,0,0,0,1
TXN_6889867,5.0,4.0,20.0,2023-03-07,3,7,1,0,0,0,0,1,0,0,0,0,1
TXN_6890737,4.0,4.0,16.0,2023-05-22,5,22,0,0,0,0,0,0,1,0,0,1,1
TXN_6893490,3.0,2.0,6.0,2023-03-17,3,17,4,1,0,0,0,0,0,0,1,0,1
TXN_6894703,1.0,1.0,1.0,2023-06-06,6,6,1,0,1,0,0,0,0,0,0,1,0
TXN_6895165,3.0,2.0,6.0,2023-02-18,2,18,5,1,0,0,0,0,0,0,1,0,1
TXN_6895558,2.0,2.0,4.0,2023-04-10,4,10,0,1,0,0,0,0,0,0,1,0,0
TXN_6896663,3.0,3.0,9.0,2023-05-16,5,16,1,0,0,0,0,0,0,0,0,1,0
TXN_6897172,4.0,2.0,8.0,2023-12-08,12,8,4,1,0,0,0,0,0,0,0,1,0
TXN_6897608,2.0,2.0,4.0,2023-06-28,6,28,2,1,0,0,0,0,0,0,1,0,1
TXN_6898341,2.0,1.5,3.0,2023-08-21,8,21,0,0,0,0,0,0,0,1,1,0,0
TXN_6898368,3.0,4.0,12.0,2023-05-01,5,1,0,0,0,0,0,0,1,0,0,1,1
TXN_6899248,5.0,3.0,15.0,2023-12-13,12,13,2,0,0,0,0,0,0,0,0,1,0
TXN_6899576,2.0,5.0,10.0,2023-10-26,10,26,3,0,0,0,1,0,0,0,0,1,1
TXN_6899834,3.0,3.0,9.0,2023-01-27,1,27,4,0,0,0,0,0,0,0,1,0,1
TXN_6900182,3.0,4.0,12.0,2023-09-10,9,10,6,0,0,0,0,0,1,0,0,0,0
TXN_6900785,1.0,3.0,3.0,2023-09-25,9,25,0,0,0,1,0,0,0,0,0,0,1
TXN_6901619,2.0,1.5,3.0,2023-10-16,10,16,0,0,0,0,0,0,0,1,0,1,0
TXN_6902481,3.0,3.0,9.0,2023-09-03,9,3,6,0,0,1,0,0,0,0,0,0,1
TXN_6904247,3.0,4.0,12.0,2023-09-19,9,19,1,0,0,0,0,0,1,0,1,0,0
TXN_6904590,4.0,2.0,8.0,2023-02-19,2,19,6,1,0,0,0,0,0,0,1,0,1
TXN_6904952,4.0,5.0,20.0,2023-04-04,4,4,1,0,0,0,1,0,0,0,0,1,1
TXN_6905143,5.0,2.0,10.0,2023-08-09,8,9,2,1,0,0,0,0,0,0,0,0,0
TXN_6905718,5.0,5.0,25.0,2023-02-20,2,20,0,0,0,0,1,0,0,0,1,0,0
TXN_6905794,1.0,5.0,5.0,2023-05-31,5,31,2,0,0,0,1,0,0,0,0,0,1
TXN_6907555,2.0,1.5,3.0,2023-09-21,9,21,3,0,0,0,0,0,0,1,1,0,0
TXN_6908287,1.0,1.0,1.0,2023-08-04,8,4,4,0,1,0,0,0,0,0,0,0,0
TXN_6908953,1.0,1.5,1.5,2023-12-08,12,8,4,0,0,0,0,0,0,1,0,1,0
TXN_6910030,4.0,2.0,8.0,2023-07-09,7,9,6,1,0,0,0,0,0,0,0,1,1
TXN_6910915,4.0,1.5,6.0,2023-05-06,5,6,5,0,0,0,0,0,0,1,0,1,1
TXN_6913384,3.0,1.5,4.5,2023-09-18,9,18,0,0,0,0,0,0,0,1,1,0,1
TXN_6915068,2.0,3.0,6.0,2023-11-26,11,26,6,0,0,1,0,0,0,0,0,0,0
TXN_6915192,4.0,2.0,8.0,2023-12-09,12,9,5,1,0,0,0,0,0,0,0,1,0
TXN_6915899,3.0,5.0,15.0,2023-05-29,5,29,0,0,0,0,1,0,0,0,1,0,0
TXN_6916853,5.0,4.0,20.0,2023-12-22,12,22,4,0,0,0,0,0,1,0,0,0,1
TXN_6919325,3.0,3.0,9.0,2023-02-05,2,5,6,0,0,0,0,0,0,0,0,0,0
TXN_6920323,1.0,4.0,4.0,2023-06-10,6,10,5,0,0,0,0,1,0,0,1,0,0
TXN_6921057,4.0,4.0,16.0,2023-07-10,7,10,0,0,0,0,0,1,0,0,0,1,1
TXN_6922833,1.0,1.5,1.5,2023-11-17,11,17,4,0,0,0,0,0,0,1,1,0,1
TXN_6923480,3.0,2.0,6.0,2023-10-27,10,27,4,1,0,0,0,0,0,0,0,0,1
TXN_6925284,5.0,3.0,15.0,2023-01-21,1,21,5,0,0,1,0,0,0,0,0,1,1
TXN_6926855,3.0,4.0,12.0,2023-01-12,1,12,3,0,0,0,0,1,0,0,0,0,1
TXN_6928137,3.0,3.0,9.0,2023-10-11,10,11,2,0,0,0,0,0,0,0,0,1,0
TXN_6928775,2.0,1.0,2.0,2023-03-25,3,25,5,0,1,0,0,0,0,0,0,0,0
TXN_6929413,1.0,1.5,1.5,2023-10-13,10,13,4,0,0,0,0,0,0,1,0,1,0
TXN_6929664,1.0,2.0,2.0,2023-03-05,3,5,6,1,0,0,0,0,0,0,0,1,1
TXN_6932070,4.0,1.5,6.0,2023-06-10,6,10,5,0,0,0,0,0,0,1,1,0,0
TXN_6932752,5.0,4.0,20.0,2023-09-20,9,20,2,0,0,0,0,0,1,0,0,1,0
TXN_6933222,1.0,1.5,1.5,2023-01-22,1,22,6,0,0,0,0,0,0,1,0,0,0
TXN_6935600,3.0,2.0,6.0,2023-01-02,1,2,0,1,0,0,0,0,0,0,0,1,1
TXN_6941542,3.0,4.0,12.0,2023-09-27,9,27,2,0,0,0,0,1,0,0,0,1,0
TXN_6945985,3.0,1.5,4.5,2023-02-13,2,13,0,0,0,0,0,0,0,1,0,1,0
TXN_6948649,5.0,1.5,7.5,2023-11-27,11,27,0,0,0,0,0,0,0,1,0,0,0
TXN_6949949,3.0,5.0,15.0,2023-05-14,5,14,6,0,0,0,1,0,0,0,0,1,1
TXN_6953244,5.0,4.0,20.0,2023-09-13,9,13,2,0,0,0,0,0,1,0,0,0,0
TXN_6953697,3.0,4.0,12.0,2023-05-27,5,27,5,0,0,0,0,0,1,0,0,1,1
TXN_6954434,3.0,3.0,9.0,2023-02-23,2,23,3,0,0,1,0,0,0,0,0,0,1
TXN_6955416,4.0,5.0,20.0,2023-02-25,2,25,5,0,0,0,1,0,0,0,0,1,0
TXN_6957001,4.0,1.5,6.0,2023-08-08,8,8,1,0,0,0,0,0,0,1,1,0,0
TXN_6957157,1.0,3.0,3.0,2023-02-01,2,1,2,0,0,0,0,0,0,0,0,1,0
TXN_6957331,3.0,3.0,9.0,2023-01-23,1,23,0,0,0,1,0,0,0,0,0,1,1
TXN_6958638,1.0,1.5,1.5,2023-11-27,11,27,0,0,0,0,0,0,0,1,0,1,1
TXN_6959065,5.0,2.0,10.0,2023-05-05,5,5,4,1,0,0,0,0,0,0,0,1,1
TXN_6959328,3.0,4.0,12.0,2023-04-23,4,23,6,0,0,0,0,1,0,0,1,0,1
TXN_6960031,5.0,4.0,20.0,2023-04-25,4,25,1,0,0,0,0,1,0,0,0,1,1
TXN_6960459,1.0,2.0,2.0,2023-07-24,7,24,0,1,0,0,0,0,0,0,1,0,0
TXN_6962242,1.0,3.0,3.0,2023-06-30,6,30,4,0,0,1,0,0,0,0,0,1,1
TXN_6962671,2.0,3.0,6.0,2023-01-20,1,20,4,0,0,0,0,0,0,0,0,1,0
TXN_6963106,1.0,4.0,4.0,2023-06-01,6,1,3,0,0,0,0,1,0,0,0,0,0
TXN_6966241,2.0,3.0,6.0,2023-04-13,4,13,3,0,0,1,0,0,0,0,0,1,0
TXN_6968752,1.0,1.5,1.5,2023-04-07,4,7,4,0,0,0,0,0,0,1,0,0,1
TXN_6970542,4.0,4.0,16.0,2023-08-04,8,4,4,0,0,0,0,1,0,0,1,0,0
TXN_6972491,1.0,4.0,4.0,2023-07-02,7,2,6,0,0,0,0,1,0,0,0,1,1
TXN_6974587,3.0,5.0,15.0,2023-06-16,6,16,4,0,0,0,1,0,0,0,0,0,1
TXN_6975499,1.0,2.0,2.0,2023-07-03,7,3,0,1,0,0,0,0,0,0,0,1,0
TXN_6975750,5.0,3.0,15.0,2023-01-08,1,8,6,0,0,1,0,0,0,0,0,1,1
TXN_6977098,5.0,3.0,15.0,2023-06-09,6,9,4,0,0,1,0,0,0,0,1,0,0
TXN_6979356,2.0,5.0,10.0,2023-09-21,9,21,3,0,0,0,1,0,0,0,0,1,0
TXN_6980463,1.0,5.0,5.0,2023-09-03,9,3,6,0,0,0,1,0,0,0,0,1,0
TXN_6983139,2.0,5.0,10.0,2023-12-18,12,18,0,0,0,0,1,0,0,0,1,0,1
TXN_6987232,5.0,3.0,15.0,2023-06-02,6,2,4,0,0,1,0,0,0,0,0,1,0
TXN_6987705,5.0,1.0,5.0,2023-06-04,6,4,6,0,1,0,0,0,0,0,0,0,1
TXN_6987950,4.0,3.0,12.0,2023-05-04,5,4,3,0,0,0,0,0,0,0,1,0,1
TXN_6988675,1.0,2.0,2.0,2023-02-24,2,24,4,1,0,0,0,0,0,0,0,1,0
TXN_6989000,2.0,1.5,3.0,2023-02-24,2,24,4,0,0,0,0,0,0,1,0,1,1
TXN_6989438,4.0,4.0,16.0,2023-12-17,12,17,6,0,0,0,0,1,0,0,0,0,1
TXN_6990331,1.0,3.0,3.0,2023-07-30,7,30,6,0,0,1,0,0,0,0,0,1,0
TXN_6991253,3.0,3.0,9.0,2023-12-13,12,13,2,0,0,1,0,0,0,0,1,0,0
TXN_6991430,5.0,1.0,5.0,2023-05-31,5,31,2,0,1,0,0,0,0,0,0,0,0
TXN_6991528,3.0,1.0,3.0,2023-08-17,8,17,3,0,1,0,0,0,0,0,0,1,1
TXN_6991736,2.0,3.0,6.0,2023-11-07,11,7,1,0,0,1,0,0,0,0,0,1,0
TXN_6992783,1.0,1.5,1.5,2023-01-29,1,29,6,0,0,0,0,0,0,1,0,1,1
TXN_6992967,5.0,4.0,20.0,2023-08-29,8,29,1,0,0,0,0,0,1,0,0,0,0
TXN_6993624,4.0,3.0,12.0,2023-05-09,5,9,1,0,0,0,0,0,0,0,0,0,0
TXN_6994245,4.0,2.0,8.0,2023-12-30,12,30,5,1,0,0,0,0,0,0,0,1,0
TXN_6994354,5.0,5.0,25.0,2023-07-03,7,3,0,0,0,0,1,0,0,0,0,1,1
TXN_6994752,4.0,3.0,12.0,2023-06-17,6,17,5,0,0,1,0,0,0,0,0,0,1
TXN_6995795,4.0,5.0,20.0,2023-11-28,11,28,1,0,0,0,1,0,0,0,0,0,0
TXN_6996548,1.0,2.0,2.0,2023-06-24,6,24,5,1,0,0,0,0,0,0,1,0,1
TXN_6999471,1.0,3.0,3.0,2023-08-07,8,7,0,0,0,0,0,0,0,0,1,0,1
TXN_7002929,1.0,1.0,1.0,2023-01-30,1,30,0,0,1,0,0,0,0,0,0,1,0
TXN_7003185,2.0,1.5,3.0,2023-06-03,6,3,5,0,0,0,0,0,0,1,0,1,0
TXN_7004303,3.0,4.0,12.0,2023-10-06,10,6,4,0,0,0,0,0,1,0,0,0,0
TXN_7004494,4.0,2.0,8.0,2023-03-17,3,17,4,1,0,0,0,0,0,0,0,1,1
TXN_7006741,2.0,4.0,8.0,2023-12-30,12,30,5,0,0,0,0,1,0,0,0,1,0
TXN_7008306,2.0,5.0,10.0,2023-04-11,4,11,1,0,0,0,1,0,0,0,0,1,1
TXN_7009420,5.0,4.0,20.0,2023-07-07,7,7,4,0,0,0,0,1,0,0,0,0,1
TXN_7010020,5.0,3.0,15.0,2023-08-07,8,7,0,0,0,0,0,0,0,0,0,1,0
TXN_7010218,4.0,1.0,4.0,2023-04-29,4,29,5,0,1,0,0,0,0,0,0,1,1
TXN_7010812,2.0,5.0,10.0,2023-11-13,11,13,0,0,0,0,1,0,0,0,0,1,0
TXN_7012065,3.0,2.0,6.0,2023-08-05,8,5,5,1,0,0,0,0,0,0,0,1,0
TXN_7013527,2.0,5.0,10.0,2023-05-18,5,18,3,0,0,0,1,0,0,0,1,0,0
TXN_7014091,5.0,2.0,10.0,2023-11-26,11,26,6,1,0,0,0,0,0,0,0,0,0
TXN_7014478,5.0,4.0,20.0,2023-04-26,4,26,2,0,0,0,0,0,1,0,0,0,1
TXN_7019782,5.0,4.0,20.0,2023-10-16,10,16,0,0,0,0,0,0,1,0,0,1,0
TXN_7020104,5.0,1.5,7.5,2023-01-23,1,23,0,0,0,0,0,0,0,1,0,1,0
TXN_7020671,1.0,2.0,2.0,2023-09-01,9,1,4,1,0,0,0,0,0,0,0,1,1
TXN_7021504,2.0,1.0,2.0,2023-05-31,5,31,2,0,1,0,0,0,0,0,0,1,0
TXN_7021592,4.0,5.0,20.0,2023-07-01,7,1,5,0,0,0,1,0,0,0,1,0,0
TXN_7021722,3.0,1.5,4.5,2023-07-27,7,27,3,0,0,0,0,0,0,1,0,1,1
TXN_7022398,4.0,4.0,16.0,2023-12-23,12,23,5,0,0,0,0,1,0,0,0,1,1
TXN_7023528,5.0,1.5,7.5,2023-10-28,10,28,5,0,0,0,0,0,0,1,0,0,0
TXN_7023753,5.0,2.0,10.0,2023-05-16,5,16,1,1,0,0,0,0,0,0,1,0,1
TXN_7026504,5.0,4.0,20.0,2023-03-29,3,29,2,0,0,0,0,1,0,0,0,0,0
TXN_7027319,3.0,4.0,12.0,2023-02-25,2,25,5,0,0,0,0,0,1,0,1,0,1
TXN_7027560,5.0,1.5,7.5,2023-10-05,10,5,3,0,0,0,0,0,0,1,0,1,0
TXN_7027905,1.0,4.0,4.0,2023-07-17,7,17,0,0,0,0,0,1,0,0,1,0,0
TXN_7029719,2.0,5.0,10.0,2023-06-18,6,18,6,0,0,0,1,0,0,0,0,1,1
TXN_7029944,2.0,1.0,2.0,2023-04-17,4,17,0,0,1,0,0,0,0,0,0,0,1
TXN_7030681,1.0,3.0,3.0,2023-10-01,10,1,6,0,0,1,0,0,0,0,0,0,1
TXN_7031118,1.0,5.0,5.0,2023-03-29,3,29,2,0,0,0,1,0,0,0,1,0,1
TXN_7031347,4.0,3.0,12.0,2023-06-09,6,9,4,0,0,0,0,0,0,0,1,0,1
TXN_7032256,5.0,4.0,20.0,2023-03-13,3,13,0,0,0,0,0,1,0,0,1,0,0
TXN_7032922,4.0,4.0,16.0,2023-08-18,8,18,4,0,0,0,0,1,0,0,0,1,0
TXN_7033977,4.0,4.0,16.0,2023-05-04,5,4,3,0,0,0,0,1,0,0,0,1,1
TXN_7034554,2.0,5.0,10.0,2023-04-27,4,27,3,0,0,0,1,0,0,0,1,0,1
TXN_7035067,2.0,5.0,10.0,2023-09-29,9,29,4,0,0,0,1,0,0,0,0,0,1
TXN_7037557,4.0,5.0,20.0,2023-05-02,5,2,1,0,0,0,1,0,0,0,0,0,1
TXN_7039529,3.0,1.0,3.0,2023-01-19,1,19,3,0,1,0,0,0,0,0,0,1,0
TXN_7041367,4.0,1.0,4.0,2023-01-04,1,4,2,0,1,0,0,0,0,0,0,1,0
TXN_7043825,2.0,3.0,6.0,2023-02-07,2,7,1,0,0,1,0,0,0,0,0,0,1
TXN_7046631,4.0,2.0,8.0,2023-05-18,5,18,3,1,0,0,0,0,0,0,0,1,0
TXN_7047040,2.0,5.0,10.0,2023-02-16,2,16,3,0,0,0,1,0,0,0,0,1,1
TXN_7047860,2.0,2.0,4.0,2023-06-18,6,18,6,1,0,0,0,0,0,0,0,1,1
TXN_7049149,4.0,4.0,16.0,2023-08-27,8,27,6,0,0,0,0,1,0,0,0,1,1
TXN_7049861,5.0,3.0,15.0,2023-01-20,1,20,4,0,0,0,0,0,0,0,0,0,0
TXN_7050740,1.0,3.0,3.0,2023-07-12,7,12,2,0,0,0,0,0,0,0,0,0,1
TXN_7051359,5.0,2.0,10.0,2023-10-30,10,30,0,1,0,0,0,0,0,0,0,1,1
TXN_7051683,3.0,3.0,9.0,2023-11-16,11,16,3,0,0,1,0,0,0,0,0,1,0
TXN_7052672,1.0,3.0,3.0,2023-06-29,6,29,3,0,0,1,0,0,0,0,1,0,0
TXN_7053280,5.0,2.0,10.0,2023-05-28,5,28,6,1,0,0,0,0,0,0,1,0,0
TXN_7053830,3.0,2.0,6.0,2023-02-14,2,14,1,1,0,0,0,0,0,0,0,1,0
TXN_7054393,2.0,2.0,4.0,2023-05-30,5,30,1,1,0,0,0,0,0,0,0,1,0
TXN_7054849,4.0,3.0,12.0,2023-06-16,6,16,4,0,0,0,0,0,0,0,0,0,1
TXN_7055260,4.0,4.0,16.0,2023-06-20,6,20,1,0,0,0,0,1,0,0,0,1,0
TXN_7055306,1.0,5.0,5.0,2023-03-09,3,9,3,0,0,0,1,0,0,0,0,1,1
TXN_7056162,3.0,4.0,12.0,2023-03-04,3,4,5,0,0,0,0,0,1,0,0,1,0
TXN_7057481,3.0,4.0,12.0,2023-07-11,7,11,1,0,0,0,0,0,1,0,0,0,0
TXN_7058377,1.0,3.0,3.0,2023-04-30,4,30,6,0,0,1,0,0,0,0,0,1,1
TXN_7060691,5.0,5.0,25.0,2023-10-25,10,25,2,0,0,0,1,0,0,0,1,0,1
TXN_7062893,2.0,4.0,8.0,2023-10-15,10,15,6,0,0,0,0,0,1,0,0,1,0
TXN_7063005,1.0,3.0,3.0,2023-01-18,1,18,2,0,0,0,0,0,0,0,0,1,0
TXN_7063124,1.0,3.0,3.0,2023-04-10,4,10,0,0,0,0,0,0,0,0,0,1,1
TXN_7064604,3.0,2.0,6.0,2023-03-26,3,26,6,1,0,0,0,0,0,0,0,1,0
TXN_7068361,5.0,3.0,15.0,2023-12-25,12,25,0,0,0,1,0,0,0,0,1,0,1
TXN_7068406,2.0,3.0,6.0,2023-01-26,1,26,3,0,0,1,0,0,0,0,0,1,1
TXN_7068653,2.0,1.0,2.0,2023-06-05,6,5,0,0,1,0,0,0,0,0,0,0,0
TXN_7068823,4.0,4.0,16.0,2023-06-28,6,28,2,0,0,0,0,0,1,0,0,1,1
TXN_7070302,3.0,5.0,15.0,2023-04-30,4,30,6,0,0,0,1,0,0,0,0,1,0
TXN_7071783,4.0,1.0,4.0,2023-07-04,7,4,1,0,1,0,0,0,0,0,0,0,0
TXN_7072581,2.0,1.0,2.0,2023-08-12,8,12,5,0,1,0,0,0,0,0,1,0,1
TXN_7072883,1.0,4.0,4.0,2023-10-05,10,5,3,0,0,0,0,0,1,0,1,0,1
TXN_7075261,1.0,3.0,3.0,2023-07-29,7,29,5,0,0,1,0,0,0,0,0,1,0
TXN_7077119,1.0,4.0,4.0,2023-12-30,12,30,5,0,0,0,0,0,1,0,0,1,0
TXN_7077961,4.0,1.5,6.0,2023-09-19,9,19,1,0,0,0,0,0,0,1,0,1,1
TXN_7078232,5.0,3.0,15.0,2023-11-21,11,21,1,0,0,0,0,0,0,0,0,1,1
TXN_7079566,4.0,3.0,12.0,2023-10-20,10,20,4,0,0,1,0,0,0,0,0,1,0
TXN_7080148,3.0,3.0,9.0,2023-12-30,12,30,5,0,0,0,0,0,0,0,0,1,0
TXN_7082667,4.0,5.0,20.0,2023-08-03,8,3,3,0,0,0,1,0,0,0,0,0,0
TXN_7083168,4.0,1.0,4.0,2023-06-01,6,1,3,0,1,0,0,0,0,0,0,1,1
TXN_7083611,2.0,3.0,6.0,2023-05-15,5,15,0,0,0,0,0,0,0,0,0,1,1
TXN_7084298,3.0,3.0,9.0,2023-02-18,2,18,5,0,0,0,0,0,0,0,1,0,1
TXN_7085875,3.0,3.0,9.0,2023-08-23,8,23,2,0,0,1,0,0,0,0,0,1,0
TXN_7086603,4.0,3.0,12.0,2023-03-18,3,18,5,0,0,0,0,0,0,0,1,0,0
TXN_7089173,1.0,3.0,3.0,2023-01-14,1,14,5,0,0,1,0,0,0,0,0,1,1
TXN_7089316,2.0,1.5,3.0,2023-11-27,11,27,0,0,0,0,0,0,0,1,0,0,0
TXN_7089466,4.0,1.0,4.0,2023-12-26,12,26,1,0,1,0,0,0,0,0,0,1,1
TXN_7089712,5.0,3.0,15.0,2023-08-13,8,13,6,0,0,0,0,0,0,0,0,0,1
TXN_7090165,5.0,4.0,20.0,2023-08-30,8,30,2,0,0,0,0,1,0,0,0,1,0
TXN_7090563,3.0,4.0,12.0,2023-08-17,8,17,3,0,0,0,0,0,1,0,1,0,0
TXN_7092761,4.0,5.0,20.0,2023-05-11,5,11,3,0,0,0,1,0,0,0,0,1,1
TXN_7093219,4.0,4.0,16.0,2023-06-06,6,6,1,0,0,0,0,0,1,0,1,0,0
TXN_7094898,4.0,5.0,20.0,2023-06-20,6,20,1,0,0,0,1,0,0,0,0,0,1
TXN_7097699,4.0,1.5,6.0,2023-12-16,12,16,5,0,0,0,0,0,0,1,0,1,1
TXN_7097760,3.0,2.0,6.0,2023-10-24,10,24,1,1,0,0,0,0,0,0,0,1,0
TXN_7098730,2.0,3.0,6.0,2023-11-10,11,10,4,0,0,0,0,0,0,0,0,1,0
TXN_7099050,3.0,5.0,15.0,2023-01-18,1,18,2,0,0,0,1,0,0,0,1,0,1
TXN_7100596,5.0,4.0,20.0,2023-09-14,9,14,3,0,0,0,0,0,1,0,1,0,0
TXN_7101384,1.0,2.0,2.0,2023-04-23,4,23,6,1,0,0,0,0,0,0,0,1,1
TXN_7101802,4.0,2.0,8.0,2023-03-19,3,19,6,1,0,0,0,0,0,0,0,1,1
TXN_7102166,4.0,2.0,8.0,2023-12-08,12,8,4,1,0,0,0,0,0,0,0,1,0
TXN_7104682,5.0,1.0,5.0,2023-08-31,8,31,3,0,1,0,0,0,0,0,0,1,1
TXN_7105069,1.0,2.0,2.0,2023-12-06,12,6,2,1,0,0,0,0,0,0,0,0,1
TXN_7106595,2.0,1.5,3.0,2023-06-19,6,19,0,0,0,0,0,0,0,1,1,0,1
TXN_7107807,1.0,1.0,1.0,2023-11-01,11,1,2,0,1,0,0,0,0,0,0,1,1
TXN_7108012,1.0,1.5,1.5,2023-12-31,12,31,6,0,0,0,0,0,0,1,0,1,1
TXN_7108056,3.0,3.0,9.0,2023-01-25,1,25,2,0,0,1,0,0,0,0,1,0,0
TXN_7109358,5.0,5.0,25.0,2023-05-02,5,2,1,0,0,0,1,0,0,0,0,1,1
TXN_7110444,4.0,5.0,20.0,2023-12-07,12,7,3,0,0,0,1,0,0,0,0,0,0
TXN_7113656,2.0,3.0,6.0,2023-01-22,1,22,6,0,0,1,0,0,0,0,1,0,1
TXN_7116267,4.0,4.0,16.0,2023-07-29,7,29,5,0,0,0,0,0,1,0,0,1,0
TXN_7116936,5.0,2.0,10.0,2023-05-19,5,19,4,1,0,0,0,0,0,0,1,0,1
TXN_7117210,4.0,3.0,12.0,2023-09-25,9,25,0,0,0,1,0,0,0,0,0,1,0
TXN_7119228,4.0,3.0,12.0,2023-10-09,10,9,0,0,0,0,0,0,0,0,0,1,0
TXN_7122109,5.0,2.0,10.0,2023-05-19,5,19,4,1,0,0,0,0,0,0,0,1,1
TXN_7122708,5.0,4.0,20.0,2023-06-23,6,23,4,0,0,0,0,1,0,0,0,1,1
TXN_7123353,4.0,1.0,4.0,2023-02-08,2,8,2,0,1,0,0,0,0,0,0,1,0
TXN_7124156,1.0,5.0,5.0,2023-07-28,7,28,4,0,0,0,1,0,0,0,1,0,1
TXN_7125392,4.0,1.0,4.0,2023-07-05,7,5,2,0,1,0,0,0,0,0,0,1,1
TXN_7125395,1.0,5.0,5.0,2023-07-23,7,23,6,0,0,0,1,0,0,0,0,0,1
TXN_7125945,3.0,3.0,9.0,2023-01-30,1,30,0,0,0,0,0,0,0,0,1,0,0
TXN_7126770,4.0,3.0,12.0,2023-11-09,11,9,3,0,0,0,0,0,0,0,1,0,1
TXN_7126803,5.0,4.0,20.0,2023-05-24,5,24,2,0,0,0,0,1,0,0,0,1,1
TXN_7127903,5.0,2.0,10.0,2023-11-27,11,27,0,1,0,0,0,0,0,0,0,1,0
TXN_7129511,5.0,2.0,10.0,2023-10-29,10,29,6,1,0,0,0,0,0,0,0,0,1
TXN_7131251,2.0,1.5,3.0,2023-06-28,6,28,2,0,0,0,0,0,0,1,0,1,0
TXN_7134064,5.0,4.0,20.0,2023-04-04,4,4,1,0,0,0,0,0,1,0,1,0,1
TXN_7134579,5.0,1.0,5.0,2023-06-06,6,6,1,0,1,0,0,0,0,0,0,1,1
TXN_7136372,3.0,3.0,9.0,2023-09-22,9,22,4,0,0,1,0,0,0,0,1,0,1
TXN_7137256,2.0,4.0,8.0,2023-06-22,6,22,3,0,0,0,0,1,0,0,0,0,0
TXN_7137364,5.0,5.0,25.0,2023-08-09,8,9,2,0,0,0,1,0,0,0,0,0,0
TXN_7137800,1.0,1.5,1.5,2023-02-22,2,22,2,0,0,0,0,0,0,1,0,1,1
TXN_7139053,4.0,5.0,20.0,2023-09-12,9,12,1,0,0,0,1,0,0,0,0,1,1
TXN_7139869,1.0,1.5,1.5,2023-06-22,6,22,3,0,0,0,0,0,0,1,0,0,0
TXN_7140471,1.0,3.0,3.0,2023-05-25,5,25,3,0,0,0,0,0,0,0,1,0,0
TXN_7143535,2.0,1.0,2.0,2023-05-21,5,21,6,0,1,0,0,0,0,0,0,1,0
TXN_7144740,4.0,3.0,12.0,2023-07-24,7,24,0,0,0,0,0,0,0,0,0,1,0
TXN_7145259,2.0,3.0,6.0,2023-11-11,11,11,5,0,0,1,0,0,0,0,0,1,0
TXN_7145672,1.0,4.0,4.0,2023-10-11,10,11,2,0,0,0,0,1,0,0,1,0,1
TXN_7145872,5.0,5.0,25.0,2023-04-15,4,15,5,0,0,0,1,0,0,0,0,1,1
TXN_7146613,1.0,4.0,4.0,2023-08-01,8,1,1,0,0,0,0,0,1,0,0,0,1
TXN_7146871,2.0,2.0,4.0,2023-09-20,9,20,2,1,0,0,0,0,0,0,0,1,1
TXN_7151374,4.0,1.5,6.0,2023-07-30,7,30,6,0,0,0,0,0,0,1,1,0,0
TXN_7151817,1.0,4.0,4.0,2023-05-18,5,18,3,0,0,0,0,1,0,0,0,0,0
TXN_7152012,3.0,4.0,12.0,2023-04-02,4,2,6,0,0,0,0,1,0,0,0,1,0
TXN_7153313,1.0,1.5,1.5,2023-12-29,12,29,4,0,0,0,0,0,0,1,0,0,0
TXN_7153321,5.0,5.0,25.0,2023-12-19,12,19,1,0,0,0,1,0,0,0,1,0,1
TXN_7153455,4.0,2.0,8.0,2023-07-02,7,2,6,1,0,0,0,0,0,0,0,1,1
TXN_7153665,5.0,5.0,25.0,2023-07-31,7,31,0,0,0,0,1,0,0,0,0,0,0
TXN_7153885,1.0,5.0,5.0,2023-05-22,5,22,0,0,0,0,1,0,0,0,1,0,0
TXN_7155957,5.0,5.0,25.0,2023-02-22,2,22,2,0,0,0,1,0,0,0,0,1,0
TXN_7157169,3.0,4.0,12.0,2023-01-29,1,29,6,0,0,0,0,1,0,0,0,1,1
TXN_7160017,1.0,3.0,3.0,2023-09-27,9,27,2,0,0,1,0,0,0,0,0,0,0
TXN_7160196,1.0,4.0,4.0,2023-12-06,12,6,2,0,0,0,0,1,0,0,0,1,0
TXN_7163533,4.0,4.0,16.0,2023-08-17,8,17,3,0,0,0,0,0,1,0,1,0,1
TXN_7166936,4.0,1.0,4.0,2023-09-25,9,25,0,0,1,0,0,0,0,0,0,1,0
TXN_7167980,3.0,4.0,12.0,2023-10-05,10,5,3,0,0,0,0,0,1,0,1,0,0
TXN_7169607,2.0,3.0,6.0,2023-04-10,4,10,0,0,0,0,0,0,0,0,1,0,1
TXN_7171303,1.0,4.0,4.0,2023-04-30,4,30,6,0,0,0,0,1,0,0,0,1,0
TXN_7171590,3.0,2.0,6.0,2023-04-24,4,24,0,1,0,0,0,0,0,0,1,0,0
TXN_7172693,5.0,5.0,25.0,2023-03-23,3,23,3,0,0,0,1,0,0,0,1,0,0
TXN_7174856,1.0,4.0,4.0,2023-05-03,5,3,2,0,0,0,0,1,0,0,0,0,1
TXN_7176851,4.0,1.5,6.0,2023-11-20,11,20,0,0,0,0,0,0,0,1,1,0,1
TXN_7177487,4.0,1.5,6.0,2023-09-07,9,7,3,0,0,0,0,0,0,1,1,0,0
TXN_7177709,5.0,3.0,15.0,2023-03-08,3,8,2,0,0,1,0,0,0,0,0,1,1
TXN_7179013,5.0,3.0,15.0,2023-05-06,5,6,5,0,0,1,0,0,0,0,1,0,0
TXN_7179827,4.0,3.0,12.0,2023-06-28,6,28,2,0,0,1,0,0,0,0,1,0,0
TXN_7179922,2.0,3.0,6.0,2023-09-05,9,5,1,0,0,0,0,0,0,0,0,1,0
TXN_7180164,5.0,4.0,20.0,2023-01-05,1,5,3,0,0,0,0,1,0,0,0,0,1
TXN_7185724,4.0,3.0,12.0,2023-05-06,5,6,5,0,0,0,0,0,0,0,0,1,1
TXN_7186675,4.0,1.0,4.0,2023-11-09,11,9,3,0,1,0,0,0,0,0,0,0,1
TXN_7187128,5.0,1.5,7.5,2023-08-24,8,24,3,0,0,0,0,0,0,1,0,0,1
TXN_7187140,2.0,3.0,6.0,2023-05-25,5,25,3,0,0,1,0,0,0,0,1,0,0
TXN_7187207,5.0,2.0,10.0,2023-02-18,2,18,5,1,0,0,0,0,0,0,0,0,1
TXN_7187578,5.0,5.0,25.0,2023-11-20,11,20,0,0,0,0,1,0,0,0,0,1,0
TXN_7188412,1.0,4.0,4.0,2023-08-08,8,8,1,0,0,0,0,1,0,0,0,1,1
TXN_7189368,2.0,4.0,8.0,2023-01-22,1,22,6,0,0,0,0,1,0,0,1,0,1
TXN_7191245,4.0,3.0,12.0,2023-05-22,5,22,0,0,0,0,0,0,0,0,0,1,1
TXN_7192920,4.0,4.0,16.0,2023-02-28,2,28,1,0,0,0,0,0,1,0,0,1,0
TXN_7195393,2.0,5.0,10.0,2023-01-24,1,24,1,0,0,0,1,0,0,0,1,0,0
TXN_7196144,3.0,4.0,12.0,2023-03-28,3,28,1,0,0,0,0,0,1,0,1,0,1
TXN_7198128,2.0,3.0,6.0,2023-09-07,9,7,3,0,0,0,0,0,0,0,0,1,0
TXN_7201361,3.0,4.0,12.0,2023-05-26,5,26,4,0,0,0,0,0,1,0,0,0,0
TXN_7201724,1.0,5.0,5.0,2023-03-20,3,20,0,0,0,0,1,0,0,0,0,0,1
TXN_7202644,5.0,4.0,20.0,2023-08-01,8,1,1,0,0,0,0,0,1,0,0,1,1
TXN_7202898,4.0,1.0,4.0,2023-07-18,7,18,1,0,1,0,0,0,0,0,0,1,1
TXN_7205370,4.0,4.0,16.0,2023-12-07,12,7,3,0,0,0,0,0,1,0,0,0,1
TXN_7205840,3.0,5.0,15.0,2023-03-05,3,5,6,0,0,0,1,0,0,0,0,1,0
TXN_7206160,2.0,4.0,8.0,2023-09-07,9,7,3,0,0,0,0,1,0,0,0,1,1
TXN_7207901,2.0,4.0,8.0,2023-12-11,12,11,0,0,0,0,0,0,1,0,0,1,0
TXN_7208533,1.0,1.5,1.5,2023-05-15,5,15,0,0,0,0,0,0,0,1,0,0,0
TXN_7208983,1.0,5.0,5.0,2023-09-28,9,28,3,0,0,0,1,0,0,0,0,1,0
TXN_7210366,2.0,3.0,6.0,2023-03-25,3,25,5,0,0,0,0,0,0,0,0,1,0
TXN_7211769,1.0,3.0,3.0,2023-09-11,9,11,0,0,0,1,0,0,0,0,1,0,1
TXN_7211792,3.0,1.5,4.5,2023-11-27,11,27,0,0,0,0,0,0,0,1,0,1,1
TXN_7212607,3.0,2.0,6.0,2023-08-06,8,6,6,1,0,0,0,0,0,0,0,1,0
TXN_7213830,5.0,3.0,15.0,2023-08-04,8,4,4,0,0,0,0,0,0,0,1,0,0
TXN_7215311,1.0,1.5,1.5,2023-07-31,7,31,0,0,0,0,0,0,0,1,1,0,1
TXN_7215900,3.0,2.0,6.0,2023-08-26,8,26,5,1,0,0,0,0,0,0,0,0,1
TXN_7215985,4.0,1.5,6.0,2023-08-07,8,7,0,0,0,0,0,0,0,1,1,0,0
TXN_7216161,4.0,1.5,6.0,2023-07-06,7,6,3,0,0,0,0,0,0,1,1,0,0
TXN_7216922,5.0,3.0,15.0,2023-06-26,6,26,0,0,0,1,0,0,0,0,1,0,0
TXN_7217284,3.0,5.0,15.0,2023-12-29,12,29,4,0,0,0,1,0,0,0,0,0,0
TXN_7217537,3.0,5.0,15.0,2023-12-19,12,19,1,0,0,0,1,0,0,0,0,0,0
TXN_7218134,5.0,3.0,15.0,2023-01-14,1,14,5,0,0,0,0,0,0,0,0,0,0
TXN_7218719,1.0,3.0,3.0,2023-10-07,10,7,5,0,0,0,0,0,0,0,0,0,0
TXN_7218914,1.0,5.0,5.0,2023-01-11,1,11,2,0,0,0,1,0,0,0,0,1,0
TXN_7221126,5.0,1.5,7.5,2023-10-11,10,11,2,0,0,0,0,0,0,1,0,1,0
TXN_7221831,3.0,2.0,6.0,2023-03-26,3,26,6,1,0,0,0,0,0,0,1,0,0
TXN_7222483,5.0,4.0,20.0,2023-05-02,5,2,1,0,0,0,0,1,0,0,0,1,1
TXN_7223120,1.0,3.0,3.0,2023-03-13,3,13,0,0,0,1,0,0,0,0,0,0,1
TXN_7223387,3.0,3.0,9.0,2023-12-17,12,17,6,0,0,1,0,0,0,0,0,0,1
TXN_7223646,5.0,1.0,5.0,2023-09-19,9,19,1,0,1,0,0,0,0,0,1,0,1
TXN_7223850,2.0,5.0,10.0,2023-02-05,2,5,6,0,0,0,1,0,0,0,1,0,1
TXN_7225428,2.0,1.5,3.0,2023-03-07,3,7,1,0,0,0,0,0,0,1,1,0,1
TXN_7226052,3.0,4.0,12.0,2023-02-21,2,21,1,0,0,0,0,1,0,0,0,0,0
TXN_7226406,1.0,3.0,3.0,2023-02-11,2,11,5,0,0,0,0,0,0,0,1,0,0
TXN_7228322,1.0,1.0,1.0,2023-02-18,2,18,5,0,1,0,0,0,0,0,1,0,1
TXN_7228816,1.0,5.0,5.0,2023-04-21,4,21,4,0,0,0,1,0,0,0,0,1,0
TXN_7229419,2.0,5.0,10.0,2023-05-15,5,15,0,0,0,0,1,0,0,0,0,1,1
TXN_7229543,1.0,3.0,3.0,2023-07-10,7,10,0,0,0,0,0,0,0,0,1,0,1
TXN_7229918,2.0,2.0,4.0,2023-03-24,3,24,4,1,0,0,0,0,0,0,0,1,1
TXN_7230500,3.0,3.0,9.0,2023-12-12,12,12,1,0,0,1,0,0,0,0,1,0,0
TXN_7230977,5.0,3.0,15.0,2023-08-24,8,24,3,0,0,0,0,0,0,0,0,0,1
TXN_7231153,1.0,5.0,5.0,2023-06-15,6,15,3,0,0,0,1,0,0,0,0,0,0
TXN_7231548,3.0,4.0,12.0,2023-11-06,11,6,0,0,0,0,0,0,1,0,1,0,0
TXN_7232524,3.0,1.0,3.0,2023-12-23,12,23,5,0,1,0,0,0,0,0,0,0,0
TXN_7233393,5.0,3.0,15.0,2023-11-22,11,22,2,0,0,1,0,0,0,0,1,0,0
TXN_7234224,3.0,3.0,9.0,2023-10-31,10,31,1,0,0,0,0,0,0,0,0,1,0
TXN_7238674,1.0,1.0,1.0,2023-11-03,11,3,4,0,1,0,0,0,0,0,0,1,0
TXN_7241288,5.0,4.0,20.0,2023-04-11,4,11,1,0,0,0,0,1,0,0,0,0,1
TXN_7242133,3.0,2.0,6.0,2023-05-20,5,20,5,1,0,0,0,0,0,0,0,1,0
TXN_7242713,1.0,4.0,4.0,2023-04-21,4,21,4,0,0,0,0,1,0,0,0,1,0
TXN_7246683,1.0,4.0,4.0,2023-05-17,5,17,2,0,0,0,0,0,1,0,0,1,1
TXN_7246698,3.0,4.0,12.0,2023-06-22,6,22,3,0,0,0,0,1,0,0,0,1,0
TXN_7248594,3.0,2.0,6.0,2023-03-26,3,26,6,1,0,0,0,0,0,0,1,0,0
TXN_7248722,3.0,3.0,9.0,2023-04-06,4,6,3,0,0,0,0,0,0,0,0,0,1
TXN_7249235,3.0,4.0,12.0,2023-05-27,5,27,5,0,0,0,0,1,0,0,0,0,1
TXN_7249396,1.0,3.0,3.0,2023-09-26,9,26,1,0,0,0,0,0,0,0,0,0,0
TXN_7250085,4.0,2.0,8.0,2023-09-19,9,19,1,1,0,0,0,0,0,0,0,1,1
TXN_7251037,3.0,5.0,15.0,2023-08-17,8,17,3,0,0,0,1,0,0,0,1,0,0
TXN_7251108,3.0,3.0,9.0,2023-10-04,10,4,2,0,0,0,0,0,0,0,1,0,0
TXN_7251929,2.0,5.0,10.0,2023-01-31,1,31,1,0,0,0,1,0,0,0,0,1,0
TXN_7251969,2.0,1.0,2.0,2023-08-14,8,14,0,0,1,0,0,0,0,0,0,1,0
TXN_7252860,3.0,1.0,3.0,2023-06-18,6,18,6,0,1,0,0,0,0,0,0,1,1
TXN_7253734,5.0,4.0,20.0,2023-09-28,9,28,3,0,0,0,0,1,0,0,0,1,0
TXN_7254494,5.0,2.0,10.0,2023-03-16,3,16,3,1,0,0,0,0,0,0,1,0,1
TXN_7255755,5.0,4.0,20.0,2023-10-19,10,19,3,0,0,0,0,1,0,0,0,1,1
TXN_7256205,4.0,3.0,12.0,2023-04-08,4,8,5,0,0,1,0,0,0,0,0,0,0
TXN_7258784,4.0,2.0,8.0,2023-09-21,9,21,3,1,0,0,0,0,0,0,0,0,0
TXN_7260110,5.0,5.0,25.0,2023-03-07,3,7,1,0,0,0,1,0,0,0,1,0,0
TXN_7262554,3.0,5.0,15.0,2023-07-08,7,8,5,0,0,0,1,0,0,0,1,0,0
TXN_7263939,1.0,4.0,4.0,2023-08-08,8,8,1,0,0,0,0,1,0,0,0,1,1
TXN_7264039,5.0,3.0,15.0,2023-09-19,9,19,1,0,0,0,0,0,0,0,0,0,1
TXN_7266318,1.0,4.0,4.0,2023-01-16,1,16,0,0,0,0,0,1,0,0,0,1,0
TXN_7267366,3.0,4.0,12.0,2023-06-02,6,2,4,0,0,0,0,1,0,0,0,1,1
TXN_7268366,5.0,3.0,15.0,2023-12-14,12,14,3,0,0,1,0,0,0,0,0,1,0
TXN_7268387,3.0,3.0,9.0,2023-04-09,4,9,6,0,0,1,0,0,0,0,1,0,1
TXN_7268802,2.0,5.0,10.0,2023-04-10,4,10,0,0,0,0,1,0,0,0,0,1,1
TXN_7269513,3.0,5.0,15.0,2023-05-12,5,12,4,0,0,0,1,0,0,0,0,0,0
TXN_7269738,3.0,1.0,3.0,2023-05-26,5,26,4,0,1,0,0,0,0,0,0,0,1
TXN_7270652,1.0,4.0,4.0,2023-05-14,5,14,6,0,0,0,0,1,0,0,0,1,1
TXN_7272630,4.0,1.5,6.0,2023-03-24,3,24,4,0,0,0,0,0,0,1,0,0,1
TXN_7272945,4.0,4.0,16.0,2023-04-13,4,13,3,0,0,0,0,0,1,0,0,1,1
TXN_7275407,2.0,4.0,8.0,2023-10-20,10,20,4,0,0,0,0,0,1,0,0,1,0
TXN_7276452,3.0,2.0,6.0,2023-06-05,6,5,0,1,0,0,0,0,0,0,0,1,1
TXN_7276478,5.0,4.0,20.0,2023-09-07,9,7,3,0,0,0,0,1,0,0,0,0,1
TXN_7276927,5.0,2.0,10.0,2023-07-06,7,6,3,1,0,0,0,0,0,0,0,0,1
TXN_7277750,2.0,3.0,6.0,2023-09-29,9,29,4,0,0,0,0,0,0,0,0,1,0
TXN_7278248,5.0,5.0,25.0,2023-10-23,10,23,0,0,0,0,1,0,0,0,0,0,1
TXN_7278328,1.0,4.0,4.0,2023-01-29,1,29,6,0,0,0,0,0,1,0,1,0,0
TXN_7278970,2.0,5.0,10.0,2023-08-15,8,15,1,0,0,0,1,0,0,0,0,1,0
TXN_7279066,5.0,3.0,15.0,2023-09-09,9,9,5,0,0,0,0,0,0,0,0,1,1
TXN_7280191,3.0,2.0,6.0,2023-08-23,8,23,2,1,0,0,0,0,0,0,0,1,1
TXN_7282082,4.0,4.0,16.0,2023-02-02,2,2,3,0,0,0,0,1,0,0,0,0,0
TXN_7286934,2.0,4.0,8.0,2023-03-27,3,27,0,0,0,0,0,0,1,0,1,0,0
TXN_7290923,3.0,5.0,15.0,2023-02-09,2,9,3,0,0,0,1,0,0,0,0,1,1
TXN_7292548,4.0,1.0,4.0,2023-03-24,3,24,4,0,1,0,0,0,0,0,0,1,1
TXN_7292790,4.0,1.0,4.0,2023-06-13,6,13,1,0,1,0,0,0,0,0,0,0,0
TXN_7293241,1.0,2.0,2.0,2023-08-27,8,27,6,1,0,0,0,0,0,0,0,1,1
TXN_7293600,3.0,3.0,9.0,2023-10-28,10,28,5,0,0,0,0,0,0,0,0,1,0
TXN_7294526,5.0,4.0,20.0,2023-12-02,12,2,5,0,0,0,0,0,1,0,0,1,1
TXN_7296498,5.0,5.0,25.0,2023-05-19,5,19,4,0,0,0,1,0,0,0,1,0,1
TXN_7296560,2.0,3.0,6.0,2023-10-20,10,20,4,0,0,1,0,0,0,0,0,1,0
TXN_7299015,5.0,2.0,10.0,2023-12-02,12,2,5,1,0,0,0,0,0,0,0,1,1
TXN_7300653,5.0,1.0,5.0,2023-04-24,4,24,0,0,1,0,0,0,0,0,0,1,0
TXN_7302788,1.0,2.0,2.0,2023-09-18,9,18,0,1,0,0,0,0,0,0,0,0,0
TXN_7302991,4.0,4.0,16.0,2023-04-05,4,5,2,0,0,0,0,0,1,0,0,1,1
TXN_7303515,4.0,5.0,20.0,2023-05-29,5,29,0,0,0,0,1,0,0,0,0,0,0
TXN_7303706,2.0,2.0,4.0,2023-12-14,12,14,3,1,0,0,0,0,0,0,0,0,0
TXN_7308096,2.0,1.5,3.0,2023-08-13,8,13,6,0,0,0,0,0,0,1,0,0,1
TXN_7308222,2.0,5.0,10.0,2023-03-09,3,9,3,0,0,0,1,0,0,0,0,1,1
TXN_7308629,4.0,5.0,20.0,2023-11-24,11,24,4,0,0,0,1,0,0,0,0,1,1
TXN_7309365,2.0,3.0,6.0,2023-08-31,8,31,3,0,0,0,0,0,0,0,0,0,1
TXN_7310356,4.0,3.0,12.0,2023-10-20,10,20,4,0,0,1,0,0,0,0,0,1,0
TXN_7310903,3.0,4.0,12.0,2023-09-10,9,10,6,0,0,0,0,0,1,0,1,0,1
TXN_7311097,5.0,2.0,10.0,2023-08-05,8,5,5,1,0,0,0,0,0,0,0,1,0
TXN_7311815,4.0,1.0,4.0,2023-05-11,5,11,3,0,1,0,0,0,0,0,0,1,1
TXN_7312277,4.0,3.0,12.0,2023-09-07,9,7,3,0,0,1,0,0,0,0,0,1,0
TXN_7312448,1.0,1.5,1.5,2023-01-16,1,16,0,0,0,0,0,0,0,1,0,1,0
TXN_7312736,2.0,1.0,2.0,2023-12-02,12,2,5,0,1,0,0,0,0,0,0,1,1
TXN_7313328,1.0,3.0,3.0,2023-01-03,1,3,1,0,0,1,0,0,0,0,0,1,1
TXN_7314409,5.0,4.0,20.0,2023-08-06,8,6,6,0,0,0,0,0,1,0,1,0,0
TXN_7315198,2.0,5.0,10.0,2023-09-23,9,23,5,0,0,0,1,0,0,0,1,0,1
TXN_7316790,1.0,2.0,2.0,2023-11-07,11,7,1,1,0,0,0,0,0,0,1,0,0
TXN_7317475,4.0,5.0,20.0,2023-06-21,6,21,2,0,0,0,1,0,0,0,0,0,1
TXN_7321479,1.0,3.0,3.0,2023-10-31,10,31,1,0,0,0,0,0,0,0,0,1,0
TXN_7321789,3.0,3.0,9.0,2023-05-10,5,10,2,0,0,1,0,0,0,0,0,1,1
TXN_7321946,3.0,3.0,9.0,2023-02-12,2,12,6,0,0,0,0,0,0,0,0,0,1
TXN_7322317,1.0,1.5,1.5,2023-03-16,3,16,3,0,0,0,0,0,0,1,0,1,0
TXN_7322436,3.0,4.0,12.0,2023-06-29,6,29,3,0,0,0,0,1,0,0,0,1,0
TXN_7323040,3.0,1.0,3.0,2023-11-09,11,9,3,0,1,0,0,0,0,0,0,1,1
TXN_7323833,3.0,4.0,12.0,2023-04-09,4,9,6,0,0,0,0,1,0,0,1,0,1
TXN_7323885,5.0,4.0,20.0,2023-09-15,9,15,4,0,0,0,0,1,0,0,0,0,0
TXN_7325430,2.0,2.0,4.0,2023-04-17,4,17,0,1,0,0,0,0,0,0,0,0,1
TXN_7325508,4.0,5.0,20.0,2023-05-27,5,27,5,0,0,0,1,0,0,0,1,0,1
TXN_7326075,1.0,1.0,1.0,2023-06-12,6,12,0,0,1,0,0,0,0,0,0,0,1
TXN_7326720,2.0,3.0,6.0,2023-12-08,12,8,4,0,0,0,0,0,0,0,0,1,0
TXN_7326827,1.0,4.0,4.0,2023-06-30,6,30,4,0,0,0,0,0,1,0,0,1,0
TXN_7326974,4.0,3.0,12.0,2023-12-31,12,31,6,0,0,0,0,0,0,0,1,0,0
TXN_7327362,5.0,2.0,10.0,2023-06-29,6,29,3,1,0,0,0,0,0,0,1,0,0
TXN_7327440,3.0,1.0,3.0,2023-05-02,5,2,1,0,1,0,0,0,0,0,0,0,0
TXN_7328209,3.0,4.0,12.0,2023-03-01,3,1,2,0,0,0,0,1,0,0,1,0,0
TXN_7328294,2.0,3.0,6.0,2023-07-07,7,7,4,0,0,1,0,0,0,0,0,0,1
TXN_7328604,2.0,5.0,10.0,2023-02-25,2,25,5,0,0,0,1,0,0,0,1,0,0
TXN_7328705,4.0,1.0,4.0,2023-09-09,9,9,5,0,1,0,0,0,0,0,0,1,1
TXN_7330330,2.0,1.0,2.0,2023-10-16,10,16,0,0,1,0,0,0,0,0,0,1,0
TXN_7331903,1.0,5.0,5.0,2023-05-23,5,23,1,0,0,0,1,0,0,0,0,1,1
TXN_7332192,1.0,2.0,2.0,2023-11-17,11,17,4,1,0,0,0,0,0,0,1,0,1
TXN_7332957,5.0,4.0,20.0,2023-07-26,7,26,2,0,0,0,0,1,0,0,0,1,0
TXN_7334272,2.0,4.0,8.0,2023-07-07,7,7,4,0,0,0,0,1,0,0,1,0,1
TXN_7334418,2.0,1.0,2.0,2023-03-24,3,24,4,0,1,0,0,0,0,0,0,1,1
TXN_7335526,4.0,4.0,16.0,2023-06-03,6,3,5,0,0,0,0,1,0,0,0,0,0
TXN_7337979,1.0,2.0,2.0,2023-05-27,5,27,5,1,0,0,0,0,0,0,0,1,0
TXN_7340284,5.0,1.0,5.0,2023-09-05,9,5,1,0,1,0,0,0,0,0,0,1,1
TXN_7341975,2.0,3.0,6.0,2023-07-29,7,29,5,0,0,1,0,0,0,0,0,1,1
TXN_7341998,3.0,3.0,9.0,2023-02-18,2,18,5,0,0,0,0,0,0,0,0,1,1
TXN_7343062,5.0,4.0,20.0,2023-08-11,8,11,4,0,0,0,0,1,0,0,0,1,0
TXN_7343342,2.0,1.0,2.0,2023-12-21,12,21,3,0,1,0,0,0,0,0,0,0,1
TXN_7343660,5.0,5.0,25.0,2023-08-06,8,6,6,0,0,0,1,0,0,0,1,0,0
TXN_7343905,1.0,3.0,3.0,2023-01-17,1,17,1,0,0,0,0,0,0,0,0,1,0
TXN_7345190,4.0,4.0,16.0,2023-02-20,2,20,0,0,0,0,0,0,1,0,0,1,0
TXN_7345414,1.0,5.0,5.0,2023-02-15,2,15,2,0,0,0,1,0,0,0,1,0,1
TXN_7347515,3.0,4.0,12.0,2023-04-25,4,25,1,0,0,0,0,0,1,0,0,1,1
TXN_7349134,1.0,4.0,4.0,2023-05-28,5,28,6,0,0,0,0,1,0,0,1,0,0
TXN_7349319,3.0,1.0,3.0,2023-03-10,3,10,4,0,1,0,0,0,0,0,0,1,1
TXN_7349681,1.0,5.0,5.0,2023-08-09,8,9,2,0,0,0,1,0,0,0,0,0,0
TXN_7350571,1.0,4.0,4.0,2023-02-19,2,19,6,0,0,0,0,0,1,0,1,0,0
TXN_7352058,2.0,2.0,4.0,2023-08-24,8,24,3,1,0,0,0,0,0,0,0,1,1
TXN_7353699,5.0,1.5,7.5,2023-07-20,7,20,3,0,0,0,0,0,0,1,0,1,0
TXN_7353972,4.0,3.0,12.0,2023-02-02,2,2,3,0,0,0,0,0,0,0,0,0,0
TXN_7354271,4.0,1.0,4.0,2023-04-12,4,12,2,0,1,0,0,0,0,0,0,1,0
TXN_7354480,2.0,3.0,6.0,2023-01-17,1,17,1,0,0,0,0,0,0,0,0,0,0
TXN_7355326,1.0,1.0,1.0,2023-01-03,1,3,1,0,1,0,0,0,0,0,0,1,1
TXN_7355635,3.0,3.0,9.0,2023-12-21,12,21,3,0,0,1,0,0,0,0,0,1,0
TXN_7358729,2.0,1.0,2.0,2023-02-25,2,25,5,0,1,0,0,0,0,0,0,0,1
TXN_7359190,3.0,5.0,15.0,2023-12-19,12,19,1,0,0,0,1,0,0,0,0,1,1
TXN_7359566,1.0,2.0,2.0,2023-04-06,4,6,3,1,0,0,0,0,0,0,0,0,0
TXN_7360979,1.0,4.0,4.0,2023-08-16,8,16,2,0,0,0,0,1,0,0,0,1,0
TXN_7362525,5.0,3.0,15.0,2023-06-09,6,9,4,0,0,0,0,0,0,0,0,0,1
TXN_7362526,1.0,3.0,3.0,2023-09-16,9,16,5,0,0,1,0,0,0,0,1,0,1
TXN_7362776,5.0,1.0,5.0,2023-01-26,1,26,3,0,1,0,0,0,0,0,0,1,0
TXN_7365744,4.0,1.0,4.0,2023-08-20,8,20,6,0,1,0,0,0,0,0,0,0,0
TXN_7366807,3.0,5.0,15.0,2023-10-22,10,22,6,0,0,0,1,0,0,0,0,1,1
TXN_7367134,4.0,4.0,16.0,2023-10-03,10,3,1,0,0,0,0,0,1,0,0,1,1
TXN_7367474,5.0,3.0,15.0,2023-01-01,1,1,6,0,0,1,0,0,0,0,0,1,1
TXN_7368194,2.0,4.0,8.0,2023-10-29,10,29,6,0,0,0,0,0,1,0,1,0,0
TXN_7368518,3.0,3.0,9.0,2023-03-14,3,14,1,0,0,0,0,0,0,0,0,1,0
TXN_7368648,1.0,1.5,1.5,2023-03-09,3,9,3,0,0,0,0,0,0,1,0,1,0
TXN_7369807,4.0,2.0,8.0,2023-02-22,2,22,2,1,0,0,0,0,0,0,0,1,0
TXN_7371295,3.0,3.0,9.0,2023-03-28,3,28,1,0,0,1,0,0,0,0,0,1,1
TXN_7371782,3.0,1.5,4.5,2023-02-26,2,26,6,0,0,0,0,0,0,1,0,0,0
TXN_7373126,2.0,4.0,8.0,2023-11-18,11,18,5,0,0,0,0,0,1,0,1,0,0
TXN_7374304,5.0,1.5,7.5,2023-05-10,5,10,2,0,0,0,0,0,0,1,0,1,0
TXN_7374846,1.0,4.0,4.0,2023-05-29,5,29,0,0,0,0,0,1,0,0,1,0,0
TXN_7375024,1.0,1.0,1.0,2023-12-10,12,10,6,0,1,0,0,0,0,0,0,0,0
TXN_7376092,4.0,1.0,4.0,2023-11-07,11,7,1,0,1,0,0,0,0,0,0,0,0
TXN_7376255,5.0,5.0,25.0,2023-05-27,5,27,5,0,0,0,1,0,0,0,0,1,0
TXN_7377398,2.0,3.0,6.0,2023-02-26,2,26,6,0,0,1,0,0,0,0,0,0,1
TXN_7377496,1.0,3.0,3.0,2023-02-28,2,28,1,0,0,1,0,0,0,0,1,0,1
TXN_7379939,1.0,1.0,1.0,2023-04-21,4,21,4,0,1,0,0,0,0,0,0,0,0
TXN_7380217,1.0,1.5,1.5,2023-09-10,9,10,6,0,0,0,0,0,0,1,0,1,0
TXN_7380277,4.0,4.0,16.0,2023-04-24,4,24,0,0,0,0,0,1,0,0,0,1,1
TXN_7380756,1.0,5.0,5.0,2023-10-16,10,16,0,0,0,0,1,0,0,0,0,1,1
TXN_7383137,2.0,2.0,4.0,2023-12-02,12,2,5,1,0,0,0,0,0,0,1,0,0
TXN_7384923,2.0,4.0,8.0,2023-01-24,1,24,1,0,0,0,0,1,0,0,0,1,1
TXN_7386089,2.0,4.0,8.0,2023-07-15,7,15,5,0,0,0,0,1,0,0,0,1,0
TXN_7387056,4.0,3.0,12.0,2023-10-24,10,24,1,0,0,1,0,0,0,0,1,0,0
TXN_7387416,3.0,3.0,9.0,2023-12-15,12,15,4,0,0,1,0,0,0,0,0,0,1
TXN_7388752,1.0,5.0,5.0,2023-08-28,8,28,0,0,0,0,1,0,0,0,1,0,1
TXN_7388851,1.0,4.0,4.0,2023-09-30,9,30,5,0,0,0,0,0,1,0,0,1,0
TXN_7389329,4.0,2.0,8.0,2023-01-18,1,18,2,1,0,0,0,0,0,0,0,1,1
TXN_7391138,5.0,1.5,7.5,2023-08-23,8,23,2,0,0,0,0,0,0,1,0,0,0
TXN_7391267,3.0,3.0,9.0,2023-12-07,12,7,3,0,0,0,0,0,0,0,0,1,0
TXN_7396497,5.0,4.0,20.0,2023-02-10,2,10,4,0,0,0,0,1,0,0,1,0,0
TXN_7397665,5.0,5.0,25.0,2023-11-11,11,11,5,0,0,0,1,0,0,0,1,0,1
TXN_7398884,3.0,4.0,12.0,2023-12-24,12,24,6,0,0,0,0,0,1,0,0,1,1
TXN_7399897,4.0,3.0,12.0,2023-11-14,11,14,1,0,0,0,0,0,0,0,0,1,1
TXN_7399898,3.0,3.0,9.0,2023-02-19,2,19,6,0,0,1,0,0,0,0,0,0,1
TXN_7400015,4.0,3.0,12.0,2023-01-27,1,27,4,0,0,1,0,0,0,0,0,0,1
TXN_7401217,4.0,5.0,20.0,2023-02-06,2,6,0,0,0,0,1,0,0,0,0,1,0
TXN_7401710,5.0,4.0,20.0,2023-10-24,10,24,1,0,0,0,0,1,0,0,0,0,0
TXN_7402573,4.0,4.0,16.0,2023-02-13,2,13,0,0,0,0,0,1,0,0,0,1,1
TXN_7402846,2.0,3.0,6.0,2023-10-11,10,11,2,0,0,1,0,0,0,0,1,0,1
TXN_7403839,1.0,2.0,2.0,2023-12-23,12,23,5,1,0,0,0,0,0,0,1,0,0
TXN_7403963,4.0,4.0,16.0,2023-07-27,7,27,3,0,0,0,0,1,0,0,0,0,0
TXN_7406393,5.0,1.5,7.5,2023-06-18,6,18,6,0,0,0,0,0,0,1,1,0,1
TXN_7407946,3.0,5.0,15.0,2023-03-26,3,26,6,0,0,0,1,0,0,0,1,0,1
TXN_7408461,3.0,3.0,9.0,2023-11-05,11,5,6,0,0,1,0,0,0,0,0,1,0
TXN_7411993,2.0,3.0,6.0,2023-02-11,2,11,5,0,0,0,0,0,0,0,0,1,0
TXN_7412012,1.0,2.0,2.0,2023-08-02,8,2,2,1,0,0,0,0,0,0,0,0,0
TXN_7412722,4.0,3.0,12.0,2023-04-07,4,7,4,0,0,1,0,0,0,0,0,0,0
TXN_7412782,2.0,1.0,2.0,2023-03-28,3,28,1,0,1,0,0,0,0,0,0,1,1
TXN_7413282,5.0,3.0,15.0,2023-10-13,10,13,4,0,0,0,0,0,0,0,0,1,0
TXN_7414587,3.0,1.5,4.5,2023-03-22,3,22,2,0,0,0,0,0,0,1,0,0,1
TXN_7415686,3.0,4.0,12.0,2023-04-13,4,13,3,0,0,0,0,1,0,0,1,0,0
TXN_7416196,2.0,4.0,8.0,2023-10-20,10,20,4,0,0,0,0,0,1,0,0,0,0
TXN_7416669,3.0,1.5,4.5,2023-09-28,9,28,3,0,0,0,0,0,0,1,0,0,1
TXN_7416770,3.0,3.0,9.0,2023-04-08,4,8,5,0,0,1,0,0,0,0,0,1,1
TXN_7416880,1.0,3.0,3.0,2023-07-20,7,20,3,0,0,0,0,0,0,0,1,0,0
TXN_7418152,4.0,1.0,4.0,2023-09-21,9,21,3,0,1,0,0,0,0,0,0,0,1
TXN_7418562,4.0,4.0,16.0,2023-01-15,1,15,6,0,0,0,0,1,0,0,0,1,0
TXN_7418962,4.0,4.0,16.0,2023-03-07,3,7,1,0,0,0,0,0,1,0,0,0,0
TXN_7419274,2.0,3.0,6.0,2023-12-18,12,18,0,0,0,1,0,0,0,0,0,0,1
TXN_7420434,4.0,2.0,8.0,2023-07-16,7,16,6,1,0,0,0,0,0,0,1,0,1
TXN_7421018,4.0,4.0,16.0,2023-08-26,8,26,5,0,0,0,0,1,0,0,0,1,1
TXN_7421687,5.0,2.0,10.0,2023-11-18,11,18,5,1,0,0,0,0,0,0,1,0,0
TXN_7423281,1.0,3.0,3.0,2023-06-01,6,1,3,0,0,1,0,0,0,0,0,1,0
TXN_7423885,4.0,3.0,12.0,2023-09-06,9,6,2,0,0,1,0,0,0,0,0,1,1
TXN_7426086,4.0,2.0,8.0,2023-01-13,1,13,4,1,0,0,0,0,0,0,0,1,0
TXN_7426387,5.0,4.0,20.0,2023-10-30,10,30,0,0,0,0,0,0,1,0,0,0,0
TXN_7427357,4.0,3.0,12.0,2023-10-31,10,31,1,0,0,0,0,0,0,0,0,1,0
TXN_7429032,2.0,4.0,8.0,2023-08-18,8,18,4,0,0,0,0,1,0,0,0,1,1
TXN_7430227,3.0,3.0,9.0,2023-07-24,7,24,0,0,0,0,0,0,0,0,0,0,0
TXN_7433269,1.0,1.5,1.5,2023-05-18,5,18,3,0,0,0,0,0,0,1,0,0,0
TXN_7433308,4.0,5.0,20.0,2023-02-14,2,14,1,0,0,0,1,0,0,0,0,0,1
TXN_7433461,2.0,1.0,2.0,2023-07-09,7,9,6,0,1,0,0,0,0,0,0,1,0
TXN_7433531,2.0,4.0,8.0,2023-08-16,8,16,2,0,0,0,0,1,0,0,1,0,1
TXN_7433758,1.0,1.0,1.0,2023-06-09,6,9,4,0,1,0,0,0,0,0,0,0,1
TXN_7434172,2.0,1.0,2.0,2023-11-14,11,14,1,0,1,0,0,0,0,0,0,1,1
TXN_7435096,4.0,1.5,6.0,2023-10-21,10,21,5,0,0,0,0,0,0,1,1,0,0
TXN_7435796,2.0,2.0,4.0,2023-11-03,11,3,4,1,0,0,0,0,0,0,0,0,0
TXN_7436097,5.0,2.0,10.0,2023-10-25,10,25,2,1,0,0,0,0,0,0,1,0,1
TXN_7438831,5.0,2.0,10.0,2023-12-24,12,24,6,1,0,0,0,0,0,0,0,0,1
TXN_7439400,3.0,5.0,15.0,2023-06-28,6,28,2,0,0,0,1,0,0,0,0,1,1
TXN_7440057,1.0,3.0,3.0,2023-07-05,7,5,2,0,0,1,0,0,0,0,1,0,0
TXN_7440879,1.0,3.0,3.0,2023-12-30,12,30,5,0,0,0,0,0,0,0,0,1,0
TXN_7442492,5.0,5.0,25.0,2023-07-23,7,23,6,0,0,0,1,0,0,0,1,0,1
TXN_7444541,2.0,5.0,10.0,2023-11-29,11,29,2,0,0,0,1,0,0,0,0,0,0
TXN_7445257,1.0,2.0,2.0,2023-04-02,4,2,6,1,0,0,0,0,0,0,0,1,1
TXN_7448158,2.0,3.0,6.0,2023-09-28,9,28,3,0,0,0,0,0,0,0,0,1,1
TXN_7448296,1.0,1.0,1.0,2023-11-15,11,15,2,0,1,0,0,0,0,0,1,0,0
TXN_7451083,1.0,2.0,2.0,2023-06-24,6,24,5,1,0,0,0,0,0,0,0,1,1
TXN_7453213,3.0,2.0,6.0,2023-10-27,10,27,4,1,0,0,0,0,0,0,0,0,0
TXN_7454416,1.0,1.5,1.5,2023-12-07,12,7,3,0,0,0,0,0,0,1,1,0,1
TXN_7454894,1.0,1.5,1.5,2023-07-25,7,25,1,0,0,0,0,0,0,1,0,0,1
TXN_7455637,3.0,3.0,9.0,2023-04-23,4,23,6,0,0,1,0,0,0,0,0,1,1
TXN_7455953,2.0,2.0,4.0,2023-05-01,5,1,0,1,0,0,0,0,0,0,0,1,1
TXN_7458568,5.0,4.0,20.0,2023-05-09,5,9,1,0,0,0,0,0,1,0,0,1,1
TXN_7460497,5.0,3.0,15.0,2023-11-13,11,13,0,0,0,0,0,0,0,0,0,0,0
TXN_7461544,4.0,1.0,4.0,2023-08-22,8,22,1,0,1,0,0,0,0,0,1,0,1
TXN_7461658,3.0,2.0,6.0,2023-08-13,8,13,6,1,0,0,0,0,0,0,1,0,0
TXN_7463011,2.0,4.0,8.0,2023-01-22,1,22,6,0,0,0,0,1,0,0,0,1,0
TXN_7463102,5.0,4.0,20.0,2023-11-27,11,27,0,0,0,0,0,0,1,0,0,0,1
TXN_7465693,3.0,4.0,12.0,2023-09-04,9,4,0,0,0,0,0,1,0,0,0,1,0
TXN_7466297,1.0,1.0,1.0,2023-07-13,7,13,3,0,1,0,0,0,0,0,0,1,0
TXN_7466586,4.0,5.0,20.0,2023-04-02,4,2,6,0,0,0,1,0,0,0,0,1,1
TXN_7467621,4.0,5.0,20.0,2023-01-28,1,28,5,0,0,0,1,0,0,0,1,0,1
TXN_7468084,5.0,2.0,10.0,2023-06-14,6,14,2,1,0,0,0,0,0,0,1,0,0
TXN_7469771,5.0,3.0,15.0,2023-12-09,12,9,5,0,0,0,0,0,0,0,0,1,0
TXN_7470910,2.0,5.0,10.0,2023-11-22,11,22,2,0,0,0,1,0,0,0,0,0,0
TXN_7471281,5.0,4.0,20.0,2023-06-16,6,16,4,0,0,0,0,1,0,0,0,1,0
TXN_7471753,5.0,4.0,20.0,2023-03-13,3,13,0,0,0,0,0,0,1,0,0,0,0
TXN_7475500,2.0,1.0,2.0,2023-11-22,11,22,2,0,1,0,0,0,0,0,0,0,1
TXN_7476268,2.0,3.0,6.0,2023-06-07,6,7,2,0,0,1,0,0,0,0,1,0,1
TXN_7476348,2.0,2.0,4.0,2023-10-09,10,9,0,1,0,0,0,0,0,0,1,0,0
TXN_7477271,5.0,1.5,7.5,2023-07-12,7,12,2,0,0,0,0,0,0,1,0,1,1
TXN_7478306,2.0,1.5,3.0,2023-06-14,6,14,2,0,0,0,0,0,0,1,0,1,0
TXN_7478389,5.0,1.0,5.0,2023-10-13,10,13,4,0,1,0,0,0,0,0,0,1,1
TXN_7479695,5.0,4.0,20.0,2023-12-12,12,12,1,0,0,0,0,0,1,0,1,0,0
TXN_7480234,1.0,5.0,5.0,2023-05-10,5,10,2,0,0,0,1,0,0,0,0,0,1
TXN_7480853,2.0,4.0,8.0,2023-10-07,10,7,5,0,0,0,0,0,1,0,0,1,0
TXN_7480940,2.0,2.0,4.0,2023-01-25,1,25,2,1,0,0,0,0,0,0,0,0,0
TXN_7482834,5.0,4.0,20.0,2023-05-16,5,16,1,0,0,0,0,1,0,0,0,1,0
TXN_7483257,2.0,4.0,8.0,2023-06-05,6,5,0,0,0,0,0,1,0,0,0,1,1
TXN_7483986,2.0,5.0,10.0,2023-03-24,3,24,4,0,0,0,1,0,0,0,0,1,1
TXN_7484638,3.0,4.0,12.0,2023-10-17,10,17,1,0,0,0,0,1,0,0,0,1,0
TXN_7484682,1.0,3.0,3.0,2023-12-28,12,28,3,0,0,1,0,0,0,0,0,0,0
TXN_7484886,3.0,4.0,12.0,2023-04-17,4,17,0,0,0,0,0,0,1,0,0,1,1
TXN_7485379,1.0,3.0,3.0,2023-03-27,3,27,0,0,0,1,0,0,0,0,1,0,1
TXN_7485706,5.0,1.0,5.0,2023-11-15,11,15,2,0,1,0,0,0,0,0,1,0,1
TXN_7485712,4.0,4.0,16.0,2023-04-15,4,15,5,0,0,0,0,1,0,0,0,0,0
TXN_7486118,4.0,4.0,16.0,2023-05-22,5,22,0,0,0,0,0,1,0,0,0,1,1
TXN_7490314,2.0,1.0,2.0,2023-05-14,5,14,6,0,1,0,0,0,0,0,0,1,0
TXN_7493097,5.0,3.0,15.0,2023-11-04,11,4,5,0,0,0,0,0,0,0,1,0,1
TXN_7493740,1.0,3.0,3.0,2023-05-18,5,18,3,0,0,0,0,0,0,0,0,1,0
TXN_7493800,5.0,3.0,15.0,2023-08-16,8,16,2,0,0,0,0,0,0,0,1,0,1
TXN_7494793,5.0,4.0,20.0,2023-12-29,12,29,4,0,0,0,0,0,1,0,0,1,1
TXN_7495283,5.0,3.0,15.0,2023-04-14,4,14,4,0,0,0,0,0,0,0,1,0,1
TXN_7495804,3.0,3.0,9.0,2023-11-24,11,24,4,0,0,1,0,0,0,0,1,0,1
TXN_7496394,4.0,4.0,16.0,2023-06-12,6,12,0,0,0,0,0,0,1,0,0,1,1
TXN_7496926,3.0,4.0,12.0,2023-04-23,4,23,6,0,0,0,0,1,0,0,0,0,0
TXN_7497122,5.0,4.0,20.0,2023-03-23,3,23,3,0,0,0,0,1,0,0,0,1,1
TXN_7497565,4.0,1.0,4.0,2023-10-07,10,7,5,0,1,0,0,0,0,0,0,1,1
TXN_7498727,3.0,5.0,15.0,2023-11-06,11,6,0,0,0,0,1,0,0,0,0,0,1
TXN_7498795,2.0,1.0,2.0,2023-03-11,3,11,5,0,1,0,0,0,0,0,0,0,1
TXN_7499330,1.0,1.0,1.0,2023-10-28,10,28,5,0,1,0,0,0,0,0,1,0,0
TXN_7501002,1.0,2.0,2.0,2023-08-23,8,23,2,1,0,0,0,0,0,0,0,1,1
TXN_7501717,1.0,4.0,4.0,2023-08-03,8,3,3,0,0,0,0,1,0,0,1,0,0
TXN_7502273,5.0,2.0,10.0,2023-11-14,11,14,1,1,0,0,0,0,0,0,0,1,0
TXN_7502558,5.0,3.0,15.0,2023-02-23,2,23,3,0,0,1,0,0,0,0,0,1,0
TXN_7503593,5.0,1.0,5.0,2023-04-19,4,19,2,0,1,0,0,0,0,0,0,1,1
TXN_7503640,3.0,5.0,15.0,2023-11-04,11,4,5,0,0,0,1,0,0,0,0,1,1
TXN_7505290,4.0,5.0,20.0,2023-10-21,10,21,5,0,0,0,1,0,0,0,0,1,1
TXN_7507071,2.0,4.0,8.0,2023-01-10,1,10,1,0,0,0,0,0,1,0,0,1,0
TXN_7507962,4.0,4.0,16.0,2023-06-22,6,22,3,0,0,0,0,0,1,0,0,1,0
TXN_7508715,2.0,4.0,8.0,2023-12-11,12,11,0,0,0,0,0,0,1,0,0,0,0
TXN_7509630,3.0,1.0,3.0,2023-04-20,4,20,3,0,1,0,0,0,0,0,0,0,0
TXN_7510217,5.0,1.5,7.5,2023-10-24,10,24,1,0,0,0,0,0,0,1,1,0,0
TXN_7510766,3.0,2.0,6.0,2023-07-24,7,24,0,1,0,0,0,0,0,0,0,1,0
TXN_7511261,3.0,3.0,9.0,2023-03-26,3,26,6,0,0,1,0,0,0,0,0,1,1
TXN_7511351,4.0,1.5,6.0,2023-10-07,10,7,5,0,0,0,0,0,0,1,0,0,1
TXN_7514047,1.0,5.0,5.0,2023-03-08,3,8,2,0,0,0,1,0,0,0,0,0,0
TXN_7514279,1.0,5.0,5.0,2023-02-04,2,4,5,0,0,0,1,0,0,0,1,0,0
TXN_7514589,3.0,3.0,9.0,2023-07-25,7,25,1,0,0,1,0,0,0,0,0,0,1
TXN_7515082,2.0,2.0,4.0,2023-10-21,10,21,5,1,0,0,0,0,0,0,0,1,0
TXN_7515272,1.0,3.0,3.0,2023-08-12,8,12,5,0,0,0,0,0,0,0,0,1,1
TXN_7515290,3.0,4.0,12.0,2023-12-23,12,23,5,0,0,0,0,0,1,0,0,1,1
TXN_7516790,2.0,3.0,6.0,2023-01-08,1,8,6,0,0,0,0,0,0,0,0,1,0
TXN_7517241,2.0,4.0,8.0,2023-01-18,1,18,2,0,0,0,0,1,0,0,0,1,1
TXN_7517996,2.0,3.0,6.0,2023-10-22,10,22,6,0,0,0,0,0,0,0,0,0,0
TXN_7519611,4.0,1.5,6.0,2023-10-08,10,8,6,0,0,0,0,0,0,1,1,0,0
TXN_7521634,3.0,1.0,3.0,2023-01-22,1,22,6,0,1,0,0,0,0,0,0,1,1
TXN_7524971,4.0,1.5,6.0,2023-09-05,9,5,1,0,0,0,0,0,0,1,0,1,1
TXN_7524977,4.0,2.0,8.0,2023-12-09,12,9,5,1,0,0,0,0,0,0,0,1,1
TXN_7526174,3.0,3.0,9.0,2023-08-06,8,6,6,0,0,1,0,0,0,0,1,0,0
TXN_7527249,3.0,1.5,4.5,2023-03-29,3,29,2,0,0,0,0,0,0,1,0,1,1
TXN_7527954,4.0,3.0,12.0,2023-12-09,12,9,5,0,0,0,0,0,0,0,0,0,1
TXN_7528294,3.0,3.0,9.0,2023-09-27,9,27,2,0,0,1,0,0,0,0,0,1,1
TXN_7529735,3.0,2.0,6.0,2023-08-12,8,12,5,1,0,0,0,0,0,0,0,1,0
TXN_7530300,3.0,2.0,6.0,2023-05-08,5,8,0,1,0,0,0,0,0,0,0,1,1
TXN_7530692,1.0,2.0,2.0,2023-06-30,6,30,4,1,0,0,0,0,0,0,1,0,1
TXN_7531403,2.0,4.0,8.0,2023-07-08,7,8,5,0,0,0,0,0,1,0,0,0,0
TXN_7531745,2.0,3.0,6.0,2023-06-23,6,23,4,0,0,0,0,0,0,0,0,0,0
TXN_7533411,1.0,1.0,1.0,2023-11-09,11,9,3,0,1,0,0,0,0,0,0,1,0
TXN_7533540,5.0,4.0,20.0,2023-11-01,11,1,2,0,0,0,0,1,0,0,1,0,0
TXN_7533675,3.0,4.0,12.0,2023-10-28,10,28,5,0,0,0,0,0,1,0,0,1,0
TXN_7538221,5.0,3.0,15.0,2023-03-31,3,31,4,0,0,0,0,0,0,0,1,0,1
TXN_7538570,4.0,4.0,16.0,2023-04-18,4,18,1,0,0,0,0,0,1,0,1,0,1
TXN_7538724,1.0,4.0,4.0,2023-05-17,5,17,2,0,0,0,0,1,0,0,0,1,0
TXN_7538763,1.0,4.0,4.0,2023-11-18,11,18,5,0,0,0,0,0,1,0,0,1,1
TXN_7539585,5.0,4.0,20.0,2023-10-20,10,20,4,0,0,0,0,0,1,0,0,0,1
TXN_7539774,1.0,5.0,5.0,2023-02-12,2,12,6,0,0,0,1,0,0,0,0,1,0
TXN_7540909,2.0,1.5,3.0,2023-02-20,2,20,0,0,0,0,0,0,0,1,0,1,1
TXN_7543369,5.0,1.5,7.5,2023-11-18,11,18,5,0,0,0,0,0,0,1,0,1,1
TXN_7543722,3.0,1.0,3.0,2023-08-26,8,26,5,0,1,0,0,0,0,0,0,1,0
TXN_7543765,1.0,3.0,3.0,2023-10-26,10,26,3,0,0,0,0,0,0,0,0,1,0
TXN_7543841,3.0,1.0,3.0,2023-11-07,11,7,1,0,1,0,0,0,0,0,0,0,0
TXN_7543921,3.0,2.0,6.0,2023-12-06,12,6,2,1,0,0,0,0,0,0,0,0,0
TXN_7548260,2.0,3.0,6.0,2023-02-27,2,27,0,0,0,1,0,0,0,0,0,0,1
TXN_7548396,2.0,1.5,3.0,2023-04-06,4,6,3,0,0,0,0,0,0,1,0,1,0
TXN_7550103,5.0,3.0,15.0,2023-01-19,1,19,3,0,0,0,0,0,0,0,0,0,1
TXN_7551023,5.0,5.0,25.0,2023-10-06,10,6,4,0,0,0,1,0,0,0,0,0,1
TXN_7551097,2.0,3.0,6.0,2023-06-12,6,12,0,0,0,0,0,0,0,0,0,1,0
TXN_7551280,4.0,1.0,4.0,2023-04-14,4,14,4,0,1,0,0,0,0,0,1,0,1
TXN_7551689,5.0,1.0,5.0,2023-09-16,9,16,5,0,1,0,0,0,0,0,0,0,0
TXN_7552449,3.0,3.0,9.0,2023-05-26,5,26,4,0,0,0,0,0,0,0,0,0,0
TXN_7554731,1.0,3.0,3.0,2023-02-02,2,2,3,0,0,0,0,0,0,0,1,0,0
TXN_7555408,2.0,5.0,10.0,2023-06-06,6,6,1,0,0,0,1,0,0,0,0,1,0
TXN_7556108,5.0,1.0,5.0,2023-01-17,1,17,1,0,1,0,0,0,0,0,0,1,1
TXN_7557340,5.0,1.5,7.5,2023-12-11,12,11,0,0,0,0,0,0,0,1,1,0,0
TXN_7558010,4.0,3.0,12.0,2023-03-27,3,27,0,0,0,1,0,0,0,0,0,1,1
TXN_7558641,1.0,2.0,2.0,2023-12-22,12,22,4,1,0,0,0,0,0,0,0,1,0
TXN_7559388,4.0,5.0,20.0,2023-02-26,2,26,6,0,0,0,1,0,0,0,0,1,1
TXN_7560178,5.0,1.0,5.0,2023-08-17,8,17,3,0,1,0,0,0,0,0,0,1,0
TXN_7560210,5.0,3.0,15.0,2023-02-21,2,21,1,0,0,1,0,0,0,0,1,0,1
TXN_7560807,2.0,5.0,10.0,2023-04-16,4,16,6,0,0,0,1,0,0,0,1,0,0
TXN_7560989,3.0,4.0,12.0,2023-06-16,6,16,4,0,0,0,0,1,0,0,0,1,1
TXN_7562171,1.0,1.5,1.5,2023-09-02,9,2,5,0,0,0,0,0,0,1,0,1,0
TXN_7562313,2.0,3.0,6.0,2023-12-15,12,15,4,0,0,0,0,0,0,0,0,0,1
TXN_7563589,5.0,4.0,20.0,2023-09-19,9,19,1,0,0,0,0,0,1,0,0,0,0
TXN_7565052,5.0,4.0,20.0,2023-06-18,6,18,6,0,0,0,0,0,1,0,0,1,0
TXN_7565447,1.0,5.0,5.0,2023-02-15,2,15,2,0,0,0,1,0,0,0,1,0,1
TXN_7565894,1.0,5.0,5.0,2023-07-15,7,15,5,0,0,0,1,0,0,0,0,0,1
TXN_7566250,3.0,5.0,15.0,2023-06-04,6,4,6,0,0,0,1,0,0,0,0,1,1
TXN_7568112,5.0,5.0,25.0,2023-06-29,6,29,3,0,0,0,1,0,0,0,0,0,0
TXN_7568175,1.0,5.0,5.0,2023-11-06,11,6,0,0,0,0,1,0,0,0,0,0,0
TXN_7568316,2.0,3.0,6.0,2023-11-28,11,28,1,0,0,0,0,0,0,0,1,0,1
TXN_7569615,2.0,3.0,6.0,2023-06-07,6,7,2,0,0,1,0,0,0,0,0,0,1
TXN_7571571,2.0,4.0,8.0,2023-04-09,4,9,6,0,0,0,0,1,0,0,1,0,1
TXN_7573801,2.0,3.0,6.0,2023-12-14,12,14,3,0,0,0,0,0,0,0,0,1,0
TXN_7574828,2.0,2.0,4.0,2023-09-24,9,24,6,1,0,0,0,0,0,0,1,0,0
TXN_7578769,5.0,4.0,20.0,2023-01-30,1,30,0,0,0,0,0,1,0,0,0,1,1
TXN_7580441,1.0,2.0,2.0,2023-08-09,8,9,2,1,0,0,0,0,0,0,0,0,1
TXN_7580803,4.0,3.0,12.0,2023-04-06,4,6,3,0,0,1,0,0,0,0,0,0,0
TXN_7581536,2.0,4.0,8.0,2023-12-29,12,29,4,0,0,0,0,0,1,0,0,0,0
TXN_7581760,3.0,2.0,6.0,2023-08-13,8,13,6,1,0,0,0,0,0,0,1,0,0
TXN_7584025,4.0,1.5,6.0,2023-09-18,9,18,0,0,0,0,0,0,0,1,0,1,0
TXN_7584389,4.0,2.0,8.0,2023-03-09,3,9,3,1,0,0,0,0,0,0,0,0,0
TXN_7585348,3.0,3.0,9.0,2023-03-16,3,16,3,0,0,0,0,0,0,0,1,0,1
TXN_7585599,1.0,3.0,3.0,2023-01-12,1,12,3,0,0,0,0,0,0,0,1,0,0
TXN_7587652,1.0,3.0,3.0,2023-08-23,8,23,2,0,0,0,0,0,0,0,0,0,1
TXN_7589318,4.0,3.0,12.0,2023-09-21,9,21,3,0,0,0,0,0,0,0,0,0,0
TXN_7591982,1.0,5.0,5.0,2023-02-28,2,28,1,0,0,0,1,0,0,0,0,0,1
TXN_7592199,3.0,1.5,4.5,2023-09-14,9,14,3,0,0,0,0,0,0,1,0,1,0
TXN_7595042,1.0,5.0,5.0,2023-04-03,4,3,0,0,0,0,1,0,0,0,0,1,1
TXN_7595096,1.0,3.0,3.0,2023-11-02,11,2,3,0,0,1,0,0,0,0,0,1,1
TXN_7595115,2.0,4.0,8.0,2023-04-17,4,17,0,0,0,0,0,1,0,0,0,1,1
TXN_7595206,5.0,4.0,20.0,2023-12-02,12,2,5,0,0,0,0,1,0,0,1,0,0
TXN_7595907,5.0,3.0,15.0,2023-04-24,4,24,0,0,0,1,0,0,0,0,0,1,0
TXN_7596587,3.0,1.5,4.5,2023-02-08,2,8,2,0,0,0,0,0,0,1,1,0,0
TXN_7597276,4.0,4.0,16.0,2023-05-01,5,1,0,0,0,0,0,0,1,0,0,1,1
TXN_7598654,3.0,2.0,6.0,2023-11-26,11,26,6,1,0,0,0,0,0,0,1,0,0
TXN_7601706,2.0,3.0,6.0,2023-11-15,11,15,2,0,0,1,0,0,0,0,1,0,0
TXN_7602467,1.0,1.0,1.0,2023-10-17,10,17,1,0,1,0,0,0,0,0,1,0,1
TXN_7603919,2.0,1.0,2.0,2023-09-25,9,25,0,0,1,0,0,0,0,0,0,1,1
TXN_7603948,3.0,3.0,9.0,2023-01-28,1,28,5,0,0,0,0,0,0,0,1,0,1
TXN_7604352,3.0,2.0,6.0,2023-12-19,12,19,1,1,0,0,0,0,0,0,1,0,1
TXN_7604541,4.0,3.0,12.0,2023-04-16,4,16,6,0,0,1,0,0,0,0,1,0,0
TXN_7604622,4.0,3.0,12.0,2023-12-22,12,22,4,0,0,1,0,0,0,0,1,0,0
TXN_7605154,5.0,3.0,15.0,2023-09-09,9,9,5,0,0,1,0,0,0,0,0,0,0
TXN_7605163,1.0,5.0,5.0,2023-08-15,8,15,1,0,0,0,1,0,0,0,0,1,1
TXN_7606512,5.0,1.0,5.0,2023-12-03,12,3,6,0,1,0,0,0,0,0,0,0,0
TXN_7606965,5.0,3.0,15.0,2023-12-08,12,8,4,0,0,1,0,0,0,0,0,1,0
TXN_7608637,1.0,5.0,5.0,2023-04-08,4,8,5,0,0,0,1,0,0,0,0,1,1
TXN_7608816,3.0,3.0,9.0,2023-11-07,11,7,1,0,0,0,0,0,0,0,0,1,0
TXN_7609781,3.0,4.0,12.0,2023-03-13,3,13,0,0,0,0,0,0,1,0,0,0,0
TXN_7609853,1.0,4.0,4.0,2023-04-22,4,22,5,0,0,0,0,1,0,0,0,1,0
TXN_7611120,2.0,3.0,6.0,2023-03-30,3,30,3,0,0,1,0,0,0,0,0,0,1
TXN_7612056,5.0,1.0,5.0,2023-03-08,3,8,2,0,1,0,0,0,0,0,1,0,0
TXN_7612618,4.0,4.0,16.0,2023-04-12,4,12,2,0,0,0,0,0,1,0,1,0,0
TXN_7615147,4.0,4.0,16.0,2023-05-19,5,19,4,0,0,0,0,1,0,0,0,0,0
TXN_7616002,2.0,1.5,3.0,2023-11-08,11,8,2,0,0,0,0,0,0,1,0,1,0
TXN_7619095,2.0,4.0,8.0,2023-05-03,5,3,2,0,0,0,0,1,0,0,0,0,0
TXN_7619641,3.0,3.0,9.0,2023-04-02,4,2,6,0,0,1,0,0,0,0,0,1,0
TXN_7620397,4.0,1.0,4.0,2023-12-24,12,24,6,0,1,0,0,0,0,0,0,1,0
TXN_7620529,2.0,4.0,8.0,2023-08-08,8,8,1,0,0,0,0,1,0,0,0,0,0
TXN_7621213,3.0,2.0,6.0,2023-03-07,3,7,1,1,0,0,0,0,0,0,0,1,0
TXN_7621512,4.0,5.0,20.0,2023-07-24,7,24,0,0,0,0,1,0,0,0,0,1,0
TXN_7622389,4.0,1.5,6.0,2023-02-26,2,26,6,0,0,0,0,0,0,1,0,1,0
TXN_7622855,2.0,4.0,8.0,2023-07-10,7,10,0,0,0,0,0,1,0,0,1,0,1
TXN_7623634,2.0,3.0,6.0,2023-07-11,7,11,1,0,0,0,0,0,0,0,1,0,0
TXN_7624646,2.0,4.0,8.0,2023-03-24,3,24,4,0,0,0,0,0,1,0,0,1,1
TXN_7625340,2.0,1.0,2.0,2023-01-20,1,20,4,0,1,0,0,0,0,0,1,0,0
TXN_7625537,3.0,3.0,9.0,2023-12-09,12,9,5,0,0,1,0,0,0,0,0,1,1
TXN_7626322,4.0,3.0,12.0,2023-12-21,12,21,3,0,0,0,0,0,0,0,0,0,1
TXN_7627772,4.0,4.0,16.0,2023-10-22,10,22,6,0,0,0,0,1,0,0,1,0,1
TXN_7629728,4.0,2.0,8.0,2023-12-15,12,15,4,1,0,0,0,0,0,0,0,1,0
TXN_7630601,1.0,1.5,1.5,2023-08-22,8,22,1,0,0,0,0,0,0,1,0,1,1
TXN_7630750,2.0,3.0,6.0,2023-03-16,3,16,3,0,0,1,0,0,0,0,0,1,0
TXN_7630912,2.0,3.0,6.0,2023-01-04,1,4,2,0,0,1,0,0,0,0,1,0,1
TXN_7631216,5.0,3.0,15.0,2023-02-16,2,16,3,0,0,1,0,0,0,0,1,0,0
TXN_7631496,3.0,1.0,3.0,2023-11-05,11,5,6,0,1,0,0,0,0,0,0,1,0
TXN_7631505,4.0,4.0,16.0,2023-07-08,7,8,5,0,0,0,0,1,0,0,0,0,0
TXN_7632478,2.0,3.0,6.0,2023-04-11,4,11,1,0,0,1,0,0,0,0,0,1,1
TXN_7633490,1.0,1.0,1.0,2023-10-27,10,27,4,0,1,0,0,0,0,0,0,0,1
TXN_7635738,4.0,2.0,8.0,2023-08-08,8,8,1,1,0,0,0,0,0,0,0,0,1
TXN_7636238,4.0,4.0,16.0,2023-03-27,3,27,0,0,0,0,0,1,0,0,1,0,0
TXN_7636536,2.0,1.0,2.0,2023-05-06,5,6,5,0,1,0,0,0,0,0,0,0,1
TXN_7637178,3.0,2.0,6.0,2023-05-26,5,26,4,1,0,0,0,0,0,0,0,1,1
TXN_7637325,4.0,1.0,4.0,2023-05-03,5,3,2,0,1,0,0,0,0,0,0,1,0
TXN_7640700,2.0,3.0,6.0,2023-01-15,1,15,6,0,0,1,0,0,0,0,0,1,1
TXN_7640914,1.0,5.0,5.0,2023-02-12,2,12,6,0,0,0,1,0,0,0,1,0,0
TXN_7641606,3.0,2.0,6.0,2023-12-26,12,26,1,1,0,0,0,0,0,0,1,0,1
TXN_7644000,2.0,3.0,6.0,2023-02-07,2,7,1,0,0,0,0,0,0,0,0,1,1
TXN_7644786,3.0,1.0,3.0,2023-01-20,1,20,4,0,1,0,0,0,0,0,1,0,1
TXN_7645250,2.0,3.0,6.0,2023-10-09,10,9,0,0,0,1,0,0,0,0,0,1,0
TXN_7645464,5.0,1.5,7.5,2023-08-17,8,17,3,0,0,0,0,0,0,1,0,0,1
TXN_7647190,5.0,5.0,25.0,2023-02-22,2,22,2,0,0,0,1,0,0,0,1,0,1
TXN_7648238,1.0,1.0,1.0,2023-05-12,5,12,4,0,1,0,0,0,0,0,0,0,1
TXN_7650834,2.0,5.0,10.0,2023-10-29,10,29,6,0,0,0,1,0,0,0,0,0,1
TXN_7651864,4.0,4.0,16.0,2023-04-29,4,29,5,0,0,0,0,0,1,0,0,1,1
TXN_7652830,2.0,3.0,6.0,2023-08-15,8,15,1,0,0,0,0,0,0,0,0,1,1
TXN_7653946,4.0,4.0,16.0,2023-09-19,9,19,1,0,0,0,0,0,1,0,0,0,0
TXN_7655838,3.0,3.0,9.0,2023-01-22,1,22,6,0,0,1,0,0,0,0,0,1,1
TXN_7656355,3.0,4.0,12.0,2023-09-11,9,11,0,0,0,0,0,1,0,0,1,0,1
TXN_7656770,1.0,2.0,2.0,2023-12-24,12,24,6,1,0,0,0,0,0,0,1,0,0
TXN_7657615,3.0,3.0,9.0,2023-07-17,7,17,0,0,0,1,0,0,0,0,1,0,0
TXN_7661094,4.0,5.0,20.0,2023-07-21,7,21,4,0,0,0,1,0,0,0,0,0,0
TXN_7661609,1.0,3.0,3.0,2023-11-29,11,29,2,0,0,1,0,0,0,0,0,1,0
TXN_7662502,1.0,3.0,3.0,2023-03-06,3,6,0,0,0,0,0,0,0,0,1,0,0
TXN_7663739,5.0,1.0,5.0,2023-03-27,3,27,0,0,1,0,0,0,0,0,1,0,0
TXN_7664606,2.0,1.0,2.0,2023-07-05,7,5,2,0,1,0,0,0,0,0,0,1,0
TXN_7665695,3.0,1.5,4.5,2023-10-21,10,21,5,0,0,0,0,0,0,1,1,0,0
TXN_7666909,4.0,3.0,12.0,2023-08-29,8,29,1,0,0,1,0,0,0,0,1,0,1
TXN_7666945,5.0,1.5,7.5,2023-07-07,7,7,4,0,0,0,0,0,0,1,0,1,1
TXN_7667139,3.0,4.0,12.0,2023-12-05,12,5,1,0,0,0,0,1,0,0,1,0,1
TXN_7668576,2.0,3.0,6.0,2023-11-08,11,8,2,0,0,0,0,0,0,0,0,1,1
TXN_7670296,2.0,3.0,6.0,2023-01-25,1,25,2,0,0,1,0,0,0,0,0,0,1
TXN_7670699,1.0,3.0,3.0,2023-12-24,12,24,6,0,0,1,0,0,0,0,0,0,0
TXN_7670743,4.0,5.0,20.0,2023-04-28,4,28,4,0,0,0,1,0,0,0,0,1,0
TXN_7672686,2.0,2.0,4.0,2023-08-30,8,30,2,1,0,0,0,0,0,0,0,1,1
TXN_7674694,2.0,1.5,3.0,2023-03-30,3,30,3,0,0,0,0,0,0,1,0,1,0
TXN_7675213,2.0,4.0,8.0,2023-03-08,3,8,2,0,0,0,0,0,1,0,0,1,0
TXN_7676968,4.0,4.0,16.0,2023-02-21,2,21,1,0,0,0,0,0,1,0,0,1,0
TXN_7677646,5.0,4.0,20.0,2023-02-15,2,15,2,0,0,0,0,1,0,0,0,1,1
TXN_7677750,2.0,1.5,3.0,2023-12-24,12,24,6,0,0,0,0,0,0,1,0,0,1
TXN_7677817,1.0,2.0,2.0,2023-01-17,1,17,1,1,0,0,0,0,0,0,1,0,0
TXN_7679707,1.0,1.5,1.5,2023-07-22,7,22,5,0,0,0,0,0,0,1,1,0,0
TXN_7680197,5.0,1.0,5.0,2023-09-23,9,23,5,0,1,0,0,0,0,0,0,0,1
TXN_7681072,1.0,1.0,1.0,2023-07-07,7,7,4,0,1,0,0,0,0,0,1,0,1
TXN_7682605,5.0,1.5,7.5,2023-10-19,10,19,3,0,0,0,0,0,0,1,0,1,0
TXN_7682621,4.0,4.0,16.0,2023-11-07,11,7,1,0,0,0,0,1,0,0,0,0,1
TXN_7683607,1.0,3.0,3.0,2023-03-17,3,17,4,0,0,0,0,0,0,0,0,0,0
TXN_7684072,2.0,1.5,3.0,2023-05-12,5,12,4,0,0,0,0,0,0,1,1,0,1
TXN_7686476,3.0,2.0,6.0,2023-01-03,1,3,1,1,0,0,0,0,0,0,0,1,1
TXN_7687146,1.0,2.0,2.0,2023-12-02,12,2,5,1,0,0,0,0,0,0,0,1,1
TXN_7688029,5.0,3.0,15.0,2023-05-30,5,30,1,0,0,0,0,0,0,0,1,0,0
TXN_7688625,1.0,2.0,2.0,2023-12-15,12,15,4,1,0,0,0,0,0,0,1,0,0
TXN_7688650,2.0,1.5,3.0,2023-10-26,10,26,3,0,0,0,0,0,0,1,0,1,1
TXN_7689696,5.0,4.0,20.0,2023-07-03,7,3,0,0,0,0,0,1,0,0,0,1,1
TXN_7692019,3.0,3.0,9.0,2023-10-14,10,14,5,0,0,1,0,0,0,0,0,1,0
TXN_7692628,2.0,1.5,3.0,2023-05-01,5,1,0,0,0,0,0,0,0,1,0,0,0
TXN_7694020,2.0,1.0,2.0,2023-08-06,8,6,6,0,1,0,0,0,0,0,0,1,1
TXN_7694326,5.0,2.0,10.0,2023-02-19,2,19,6,1,0,0,0,0,0,0,0,1,1
TXN_7694491,3.0,5.0,15.0,2023-09-01,9,1,4,0,0,0,1,0,0,0,0,0,0
TXN_7694559,3.0,1.0,3.0,2023-05-05,5,5,4,0,1,0,0,0,0,0,0,0,1
TXN_7694996,4.0,5.0,20.0,2023-03-11,3,11,5,0,0,0,1,0,0,0,0,1,0
TXN_7695629,3.0,1.0,3.0,2023-12-02,12,2,5,0,1,0,0,0,0,0,0,1,1
TXN_7697294,3.0,4.0,12.0,2023-01-17,1,17,1,0,0,0,0,0,1,0,0,1,1
TXN_7697496,1.0,5.0,5.0,2023-06-18,6,18,6,0,0,0,1,0,0,0,0,1,1
TXN_7701070,5.0,2.0,10.0,2023-07-28,7,28,4,1,0,0,0,0,0,0,1,0,1
TXN_7701878,4.0,4.0,16.0,2023-08-11,8,11,4,0,0,0,0,0,1,0,1,0,0
TXN_7703185,1.0,3.0,3.0,2023-12-10,12,10,6,0,0,0,0,0,0,0,0,1,1
TXN_7704229,4.0,2.0,8.0,2023-07-15,7,15,5,1,0,0,0,0,0,0,0,0,1
TXN_7704680,2.0,5.0,10.0,2023-08-06,8,6,6,0,0,0,1,0,0,0,1,0,1
TXN_7705153,1.0,1.5,1.5,2023-01-25,1,25,2,0,0,0,0,0,0,1,0,1,0
TXN_7705748,3.0,3.0,9.0,2023-07-14,7,14,4,0,0,1,0,0,0,0,0,1,1
TXN_7707761,3.0,1.5,4.5,2023-03-08,3,8,2,0,0,0,0,0,0,1,1,0,0
TXN_7708201,3.0,5.0,15.0,2023-01-04,1,4,2,0,0,0,1,0,0,0,0,0,0
TXN_7708810,1.0,4.0,4.0,2023-06-09,6,9,4,0,0,0,0,0,1,0,0,0,0
TXN_7710078,2.0,3.0,6.0,2023-12-05,12,5,1,0,0,1,0,0,0,0,1,0,1
TXN_7712544,3.0,1.0,3.0,2023-05-06,5,6,5,0,1,0,0,0,0,0,0,0,1
TXN_7712807,4.0,4.0,16.0,2023-02-17,2,17,4,0,0,0,0,0,1,0,1,0,0
TXN_7714378,2.0,4.0,8.0,2023-08-10,8,10,3,0,0,0,0,0,1,0,0,0,0
TXN_7714902,4.0,2.0,8.0,2023-09-10,9,10,6,1,0,0,0,0,0,0,0,0,0
TXN_7716125,2.0,1.0,2.0,2023-05-17,5,17,2,0,1,0,0,0,0,0,0,1,1
TXN_7719510,3.0,3.0,9.0,2023-08-14,8,14,0,0,0,1,0,0,0,0,1,0,1
TXN_7724048,1.0,4.0,4.0,2023-11-12,11,12,6,0,0,0,0,0,1,0,0,1,0
TXN_7727118,5.0,4.0,20.0,2023-11-04,11,4,5,0,0,0,0,0,1,0,0,1,1
TXN_7728415,5.0,1.5,7.5,2023-12-28,12,28,3,0,0,0,0,0,0,1,1,0,0
TXN_7730388,5.0,1.0,5.0,2023-09-09,9,9,5,0,1,0,0,0,0,0,0,1,0
TXN_7732813,2.0,1.5,3.0,2023-07-16,7,16,6,0,0,0,0,0,0,1,1,0,1
TXN_7732920,5.0,4.0,20.0,2023-02-11,2,11,5,0,0,0,0,1,0,0,0,0,0
TXN_7733300,2.0,4.0,8.0,2023-12-10,12,10,6,0,0,0,0,0,1,0,0,0,1
TXN_7735127,1.0,4.0,4.0,2023-02-22,2,22,2,0,0,0,0,0,1,0,1,0,1
TXN_7735237,2.0,3.0,6.0,2023-01-13,1,13,4,0,0,0,0,0,0,0,0,1,0
TXN_7737862,2.0,1.0,2.0,2023-08-29,8,29,1,0,1,0,0,0,0,0,1,0,0
TXN_7738013,5.0,5.0,25.0,2023-11-28,11,28,1,0,0,0,1,0,0,0,1,0,1
TXN_7738316,4.0,1.0,4.0,2023-02-04,2,4,5,0,1,0,0,0,0,0,0,1,0
TXN_7738455,3.0,1.5,4.5,2023-06-05,6,5,0,0,0,0,0,0,0,1,0,1,0
TXN_7740239,2.0,1.5,3.0,2023-01-26,1,26,3,0,0,0,0,0,0,1,0,1,1
TXN_7740907,5.0,4.0,20.0,2023-02-11,2,11,5,0,0,0,0,0,1,0,0,1,0
TXN_7741256,5.0,3.0,15.0,2023-04-24,4,24,0,0,0,1,0,0,0,0,0,1,1
TXN_7741707,3.0,5.0,15.0,2023-05-09,5,9,1,0,0,0,1,0,0,0,0,1,1
TXN_7742182,2.0,1.5,3.0,2023-11-09,11,9,3,0,0,0,0,0,0,1,0,1,0
TXN_7742742,5.0,3.0,15.0,2023-09-05,9,5,1,0,0,0,0,0,0,0,0,1,1
TXN_7744874,1.0,2.0,2.0,2023-06-28,6,28,2,1,0,0,0,0,0,0,0,0,0
TXN_7746634,5.0,3.0,15.0,2023-07-04,7,4,1,0,0,0,0,0,0,0,0,1,0
TXN_7749759,1.0,1.5,1.5,2023-12-26,12,26,1,0,0,0,0,0,0,1,0,1,0
TXN_7750963,4.0,1.5,6.0,2023-06-09,6,9,4,0,0,0,0,0,0,1,1,0,0
TXN_7752124,3.0,4.0,12.0,2023-12-09,12,9,5,0,0,0,0,1,0,0,1,0,0
TXN_7752958,2.0,3.0,6.0,2023-09-22,9,22,4,0,0,1,0,0,0,0,0,1,0
TXN_7753587,1.0,3.0,3.0,2023-03-28,3,28,1,0,0,0,0,0,0,0,1,0,1
TXN_7754136,1.0,1.0,1.0,2023-07-12,7,12,2,0,1,0,0,0,0,0,1,0,0
TXN_7754382,4.0,4.0,16.0,2023-06-28,6,28,2,0,0,0,0,1,0,0,1,0,1
TXN_7754428,2.0,1.0,2.0,2023-07-27,7,27,3,0,1,0,0,0,0,0,0,1,0
TXN_7755216,5.0,5.0,25.0,2023-02-03,2,3,4,0,0,0,1,0,0,0,0,1,0
TXN_7755372,5.0,3.0,15.0,2023-01-10,1,10,1,0,0,1,0,0,0,0,0,1,1
TXN_7759607,1.0,4.0,4.0,2023-08-11,8,11,4,0,0,0,0,1,0,0,0,1,1
TXN_7762739,4.0,4.0,16.0,2023-11-05,11,5,6,0,0,0,0,1,0,0,0,1,0
TXN_7762815,5.0,4.0,20.0,2023-07-26,7,26,2,0,0,0,0,0,1,0,1,0,1
TXN_7763212,1.0,4.0,4.0,2023-01-10,1,10,1,0,0,0,0,1,0,0,1,0,1
TXN_7763592,1.0,4.0,4.0,2023-02-17,2,17,4,0,0,0,0,0,1,0,0,0,0
TXN_7764154,2.0,5.0,10.0,2023-12-09,12,9,5,0,0,0,1,0,0,0,1,0,1
TXN_7764175,3.0,5.0,15.0,2023-09-02,9,2,5,0,0,0,1,0,0,0,0,0,0
TXN_7764304,1.0,3.0,3.0,2023-01-09,1,9,0,0,0,0,0,0,0,0,1,0,1
TXN_7765640,1.0,2.0,2.0,2023-07-07,7,7,4,1,0,0,0,0,0,0,1,0,1
TXN_7766134,1.0,1.5,1.5,2023-01-05,1,5,3,0,0,0,0,0,0,1,1,0,1
TXN_7767493,5.0,4.0,20.0,2023-02-20,2,20,0,0,0,0,0,1,0,0,1,0,0
TXN_7768350,1.0,1.0,1.0,2023-08-19,8,19,5,0,1,0,0,0,0,0,0,0,0
TXN_7768989,2.0,4.0,8.0,2023-10-02,10,2,0,0,0,0,0,1,0,0,0,0,0
TXN_7770188,5.0,3.0,15.0,2023-10-28,10,28,5,0,0,1,0,0,0,0,0,1,0
TXN_7770253,5.0,2.0,10.0,2023-01-06,1,6,4,1,0,0,0,0,0,0,0,1,1
TXN_7770487,1.0,4.0,4.0,2023-08-09,8,9,2,0,0,0,0,0,1,0,0,0,0
TXN_7771434,4.0,2.0,8.0,2023-03-26,3,26,6,1,0,0,0,0,0,0,1,0,0
TXN_7771516,3.0,4.0,12.0,2023-05-26,5,26,4,0,0,0,0,1,0,0,0,1,0
TXN_7771526,1.0,3.0,3.0,2023-04-28,4,28,4,0,0,1,0,0,0,0,0,0,0
TXN_7773968,5.0,4.0,20.0,2023-02-24,2,24,4,0,0,0,0,1,0,0,0,1,1
TXN_7775016,5.0,4.0,20.0,2023-09-27,9,27,2,0,0,0,0,1,0,0,0,0,0
TXN_7775760,4.0,3.0,12.0,2023-02-21,2,21,1,0,0,0,0,0,0,0,0,1,0
TXN_7776739,2.0,1.5,3.0,2023-02-23,2,23,3,0,0,0,0,0,0,1,0,1,1
TXN_7777602,1.0,5.0,5.0,2023-04-26,4,26,2,0,0,0,1,0,0,0,0,0,1
TXN_7777864,3.0,1.0,3.0,2023-02-06,2,6,0,0,1,0,0,0,0,0,0,1,0
TXN_7780748,3.0,1.0,3.0,2023-01-19,1,19,3,0,1,0,0,0,0,0,1,0,0
TXN_7780786,1.0,3.0,3.0,2023-10-30,10,30,0,0,0,0,0,0,0,0,1,0,0
TXN_7782538,2.0,3.0,6.0,2023-08-15,8,15,1,0,0,1,0,0,0,0,0,1,1
TXN_7784608,5.0,2.0,10.0,2023-06-01,6,1,3,1,0,0,0,0,0,0,0,0,1
TXN_7785034,4.0,4.0,16.0,2023-11-09,11,9,3,0,0,0,0,0,1,0,0,1,1
TXN_7785297,3.0,1.0,3.0,2023-12-06,12,6,2,0,1,0,0,0,0,0,0,0,0
TXN_7786214,1.0,4.0,4.0,2023-11-25,11,25,5,0,0,0,0,0,1,0,1,0,0
TXN_7786787,1.0,1.5,1.5,2023-07-08,7,8,5,0,0,0,0,0,0,1,1,0,1
TXN_7791293,3.0,5.0,15.0,2023-04-08,4,8,5,0,0,0,1,0,0,0,1,0,1
TXN_7791428,5.0,4.0,20.0,2023-10-10,10,10,1,0,0,0,0,0,1,0,0,1,1
TXN_7792223,3.0,4.0,12.0,2023-07-21,7,21,4,0,0,0,0,0,1,0,1,0,1
TXN_7792996,4.0,5.0,20.0,2023-12-20,12,20,2,0,0,0,1,0,0,0,0,0,1
TXN_7794561,4.0,3.0,12.0,2023-05-18,5,18,3,0,0,1,0,0,0,0,1,0,0
TXN_7795324,2.0,5.0,10.0,2023-06-28,6,28,2,0,0,0,1,0,0,0,0,1,1
TXN_7796731,2.0,3.0,6.0,2023-06-09,6,9,4,0,0,1,0,0,0,0,0,1,0
TXN_7797231,5.0,2.0,10.0,2023-05-05,5,5,4,1,0,0,0,0,0,0,0,1,1
TXN_7797321,5.0,4.0,20.0,2023-11-26,11,26,6,0,0,0,0,1,0,0,1,0,0
TXN_7797507,5.0,4.0,20.0,2023-06-06,6,6,1,0,0,0,0,1,0,0,0,1,1
TXN_7799711,5.0,4.0,20.0,2023-12-03,12,3,6,0,0,0,0,0,1,0,0,1,1
TXN_7799794,4.0,1.0,4.0,2023-08-22,8,22,1,0,1,0,0,0,0,0,0,1,0
TXN_7800236,3.0,5.0,15.0,2023-07-19,7,19,2,0,0,0,1,0,0,0,0,1,0
TXN_7800576,4.0,4.0,16.0,2023-07-13,7,13,3,0,0,0,0,1,0,0,0,1,0
TXN_7800602,1.0,1.5,1.5,2023-04-30,4,30,6,0,0,0,0,0,0,1,0,0,1
TXN_7801115,1.0,1.5,1.5,2023-12-18,12,18,0,0,0,0,0,0,0,1,0,0,1
TXN_7803615,3.0,5.0,15.0,2023-12-13,12,13,2,0,0,0,1,0,0,0,0,0,0
TXN_7804128,5.0,4.0,20.0,2023-02-12,2,12,6,0,0,0,0,1,0,0,0,1,0
TXN_7804488,2.0,1.0,2.0,2023-11-28,11,28,1,0,1,0,0,0,0,0,0,1,1
TXN_7804740,2.0,4.0,8.0,2023-10-19,10,19,3,0,0,0,0,0,1,0,0,1,0
TXN_7805035,3.0,4.0,12.0,2023-05-18,5,18,3,0,0,0,0,0,1,0,1,0,0
TXN_7805115,2.0,4.0,8.0,2023-12-18,12,18,0,0,0,0,0,0,1,0,0,1,0
TXN_7805241,4.0,5.0,20.0,2023-04-16,4,16,6,0,0,0,1,0,0,0,0,1,1
TXN_7805508,5.0,4.0,20.0,2023-07-10,7,10,0,0,0,0,0,0,1,0,0,1,0
TXN_7806146,3.0,3.0,9.0,2023-01-30,1,30,0,0,0,0,0,0,0,0,0,1,0
TXN_7808032,4.0,1.0,4.0,2023-12-19,12,19,1,0,1,0,0,0,0,0,0,1,1
TXN_7809121,4.0,3.0,12.0,2023-05-15,5,15,0,0,0,0,0,0,0,0,0,1,1
TXN_7809183,4.0,1.0,4.0,2023-09-08,9,8,4,0,1,0,0,0,0,0,0,1,1
TXN_7809290,1.0,3.0,3.0,2023-10-14,10,14,5,0,0,0,0,0,0,0,0,0,1
TXN_7809506,2.0,5.0,10.0,2023-06-05,6,5,0,0,0,0,1,0,0,0,0,1,1
TXN_7809825,2.0,4.0,8.0,2023-08-26,8,26,5,0,0,0,0,1,0,0,1,0,0
TXN_7810285,4.0,3.0,12.0,2023-10-25,10,25,2,0,0,0,0,0,0,0,0,0,1
TXN_7811387,5.0,1.0,5.0,2023-11-30,11,30,3,0,1,0,0,0,0,0,1,0,1
TXN_7812084,4.0,4.0,16.0,2023-01-17,1,17,1,0,0,0,0,1,0,0,0,0,0
TXN_7812601,2.0,1.5,3.0,2023-11-15,11,15,2,0,0,0,0,0,0,1,1,0,1
TXN_7813066,1.0,3.0,3.0,2023-02-28,2,28,1,0,0,1,0,0,0,0,1,0,1
TXN_7814690,1.0,4.0,4.0,2023-05-10,5,10,2,0,0,0,0,0,1,0,1,0,1
TXN_7814715,5.0,1.0,5.0,2023-04-24,4,24,0,0,1,0,0,0,0,0,0,0,0
TXN_7815076,5.0,3.0,15.0,2023-12-16,12,16,5,0,0,1,0,0,0,0,0,0,1
TXN_7815651,1.0,5.0,5.0,2023-01-16,1,16,0,0,0,0,1,0,0,0,0,0,0
TXN_7818024,3.0,3.0,9.0,2023-08-16,8,16,2,0,0,0,0,0,0,0,0,1,1
TXN_7819240,5.0,4.0,20.0,2023-03-06,3,6,0,0,0,0,0,0,1,0,0,0,0
TXN_7820220,3.0,3.0,9.0,2023-03-16,3,16,3,0,0,0,0,0,0,0,1,0,0
TXN_7821478,4.0,3.0,12.0,2023-05-24,5,24,2,0,0,0,0,0,0,0,0,0,0
TXN_7821658,5.0,2.0,10.0,2023-09-03,9,3,6,1,0,0,0,0,0,0,0,1,0
TXN_7824739,3.0,1.0,3.0,2023-07-17,7,17,0,0,1,0,0,0,0,0,0,1,1
TXN_7825457,5.0,3.0,15.0,2023-09-15,9,15,4,0,0,0,0,0,0,0,0,0,0
TXN_7825638,4.0,3.0,12.0,2023-12-09,12,9,5,0,0,1,0,0,0,0,0,1,1
TXN_7825648,1.0,2.0,2.0,2023-05-18,5,18,3,1,0,0,0,0,0,0,0,0,1
TXN_7825796,2.0,1.5,3.0,2023-04-03,4,3,0,0,0,0,0,0,0,1,0,1,0
TXN_7826516,4.0,3.0,12.0,2023-06-21,6,21,2,0,0,0,0,0,0,0,1,0,0
TXN_7827797,3.0,5.0,15.0,2023-06-30,6,30,4,0,0,0,1,0,0,0,0,1,1
TXN_7828462,3.0,1.5,4.5,2023-01-11,1,11,2,0,0,0,0,0,0,1,0,0,1
TXN_7832527,3.0,3.0,9.0,2023-01-26,1,26,3,0,0,0,0,0,0,0,0,0,0
TXN_7835785,1.0,5.0,5.0,2023-10-12,10,12,3,0,0,0,1,0,0,0,0,0,0
TXN_7837381,5.0,4.0,20.0,2023-07-17,7,17,0,0,0,0,0,1,0,0,1,0,1
TXN_7838465,3.0,4.0,12.0,2023-06-15,6,15,3,0,0,0,0,1,0,0,1,0,1
TXN_7838576,3.0,2.0,6.0,2023-11-11,11,11,5,1,0,0,0,0,0,0,0,1,0
TXN_7838802,2.0,1.0,2.0,2023-11-20,11,20,0,0,1,0,0,0,0,0,1,0,1
TXN_7838964,3.0,4.0,12.0,2023-06-15,6,15,3,0,0,0,0,1,0,0,1,0,0
TXN_7840162,5.0,1.0,5.0,2023-02-27,2,27,0,0,1,0,0,0,0,0,0,0,1
TXN_7840510,4.0,3.0,12.0,2023-08-07,8,7,0,0,0,0,0,0,0,0,0,1,1
TXN_7842557,4.0,1.5,6.0,2023-02-09,2,9,3,0,0,0,0,0,0,1,1,0,0
TXN_7843112,4.0,1.0,4.0,2023-01-25,1,25,2,0,1,0,0,0,0,0,0,0,0
TXN_7844352,2.0,3.0,6.0,2023-07-26,7,26,2,0,0,0,0,0,0,0,1,0,1
TXN_7844770,2.0,3.0,6.0,2023-01-31,1,31,1,0,0,0,0,0,0,0,0,1,0
TXN_7846513,3.0,4.0,12.0,2023-10-19,10,19,3,0,0,0,0,1,0,0,1,0,0
TXN_7847913,3.0,4.0,12.0,2023-05-17,5,17,2,0,0,0,0,0,1,0,0,1,0
TXN_7851403,5.0,2.0,10.0,2023-03-06,3,6,0,1,0,0,0,0,0,0,1,0,1
TXN_7851634,4.0,4.0,16.0,2023-01-08,1,8,6,0,0,0,0,1,0,0,0,0,1
TXN_7852032,1.0,4.0,4.0,2023-03-19,3,19,6,0,0,0,0,1,0,0,0,0,1
TXN_7852397,3.0,1.5,4.5,2023-08-10,8,10,3,0,0,0,0,0,0,1,0,0,0
TXN_7852990,5.0,4.0,20.0,2023-07-10,7,10,0,0,0,0,0,1,0,0,0,1,1
TXN_7853635,3.0,5.0,15.0,2023-02-16,2,16,3,0,0,0,1,0,0,0,0,1,1
TXN_7854253,4.0,2.0,8.0,2023-07-26,7,26,2,1,0,0,0,0,0,0,0,0,1
TXN_7854306,1.0,4.0,4.0,2023-09-17,9,17,6,0,0,0,0,1,0,0,0,0,0
TXN_7855761,1.0,1.0,1.0,2023-01-10,1,10,1,0,1,0,0,0,0,0,0,0,0
TXN_7856009,2.0,3.0,6.0,2023-05-27,5,27,5,0,0,0,0,0,0,0,0,0,1
TXN_7857126,4.0,1.0,4.0,2023-08-21,8,21,0,0,1,0,0,0,0,0,0,0,1
TXN_7860054,5.0,1.5,7.5,2023-02-07,2,7,1,0,0,0,0,0,0,1,1,0,0
TXN_7860953,1.0,4.0,4.0,2023-09-10,9,10,6,0,0,0,0,1,0,0,0,1,1
TXN_7861799,2.0,1.0,2.0,2023-05-23,5,23,1,0,1,0,0,0,0,0,0,0,1
TXN_7864080,5.0,1.5,7.5,2023-11-12,11,12,6,0,0,0,0,0,0,1,1,0,1
TXN_7864482,1.0,4.0,4.0,2023-01-28,1,28,5,0,0,0,0,1,0,0,1,0,1
TXN_7864939,3.0,4.0,12.0,2023-08-19,8,19,5,0,0,0,0,1,0,0,0,1,0
TXN_7865037,1.0,2.0,2.0,2023-06-05,6,5,0,1,0,0,0,0,0,0,0,1,0
TXN_7865220,1.0,4.0,4.0,2023-06-28,6,28,2,0,0,0,0,0,1,0,1,0,1
TXN_7866723,2.0,4.0,8.0,2023-03-26,3,26,6,0,0,0,0,1,0,0,1,0,0
TXN_7866805,3.0,4.0,12.0,2023-03-14,3,14,1,0,0,0,0,1,0,0,0,1,0
TXN_7867311,2.0,4.0,8.0,2023-07-17,7,17,0,0,0,0,0,0,1,0,0,1,0
TXN_7868470,3.0,3.0,9.0,2023-04-14,4,14,4,0,0,1,0,0,0,0,0,1,0
TXN_7868879,4.0,4.0,16.0,2023-05-02,5,2,1,0,0,0,0,1,0,0,0,0,1
TXN_7872478,4.0,3.0,12.0,2023-04-25,4,25,1,0,0,1,0,0,0,0,1,0,0
TXN_7873479,1.0,1.0,1.0,2023-03-18,3,18,5,0,1,0,0,0,0,0,1,0,1
TXN_7874772,1.0,1.5,1.5,2023-04-26,4,26,2,0,0,0,0,0,0,1,1,0,1
TXN_7875743,5.0,3.0,15.0,2023-04-17,4,17,0,0,0,0,0,0,0,0,0,0,1
TXN_7876388,4.0,1.0,4.0,2023-10-05,10,5,3,0,1,0,0,0,0,0,0,0,0
TXN_7876619,2.0,3.0,6.0,2023-09-27,9,27,2,0,0,1,0,0,0,0,0,0,0
TXN_7876775,5.0,2.0,10.0,2023-02-09,2,9,3,1,0,0,0,0,0,0,0,1,1
TXN_7878231,1.0,5.0,5.0,2023-05-15,5,15,0,0,0,0,1,0,0,0,0,0,0
TXN_7878395,3.0,5.0,15.0,2023-05-26,5,26,4,0,0,0,1,0,0,0,1,0,0
TXN_7878520,3.0,4.0,12.0,2023-08-29,8,29,1,0,0,0,0,1,0,0,0,1,1
TXN_7878672,1.0,2.0,2.0,2023-10-25,10,25,2,1,0,0,0,0,0,0,0,0,0
TXN_7880000,3.0,5.0,15.0,2023-01-28,1,28,5,0,0,0,1,0,0,0,1,0,0
TXN_7880148,3.0,3.0,9.0,2023-12-12,12,12,1,0,0,0,0,0,0,0,1,0,1
TXN_7887682,2.0,2.0,4.0,2023-06-17,6,17,5,1,0,0,0,0,0,0,1,0,1
TXN_7889745,4.0,4.0,16.0,2023-01-25,1,25,2,0,0,0,0,1,0,0,0,1,1
TXN_7890585,5.0,3.0,15.0,2023-08-11,8,11,4,0,0,0,0,0,0,0,0,0,1
TXN_7893709,4.0,3.0,12.0,2023-03-14,3,14,1,0,0,1,0,0,0,0,1,0,0
TXN_7894069,2.0,3.0,6.0,2023-11-20,11,20,0,0,0,1,0,0,0,0,0,1,0
TXN_7894514,1.0,3.0,3.0,2023-09-25,9,25,0,0,0,0,0,0,0,0,0,1,1
TXN_7894534,3.0,1.5,4.5,2023-03-16,3,16,3,0,0,0,0,0,0,1,1,0,0
TXN_7894558,2.0,2.0,4.0,2023-01-04,1,4,2,1,0,0,0,0,0,0,1,0,0
TXN_7895436,3.0,3.0,9.0,2023-09-09,9,9,5,0,0,0,0,0,0,0,0,1,0
TXN_7895514,4.0,3.0,12.0,2023-08-06,8,6,6,0,0,0,0,0,0,0,0,1,1
TXN_7896586,2.0,4.0,8.0,2023-09-04,9,4,0,0,0,0,0,1,0,0,1,0,0
TXN_7896721,3.0,3.0,9.0,2023-04-22,4,22,5,0,0,0,0,0,0,0,1,0,1
TXN_7896733,4.0,3.0,12.0,2023-06-03,6,3,5,0,0,0,0,0,0,0,0,1,0
TXN_7896831,5.0,2.0,10.0,2023-04-01,4,1,5,1,0,0,0,0,0,0,0,0,1
TXN_7897119,4.0,3.0,12.0,2023-05-27,5,27,5,0,0,1,0,0,0,0,0,1,0
TXN_7897423,4.0,5.0,20.0,2023-05-24,5,24,2,0,0,0,1,0,0,0,0,1,1
TXN_7898391,4.0,5.0,20.0,2023-02-26,2,26,6,0,0,0,1,0,0,0,1,0,1
TXN_7899009,1.0,2.0,2.0,2023-03-08,3,8,2,1,0,0,0,0,0,0,0,0,1
TXN_7899686,1.0,4.0,4.0,2023-09-09,9,9,5,0,0,0,0,1,0,0,0,1,1
TXN_7899761,2.0,3.0,6.0,2023-10-08,10,8,6,0,0,1,0,0,0,0,0,1,0
TXN_7901672,1.0,1.0,1.0,2023-06-24,6,24,5,0,1,0,0,0,0,0,0,1,1
TXN_7902691,3.0,3.0,9.0,2023-10-13,10,13,4,0,0,1,0,0,0,0,0,1,1
TXN_7903841,2.0,3.0,6.0,2023-06-24,6,24,5,0,0,1,0,0,0,0,0,1,0
TXN_7904970,2.0,1.5,3.0,2023-05-23,5,23,1,0,0,0,0,0,0,1,1,0,1
TXN_7905741,5.0,1.0,5.0,2023-02-08,2,8,2,0,1,0,0,0,0,0,1,0,1
TXN_7905853,4.0,1.0,4.0,2023-07-25,7,25,1,0,1,0,0,0,0,0,0,1,1
TXN_7906197,5.0,4.0,20.0,2023-01-02,1,2,0,0,0,0,0,1,0,0,1,0,0
TXN_7907259,1.0,3.0,3.0,2023-10-19,10,19,3,0,0,0,0,0,0,0,0,1,1
TXN_7907366,4.0,2.0,8.0,2023-01-13,1,13,4,1,0,0,0,0,0,0,0,1,0
TXN_7907499,3.0,3.0,9.0,2023-04-18,4,18,1,0,0,1,0,0,0,0,0,1,1
TXN_7907786,5.0,1.5,7.5,2023-09-20,9,20,2,0,0,0,0,0,0,1,0,0,0
TXN_7908153,3.0,1.0,3.0,2023-01-19,1,19,3,0,1,0,0,0,0,0,0,0,0
TXN_7908929,2.0,1.5,3.0,2023-11-18,11,18,5,0,0,0,0,0,0,1,0,1,0
TXN_7909509,3.0,4.0,12.0,2023-10-10,10,10,1,0,0,0,0,0,1,0,0,1,1
TXN_7910572,4.0,4.0,16.0,2023-07-07,7,7,4,0,0,0,0,1,0,0,0,1,1
TXN_7910956,5.0,2.0,10.0,2023-07-21,7,21,4,1,0,0,0,0,0,0,0,1,0
TXN_7911650,2.0,3.0,6.0,2023-03-13,3,13,0,0,0,1,0,0,0,0,0,0,1
TXN_7913451,5.0,4.0,20.0,2023-12-05,12,5,1,0,0,0,0,1,0,0,1,0,1
TXN_7914312,5.0,4.0,20.0,2023-06-06,6,6,1,0,0,0,0,1,0,0,0,1,0
TXN_7914340,1.0,1.5,1.5,2023-09-04,9,4,0,0,0,0,0,0,0,1,1,0,1
TXN_7916758,1.0,4.0,4.0,2023-10-14,10,14,5,0,0,0,0,0,1,0,0,1,1
TXN_7917193,3.0,1.0,3.0,2023-05-18,5,18,3,0,1,0,0,0,0,0,0,0,0
TXN_7918317,1.0,1.5,1.5,2023-07-27,7,27,3,0,0,0,0,0,0,1,1,0,0
TXN_7919440,4.0,1.5,6.0,2023-08-19,8,19,5,0,0,0,0,0,0,1,0,0,0
TXN_7919609,3.0,4.0,12.0,2023-01-31,1,31,1,0,0,0,0,1,0,0,1,0,0
TXN_7920897,2.0,5.0,10.0,2023-07-29,7,29,5,0,0,0,1,0,0,0,0,1,0
TXN_7921799,1.0,1.0,1.0,2023-09-14,9,14,3,0,1,0,0,0,0,0,1,0,1
TXN_7922350,2.0,2.0,4.0,2023-05-09,5,9,1,1,0,0,0,0,0,0,0,1,1
TXN_7922392,3.0,4.0,12.0,2023-05-03,5,3,2,0,0,0,0,1,0,0,0,1,1
TXN_7922471,3.0,3.0,9.0,2023-04-18,4,18,1,0,0,0,0,0,0,0,0,0,0
TXN_7923140,2.0,2.0,4.0,2023-04-02,4,2,6,1,0,0,0,0,0,0,0,1,1
TXN_7924516,1.0,1.0,1.0,2023-04-23,4,23,6,0,1,0,0,0,0,0,1,0,1
TXN_7924635,5.0,4.0,20.0,2023-02-21,2,21,1,0,0,0,0,0,1,0,0,1,1
TXN_7926510,4.0,5.0,20.0,2023-10-03,10,3,1,0,0,0,1,0,0,0,0,0,1
TXN_7927109,1.0,1.5,1.5,2023-04-18,4,18,1,0,0,0,0,0,0,1,0,0,1
TXN_7928378,3.0,4.0,12.0,2023-07-04,7,4,1,0,0,0,0,0,1,0,0,0,0
TXN_7931086,3.0,4.0,12.0,2023-06-25,6,25,6,0,0,0,0,1,0,0,1,0,1
TXN_7932127,3.0,2.0,6.0,2023-07-29,7,29,5,1,0,0,0,0,0,0,0,1,1
TXN_7932830,2.0,3.0,6.0,2023-01-08,1,8,6,0,0,0,0,0,0,0,0,1,1
TXN_7932895,2.0,4.0,8.0,2023-04-04,4,4,1,0,0,0,0,0,1,0,1,0,0
TXN_7933500,3.0,1.5,4.5,2023-09-21,9,21,3,0,0,0,0,0,0,1,0,1,0
TXN_7936002,2.0,5.0,10.0,2023-01-26,1,26,3,0,0,0,1,0,0,0,0,1,1
TXN_7936851,3.0,4.0,12.0,2023-10-07,10,7,5,0,0,0,0,1,0,0,0,1,0
TXN_7937275,4.0,3.0,12.0,2023-09-18,9,18,0,0,0,0,0,0,0,0,1,0,0
TXN_7937905,5.0,5.0,25.0,2023-10-15,10,15,6,0,0,0,1,0,0,0,0,1,0
TXN_7938279,3.0,1.5,4.5,2023-03-17,3,17,4,0,0,0,0,0,0,1,0,0,1
TXN_7939011,5.0,3.0,15.0,2023-04-07,4,7,4,0,0,1,0,0,0,0,0,1,0
TXN_7939659,3.0,3.0,9.0,2023-07-26,7,26,2,0,0,0,0,0,0,0,0,1,1
TXN_7940202,1.0,4.0,4.0,2023-07-23,7,23,6,0,0,0,0,1,0,0,0,1,1
TXN_7942343,4.0,1.0,4.0,2023-06-15,6,15,3,0,1,0,0,0,0,0,0,1,0
TXN_7944534,2.0,1.5,3.0,2023-10-13,10,13,4,0,0,0,0,0,0,1,0,1,0
TXN_7945375,3.0,3.0,9.0,2023-01-14,1,14,5,0,0,1,0,0,0,0,0,1,1
TXN_7946450,1.0,4.0,4.0,2023-07-15,7,15,5,0,0,0,0,0,1,0,1,0,0
TXN_7946489,1.0,3.0,3.0,2023-09-11,9,11,0,0,0,1,0,0,0,0,0,0,1
TXN_7947711,3.0,5.0,15.0,2023-12-06,12,6,2,0,0,0,1,0,0,0,0,1,1
TXN_7948095,5.0,5.0,25.0,2023-07-18,7,18,1,0,0,0,1,0,0,0,0,1,1
TXN_7950226,1.0,1.5,1.5,2023-10-13,10,13,4,0,0,0,0,0,0,1,0,1,0
TXN_7951885,3.0,5.0,15.0,2023-12-08,12,8,4,0,0,0,1,0,0,0,1,0,0
TXN_7952153,2.0,4.0,8.0,2023-07-24,7,24,0,0,0,0,0,0,1,0,0,1,0
TXN_7952232,4.0,1.5,6.0,2023-03-31,3,31,4,0,0,0,0,0,0,1,0,0,1
TXN_7952680,1.0,5.0,5.0,2023-06-09,6,9,4,0,0,0,1,0,0,0,0,1,0
TXN_7952916,4.0,2.0,8.0,2023-12-10,12,10,6,1,0,0,0,0,0,0,0,0,1
TXN_7953750,5.0,4.0,20.0,2023-06-16,6,16,4,0,0,0,0,1,0,0,0,0,0
TXN_7954064,5.0,3.0,15.0,2023-08-31,8,31,3,0,0,0,0,0,0,0,1,0,0
TXN_7954368,3.0,3.0,9.0,2023-10-06,10,6,4,0,0,0,0,0,0,0,1,0,1
TXN_7954416,1.0,2.0,2.0,2023-06-04,6,4,6,1,0,0,0,0,0,0,0,1,0
TXN_7956243,4.0,3.0,12.0,2023-05-23,5,23,1,0,0,0,0,0,0,0,0,0,1
TXN_7957208,1.0,1.5,1.5,2023-04-14,4,14,4,0,0,0,0,0,0,1,0,1,1
TXN_7958487,5.0,1.0,5.0,2023-01-20,1,20,4,0,1,0,0,0,0,0,0,1,0
TXN_7958992,3.0,4.0,12.0,2023-12-13,12,13,2,0,0,0,0,0,1,0,0,1,0
TXN_7961171,3.0,3.0,9.0,2023-01-27,1,27,4,0,0,1,0,0,0,0,0,0,0
TXN_7963189,4.0,1.0,4.0,2023-03-24,3,24,4,0,1,0,0,0,0,0,0,1,1
TXN_7963324,3.0,2.0,6.0,2023-12-09,12,9,5,1,0,0,0,0,0,0,0,1,1
TXN_7963892,1.0,5.0,5.0,2023-08-15,8,15,1,0,0,0,1,0,0,0,0,1,1
TXN_7964520,1.0,2.0,2.0,2023-03-26,3,26,6,1,0,0,0,0,0,0,0,1,0
TXN_7964661,3.0,3.0,9.0,2023-04-01,4,1,5,0,0,0,0,0,0,0,0,0,1
TXN_7965585,5.0,4.0,20.0,2023-01-30,1,30,0,0,0,0,0,0,1,0,0,1,1
TXN_7965998,1.0,3.0,3.0,2023-11-02,11,2,3,0,0,1,0,0,0,0,1,0,0
TXN_7968892,2.0,1.5,3.0,2023-10-02,10,2,0,0,0,0,0,0,0,1,0,1,0
TXN_7969017,3.0,1.5,4.5,2023-02-17,2,17,4,0,0,0,0,0,0,1,0,1,1
TXN_7970325,2.0,3.0,6.0,2023-03-13,3,13,0,0,0,0,0,0,0,0,0,1,1
TXN_7970906,4.0,2.0,8.0,2023-03-07,3,7,1,1,0,0,0,0,0,0,0,1,0
TXN_7971660,3.0,1.0,3.0,2023-10-02,10,2,0,0,1,0,0,0,0,0,0,0,1
TXN_7972349,4.0,3.0,12.0,2023-04-19,4,19,2,0,0,0,0,0,0,0,0,1,0
TXN_7973461,3.0,1.5,4.5,2023-04-11,4,11,1,0,0,0,0,0,0,1,0,1,0
TXN_7975336,5.0,1.5,7.5,2023-12-03,12,3,6,0,0,0,0,0,0,1,1,0,1
TXN_7975387,2.0,4.0,8.0,2023-03-23,3,23,3,0,0,0,0,0,1,0,1,0,1
TXN_7975760,3.0,3.0,9.0,2023-12-02,12,2,5,0,0,0,0,0,0,0,0,1,0
TXN_7976001,4.0,3.0,12.0,2023-06-27,6,27,1,0,0,1,0,0,0,0,1,0,0
TXN_7976129,3.0,3.0,9.0,2023-03-03,3,3,4,0,0,0,0,0,0,0,0,1,0
TXN_7977951,5.0,3.0,15.0,2023-12-22,12,22,4,0,0,0,0,0,0,0,0,1,1
TXN_7978452,5.0,3.0,15.0,2023-10-03,10,3,1,0,0,0,0,0,0,0,0,1,1
TXN_7979028,3.0,4.0,12.0,2023-07-12,7,12,2,0,0,0,0,1,0,0,0,0,1
TXN_7981162,3.0,3.0,9.0,2023-05-30,5,30,1,0,0,0,0,0,0,0,1,0,1
TXN_7982985,1.0,1.0,1.0,2023-01-27,1,27,4,0,1,0,0,0,0,0,1,0,1
TXN_7986904,3.0,1.0,3.0,2023-08-11,8,11,4,0,1,0,0,0,0,0,1,0,1
TXN_7989903,2.0,3.0,6.0,2023-06-19,6,19,0,0,0,1,0,0,0,0,0,0,1
TXN_7991322,5.0,2.0,10.0,2023-11-14,11,14,1,1,0,0,0,0,0,0,0,1,0
TXN_7991782,2.0,3.0,6.0,2023-01-11,1,11,2,0,0,1,0,0,0,0,0,1,0
TXN_7992512,5.0,4.0,20.0,2023-07-17,7,17,0,0,0,0,0,1,0,0,1,0,0
TXN_7993951,2.0,1.5,3.0,2023-12-14,12,14,3,0,0,0,0,0,0,1,0,1,1
TXN_7994275,3.0,4.0,12.0,2023-09-18,9,18,0,0,0,0,0,0,1,0,1,0,0
TXN_7994903,4.0,4.0,16.0,2023-01-09,1,9,0,0,0,0,0,0,1,0,1,0,0
TXN_7995960,1.0,3.0,3.0,2023-01-11,1,11,2,0,0,1,0,0,0,0,0,1,0
TXN_7997144,4.0,3.0,12.0,2023-02-25,2,25,5,0,0,1,0,0,0,0,1,0,1
TXN_7997252,3.0,3.0,9.0,2023-05-28,5,28,6,0,0,1,0,0,0,0,1,0,0
TXN_7997641,2.0,4.0,8.0,2023-12-20,12,20,2,0,0,0,0,0,1,0,0,0,0
TXN_7997704,2.0,4.0,8.0,2023-04-28,4,28,4,0,0,0,0,1,0,0,0,1,1
TXN_8002309,1.0,4.0,4.0,2023-04-04,4,4,1,0,0,0,0,1,0,0,0,1,1
TXN_8002886,5.0,2.0,10.0,2023-05-28,5,28,6,1,0,0,0,0,0,0,0,1,1
TXN_8003664,1.0,4.0,4.0,2023-11-26,11,26,6,0,0,0,0,1,0,0,1,0,0
TXN_8004162,5.0,5.0,25.0,2023-11-04,11,4,5,0,0,0,1,0,0,0,0,1,1
TXN_8004510,3.0,3.0,9.0,2023-12-29,12,29,4,0,0,0,0,0,0,0,0,0,1
TXN_8005089,4.0,5.0,20.0,2023-06-10,6,10,5,0,0,0,1,0,0,0,0,1,0
TXN_8005489,3.0,3.0,9.0,2023-08-12,8,12,5,0,0,0,0,0,0,0,0,1,0
TXN_8005682,2.0,2.0,4.0,2023-03-16,3,16,3,1,0,0,0,0,0,0,1,0,1
TXN_8006056,4.0,3.0,12.0,2023-12-19,12,19,1,0,0,1,0,0,0,0,1,0,1
TXN_8006668,4.0,1.5,6.0,2023-12-22,12,22,4,0,0,0,0,0,0,1,1,0,0
TXN_8007337,2.0,3.0,6.0,2023-11-01,11,1,2,0,0,0,0,0,0,0,0,1,1
TXN_8008815,2.0,5.0,10.0,2023-03-16,3,16,3,0,0,0,1,0,0,0,1,0,1
TXN_8010562,1.0,4.0,4.0,2023-07-23,7,23,6,0,0,0,0,1,0,0,0,0,1
TXN_8010863,2.0,2.0,4.0,2023-06-30,6,30,4,1,0,0,0,0,0,0,0,1,1
TXN_8013032,2.0,2.0,4.0,2023-03-07,3,7,1,1,0,0,0,0,0,0,1,0,1
TXN_8013818,2.0,1.5,3.0,2023-07-24,7,24,0,0,0,0,0,0,0,1,0,1,1
TXN_8014289,5.0,3.0,15.0,2023-12-04,12,4,0,0,0,1,0,0,0,0,0,1,0
TXN_8014645,2.0,3.0,6.0,2023-07-06,7,6,3,0,0,0,0,0,0,0,0,0,1
TXN_8014766,1.0,4.0,4.0,2023-10-05,10,5,3,0,0,0,0,0,1,0,0,1,1
TXN_8014973,3.0,5.0,15.0,2023-08-09,8,9,2,0,0,0,1,0,0,0,0,1,0
TXN_8016623,2.0,1.5,3.0,2023-05-09,5,9,1,0,0,0,0,0,0,1,0,0,1
TXN_8017663,2.0,2.0,4.0,2023-05-18,5,18,3,1,0,0,0,0,0,0,0,1,1
TXN_8017969,1.0,3.0,3.0,2023-03-26,3,26,6,0,0,1,0,0,0,0,0,0,1
TXN_8018272,4.0,4.0,16.0,2023-03-01,3,1,2,0,0,0,0,0,1,0,0,1,0
TXN_8018479,1.0,1.5,1.5,2023-09-15,9,15,4,0,0,0,0,0,0,1,0,1,1
TXN_8018572,5.0,1.0,5.0,2023-10-09,10,9,0,0,1,0,0,0,0,0,0,1,0
TXN_8019306,1.0,3.0,3.0,2023-05-21,5,21,6,0,0,1,0,0,0,0,1,0,0
TXN_8019335,3.0,4.0,12.0,2023-11-26,11,26,6,0,0,0,0,0,1,0,0,1,1
TXN_8019396,3.0,4.0,12.0,2023-10-20,10,20,4,0,0,0,0,1,0,0,0,1,0
TXN_8020606,4.0,3.0,12.0,2023-10-10,10,10,1,0,0,0,0,0,0,0,0,1,1
TXN_8022689,1.0,1.5,1.5,2023-06-15,6,15,3,0,0,0,0,0,0,1,0,0,1
TXN_8022892,4.0,4.0,16.0,2023-08-07,8,7,0,0,0,0,0,1,0,0,0,1,0
TXN_8023817,4.0,3.0,12.0,2023-05-08,5,8,0,0,0,1,0,0,0,0,1,0,1
TXN_8025478,4.0,4.0,16.0,2023-01-24,1,24,1,0,0,0,0,1,0,0,0,0,1
TXN_8028042,3.0,2.0,6.0,2023-04-05,4,5,2,1,0,0,0,0,0,0,0,1,1
TXN_8030379,4.0,5.0,20.0,2023-07-21,7,21,4,0,0,0,1,0,0,0,0,0,0
TXN_8031804,4.0,2.0,8.0,2023-07-01,7,1,5,1,0,0,0,0,0,0,1,0,0
TXN_8032010,1.0,1.5,1.5,2023-06-14,6,14,2,0,0,0,0,0,0,1,0,0,1
TXN_8034156,1.0,4.0,4.0,2023-07-22,7,22,5,0,0,0,0,1,0,0,0,0,0
TXN_8035512,3.0,1.5,4.5,2023-10-29,10,29,6,0,0,0,0,0,0,1,0,0,0
TXN_8036176,4.0,1.0,4.0,2023-06-20,6,20,1,0,1,0,0,0,0,0,1,0,1
TXN_8036247,1.0,2.0,2.0,2023-09-29,9,29,4,1,0,0,0,0,0,0,1,0,1
TXN_8038871,5.0,3.0,15.0,2023-06-09,6,9,4,0,0,1,0,0,0,0,0,1,0
TXN_8039560,5.0,2.0,10.0,2023-03-29,3,29,2,1,0,0,0,0,0,0,0,1,1
TXN_8039752,2.0,2.0,4.0,2023-11-28,11,28,1,1,0,0,0,0,0,0,0,1,1
TXN_8040251,1.0,2.0,2.0,2023-04-16,4,16,6,1,0,0,0,0,0,0,0,1,0
TXN_8041777,1.0,3.0,3.0,2023-11-23,11,23,3,0,0,0,0,0,0,0,0,0,0
TXN_8043218,2.0,5.0,10.0,2023-10-23,10,23,0,0,0,0,1,0,0,0,0,0,0
TXN_8043642,4.0,5.0,20.0,2023-06-12,6,12,0,0,0,0,1,0,0,0,0,0,0
TXN_8045032,4.0,3.0,12.0,2023-02-20,2,20,0,0,0,1,0,0,0,0,0,1,0
TXN_8046057,1.0,2.0,2.0,2023-11-24,11,24,4,1,0,0,0,0,0,0,1,0,0
TXN_8046087,2.0,3.0,6.0,2023-04-15,4,15,5,0,0,0,0,0,0,0,0,1,1
TXN_8046891,1.0,2.0,2.0,2023-02-24,2,24,4,1,0,0,0,0,0,0,1,0,1
TXN_8047234,3.0,3.0,9.0,2023-08-29,8,29,1,0,0,1,0,0,0,0,1,0,0
TXN_8048037,2.0,4.0,8.0,2023-03-31,3,31,4,0,0,0,0,1,0,0,0,1,1
TXN_8049058,2.0,3.0,6.0,2023-04-08,4,8,5,0,0,0,0,0,0,0,0,0,1
TXN_8049191,3.0,3.0,9.0,2023-07-31,7,31,0,0,0,0,0,0,0,0,1,0,1
TXN_8049635,3.0,5.0,15.0,2023-11-16,11,16,3,0,0,0,1,0,0,0,0,0,0
TXN_8050034,4.0,1.0,4.0,2023-07-29,7,29,5,0,1,0,0,0,0,0,0,1,0
TXN_8051289,1.0,3.0,3.0,2023-10-09,10,9,0,0,0,1,0,0,0,0,1,0,0
TXN_8053946,1.0,1.5,1.5,2023-09-18,9,18,0,0,0,0,0,0,0,1,0,1,1
TXN_8056263,5.0,4.0,20.0,2023-04-20,4,20,3,0,0,0,0,0,1,0,0,1,0
TXN_8058026,1.0,1.5,1.5,2023-05-19,5,19,4,0,0,0,0,0,0,1,0,0,1
TXN_8058105,3.0,1.5,4.5,2023-03-07,3,7,1,0,0,0,0,0,0,1,0,0,0
TXN_8059034,1.0,2.0,2.0,2023-01-10,1,10,1,1,0,0,0,0,0,0,0,1,0
TXN_8061866,4.0,5.0,20.0,2023-12-13,12,13,2,0,0,0,1,0,0,0,0,0,1
TXN_8062811,2.0,2.0,4.0,2023-04-07,4,7,4,1,0,0,0,0,0,0,0,0,1
TXN_8062897,2.0,4.0,8.0,2023-10-02,10,2,0,0,0,0,0,0,1,0,0,1,1
TXN_8063016,1.0,1.0,1.0,2023-02-27,2,27,0,0,1,0,0,0,0,0,0,0,1
TXN_8065180,5.0,4.0,20.0,2023-06-07,6,7,2,0,0,0,0,0,1,0,0,1,1
TXN_8065852,1.0,4.0,4.0,2023-07-17,7,17,0,0,0,0,0,1,0,0,1,0,0
TXN_8066306,5.0,3.0,15.0,2023-01-07,1,7,5,0,0,0,0,0,0,0,0,1,1
TXN_8066743,3.0,1.5,4.5,2023-11-13,11,13,0,0,0,0,0,0,0,1,0,0,1
TXN_8068515,1.0,1.0,1.0,2023-06-16,6,16,4,0,1,0,0,0,0,0,0,0,1
TXN_8073173,5.0,1.5,7.5,2023-07-05,7,5,2,0,0,0,0,0,0,1,0,0,0
TXN_8075323,1.0,4.0,4.0,2023-04-18,4,18,1,0,0,0,0,1,0,0,0,1,0
TXN_8076061,4.0,1.5,6.0,2023-04-01,4,1,5,0,0,0,0,0,0,1,0,0,0
TXN_8076152,4.0,1.5,6.0,2023-12-18,12,18,0,0,0,0,0,0,0,1,0,1,0
TXN_8076559,5.0,3.0,15.0,2023-11-02,11,2,3,0,0,0,0,0,0,0,0,0,1
TXN_8076942,2.0,1.0,2.0,2023-04-29,4,29,5,0,1,0,0,0,0,0,0,0,1
TXN_8077367,5.0,1.5,7.5,2023-02-27,2,27,0,0,0,0,0,0,0,1,1,0,0
TXN_8077812,5.0,5.0,25.0,2023-01-16,1,16,0,0,0,0,1,0,0,0,0,0,0
TXN_8077929,3.0,1.5,4.5,2023-08-06,8,6,6,0,0,0,0,0,0,1,0,1,1
TXN_8078312,1.0,1.0,1.0,2023-09-24,9,24,6,0,1,0,0,0,0,0,0,1,1
TXN_8078640,4.0,3.0,12.0,2023-11-03,11,3,4,0,0,1,0,0,0,0,0,1,0
TXN_8079747,2.0,5.0,10.0,2023-03-18,3,18,5,0,0,0,1,0,0,0,0,1,1
TXN_8082317,3.0,3.0,9.0,2023-08-18,8,18,4,0,0,1,0,0,0,0,0,0,1
TXN_8083377,4.0,1.5,6.0,2023-01-06,1,6,4,0,0,0,0,0,0,1,0,1,0
TXN_8085790,4.0,1.0,4.0,2023-10-27,10,27,4,0,1,0,0,0,0,0,0,0,1
TXN_8086161,2.0,4.0,8.0,2023-03-10,3,10,4,0,0,0,0,1,0,0,0,0,0
TXN_8089522,4.0,4.0,16.0,2023-02-12,2,12,6,0,0,0,0,1,0,0,0,0,1
TXN_8090361,1.0,2.0,2.0,2023-03-12,3,12,6,1,0,0,0,0,0,0,0,1,1
TXN_8090470,4.0,4.0,16.0,2023-11-18,11,18,5,0,0,0,0,1,0,0,0,1,1
TXN_8090925,3.0,1.0,3.0,2023-07-11,7,11,1,0,1,0,0,0,0,0,0,1,0
TXN_8091357,1.0,2.0,2.0,2023-12-28,12,28,3,1,0,0,0,0,0,0,0,0,0
TXN_8092496,4.0,3.0,12.0,2023-03-11,3,11,5,0,0,1,0,0,0,0,0,1,0
TXN_8096618,4.0,2.0,8.0,2023-02-20,2,20,0,1,0,0,0,0,0,0,0,1,0
TXN_8097899,4.0,2.0,8.0,2023-09-05,9,5,1,1,0,0,0,0,0,0,0,1,1
TXN_8099340,4.0,1.5,6.0,2023-04-23,4,23,6,0,0,0,0,0,0,1,0,1,0
TXN_8099424,4.0,3.0,12.0,2023-04-02,4,2,6,0,0,0,0,0,0,0,0,1,1
TXN_8099578,3.0,2.0,6.0,2023-03-02,3,2,3,1,0,0,0,0,0,0,0,0,1
TXN_8100384,1.0,4.0,4.0,2023-11-08,11,8,2,0,0,0,0,1,0,0,0,0,1
TXN_8101633,2.0,4.0,8.0,2023-08-10,8,10,3,0,0,0,0,1,0,0,0,1,0
TXN_8103439,1.0,4.0,4.0,2023-11-30,11,30,3,0,0,0,0,0,1,0,0,1,1
TXN_8103630,1.0,1.0,1.0,2023-03-08,3,8,2,0,1,0,0,0,0,0,0,1,1
TXN_8103754,5.0,5.0,25.0,2023-01-29,1,29,6,0,0,0,1,0,0,0,0,0,1
TXN_8104431,5.0,1.5,7.5,2023-03-07,3,7,1,0,0,0,0,0,0,1,1,0,0
TXN_8105705,1.0,3.0,3.0,2023-10-17,10,17,1,0,0,1,0,0,0,0,0,1,1
TXN_8106064,1.0,1.0,1.0,2023-06-17,6,17,5,0,1,0,0,0,0,0,0,0,1
TXN_8106538,3.0,2.0,6.0,2023-07-09,7,9,6,1,0,0,0,0,0,0,0,1,0
TXN_8107005,3.0,3.0,9.0,2023-09-15,9,15,4,0,0,1,0,0,0,0,0,0,0
TXN_8107970,2.0,2.0,4.0,2023-06-03,6,3,5,1,0,0,0,0,0,0,1,0,1
TXN_8108115,3.0,2.0,6.0,2023-08-24,8,24,3,1,0,0,0,0,0,0,0,1,0
TXN_8108731,5.0,3.0,15.0,2023-08-13,8,13,6,0,0,1,0,0,0,0,0,1,1
TXN_8108748,1.0,4.0,4.0,2023-06-19,6,19,0,0,0,0,0,1,0,0,0,0,0
TXN_8110646,2.0,3.0,6.0,2023-06-07,6,7,2,0,0,0,0,0,0,0,1,0,1
TXN_8111101,5.0,4.0,20.0,2023-01-12,1,12,3,0,0,0,0,1,0,0,0,0,0
TXN_8112788,1.0,4.0,4.0,2023-08-07,8,7,0,0,0,0,0,0,1,0,1,0,1
TXN_8114990,1.0,3.0,3.0,2023-02-27,2,27,0,0,0,1,0,0,0,0,0,1,1
TXN_8115752,2.0,4.0,8.0,2023-06-27,6,27,1,0,0,0,0,0,1,0,0,1,0
TXN_8116676,2.0,3.0,6.0,2023-09-16,9,16,5,0,0,0,0,0,0,0,0,1,0
TXN_8117583,1.0,5.0,5.0,2023-02-25,2,25,5,0,0,0,1,0,0,0,0,0,0
TXN_8118419,3.0,3.0,9.0,2023-12-03,12,3,6,0,0,0,0,0,0,0,0,1,0
TXN_8119542,2.0,1.0,2.0,2023-12-12,12,12,1,0,1,0,0,0,0,0,0,1,0
TXN_8120577,3.0,3.0,9.0,2023-09-08,9,8,4,0,0,0,0,0,0,0,0,0,0
TXN_8120958,5.0,1.0,5.0,2023-06-21,6,21,2,0,1,0,0,0,0,0,1,0,1
TXN_8121601,4.0,3.0,12.0,2023-07-02,7,2,6,0,0,1,0,0,0,0,0,0,0
TXN_8122317,3.0,2.0,6.0,2023-10-16,10,16,0,1,0,0,0,0,0,0,0,0,1
TXN_8122340,4.0,2.0,8.0,2023-06-09,6,9,4,1,0,0,0,0,0,0,1,0,0
TXN_8124663,2.0,4.0,8.0,2023-10-15,10,15,6,0,0,0,0,1,0,0,1,0,1
TXN_8124795,5.0,5.0,25.0,2023-08-11,8,11,4,0,0,0,1,0,0,0,0,1,0
TXN_8125141,3.0,1.5,4.5,2023-04-18,4,18,1,0,0,0,0,0,0,1,0,1,1
TXN_8126586,5.0,4.0,20.0,2023-11-19,11,19,6,0,0,0,0,1,0,0,0,0,0
TXN_8126762,5.0,2.0,10.0,2023-06-08,6,8,3,1,0,0,0,0,0,0,0,1,1
TXN_8127390,3.0,1.5,4.5,2023-01-19,1,19,3,0,0,0,0,0,0,1,0,1,0
TXN_8127433,3.0,4.0,12.0,2023-07-11,7,11,1,0,0,0,0,1,0,0,0,1,1
TXN_8127681,1.0,4.0,4.0,2023-09-02,9,2,5,0,0,0,0,0,1,0,1,0,1
TXN_8127929,5.0,1.0,5.0,2023-10-08,10,8,6,0,1,0,0,0,0,0,1,0,1
TXN_8128146,2.0,3.0,6.0,2023-05-16,5,16,1,0,0,0,0,0,0,0,0,0,0
TXN_8128656,5.0,4.0,20.0,2023-04-24,4,24,0,0,0,0,0,0,1,0,0,1,0
TXN_8129834,1.0,5.0,5.0,2023-07-22,7,22,5,0,0,0,1,0,0,0,0,0,0
TXN_8130122,2.0,4.0,8.0,2023-10-23,10,23,0,0,0,0,0,1,0,0,0,1,0
TXN_8131052,1.0,1.0,1.0,2023-09-16,9,16,5,0,1,0,0,0,0,0,1,0,1
TXN_8131533,1.0,3.0,3.0,2023-07-18,7,18,1,0,0,0,0,0,0,0,0,0,0
TXN_8131537,2.0,4.0,8.0,2023-12-03,12,3,6,0,0,0,0,0,1,0,1,0,0
TXN_8131570,4.0,5.0,20.0,2023-12-02,12,2,5,0,0,0,1,0,0,0,0,1,0
TXN_8132145,1.0,1.5,1.5,2023-08-04,8,4,4,0,0,0,0,0,0,1,0,1,0
TXN_8132632,3.0,1.5,4.5,2023-07-26,7,26,2,0,0,0,0,0,0,1,0,1,0
TXN_8133627,5.0,3.0,15.0,2023-08-15,8,15,1,0,0,0,0,0,0,0,0,0,0
TXN_8134280,1.0,1.0,1.0,2023-01-29,1,29,6,0,1,0,0,0,0,0,0,1,1
TXN_8135614,2.0,3.0,6.0,2023-01-28,1,28,5,0,0,1,0,0,0,0,0,1,0
TXN_8136881,3.0,5.0,15.0,2023-08-28,8,28,0,0,0,0,1,0,0,0,0,0,0
TXN_8138157,2.0,4.0,8.0,2023-05-07,5,7,6,0,0,0,0,0,1,0,0,0,1
TXN_8139533,1.0,4.0,4.0,2023-09-21,9,21,3,0,0,0,0,0,1,0,0,0,0
TXN_8140360,4.0,2.0,8.0,2023-05-05,5,5,4,1,0,0,0,0,0,0,0,1,1
TXN_8140560,5.0,3.0,15.0,2023-06-29,6,29,3,0,0,0,0,0,0,0,0,1,1
TXN_8141558,5.0,3.0,15.0,2023-12-05,12,5,1,0,0,0,0,0,0,0,1,0,0
TXN_8145813,4.0,3.0,12.0,2023-02-10,2,10,4,0,0,1,0,0,0,0,0,1,0
TXN_8145970,5.0,3.0,15.0,2023-10-26,10,26,3,0,0,1,0,0,0,0,0,1,1
TXN_8147057,1.0,3.0,3.0,2023-08-21,8,21,0,0,0,1,0,0,0,0,0,1,0
TXN_8147357,5.0,1.5,7.5,2023-04-20,4,20,3,0,0,0,0,0,0,1,0,1,1
TXN_8149585,1.0,3.0,3.0,2023-02-21,2,21,1,0,0,1,0,0,0,0,1,0,1
TXN_8150967,3.0,4.0,12.0,2023-01-08,1,8,6,0,0,0,0,0,1,0,0,0,0
TXN_8153550,2.0,1.0,2.0,2023-10-12,10,12,3,0,1,0,0,0,0,0,0,0,1
TXN_8153957,1.0,2.0,2.0,2023-10-12,10,12,3,1,0,0,0,0,0,0,0,1,1
TXN_8154928,3.0,1.5,4.5,2023-07-26,7,26,2,0,0,0,0,0,0,1,1,0,1
TXN_8155325,5.0,2.0,10.0,2023-11-27,11,27,0,1,0,0,0,0,0,0,0,1,0
TXN_8155446,3.0,5.0,15.0,2023-12-20,12,20,2,0,0,0,1,0,0,0,0,1,1
TXN_8155535,1.0,3.0,3.0,2023-03-13,3,13,0,0,0,0,0,0,0,0,0,1,1
TXN_8155540,5.0,5.0,25.0,2023-03-19,3,19,6,0,0,0,1,0,0,0,1,0,1
TXN_8156455,2.0,3.0,6.0,2023-02-12,2,12,6,0,0,0,0,0,0,0,0,0,0
TXN_8157817,2.0,1.5,3.0,2023-08-30,8,30,2,0,0,0,0,0,0,1,1,0,1
TXN_8158496,4.0,1.5,6.0,2023-06-19,6,19,0,0,0,0,0,0,0,1,0,0,0
TXN_8158986,5.0,1.0,5.0,2023-12-10,12,10,6,0,1,0,0,0,0,0,0,1,0
TXN_8159649,4.0,2.0,8.0,2023-06-15,6,15,3,1,0,0,0,0,0,0,0,1,0
TXN_8159727,5.0,5.0,25.0,2023-04-24,4,24,0,0,0,0,1,0,0,0,0,1,1
TXN_8159772,1.0,3.0,3.0,2023-10-02,10,2,0,0,0,0,0,0,0,0,1,0,0
TXN_8160791,5.0,3.0,15.0,2023-10-24,10,24,1,0,0,0,0,0,0,0,0,1,0
TXN_8161873,1.0,1.5,1.5,2023-02-08,2,8,2,0,0,0,0,0,0,1,0,1,1
TXN_8162690,2.0,5.0,10.0,2023-05-08,5,8,0,0,0,0,1,0,0,0,0,1,1
TXN_8164119,3.0,1.5,4.5,2023-01-07,1,7,5,0,0,0,0,0,0,1,1,0,1
TXN_8164332,4.0,1.5,6.0,2023-04-22,4,22,5,0,0,0,0,0,0,1,0,0,1
TXN_8165784,5.0,3.0,15.0,2023-10-15,10,15,6,0,0,0,0,0,0,0,0,1,1
TXN_8166394,4.0,3.0,12.0,2023-12-22,12,22,4,0,0,1,0,0,0,0,1,0,0
TXN_8166407,2.0,4.0,8.0,2023-07-26,7,26,2,0,0,0,0,0,1,0,0,1,1
TXN_8166527,2.0,5.0,10.0,2023-05-24,5,24,2,0,0,0,1,0,0,0,0,0,0
TXN_8167311,1.0,5.0,5.0,2023-10-09,10,9,0,0,0,0,1,0,0,0,0,1,1
TXN_8167530,3.0,3.0,9.0,2023-03-08,3,8,2,0,0,0,0,0,0,0,0,0,0
TXN_8167741,4.0,4.0,16.0,2023-09-09,9,9,5,0,0,0,0,1,0,0,0,1,1
TXN_8167808,3.0,3.0,9.0,2023-02-03,2,3,4,0,0,0,0,0,0,0,0,0,0
TXN_8170122,5.0,1.0,5.0,2023-03-20,3,20,0,0,1,0,0,0,0,0,0,1,0
TXN_8171171,1.0,2.0,2.0,2023-05-13,5,13,5,1,0,0,0,0,0,0,0,1,1
TXN_8172182,2.0,3.0,6.0,2023-06-22,6,22,3,0,0,0,0,0,0,0,0,0,0
TXN_8172333,4.0,1.0,4.0,2023-12-25,12,25,0,0,1,0,0,0,0,0,1,0,0
TXN_8172897,3.0,1.0,3.0,2023-03-14,3,14,1,0,1,0,0,0,0,0,0,1,1
TXN_8173006,3.0,5.0,15.0,2023-12-21,12,21,3,0,0,0,1,0,0,0,0,1,1
TXN_8175702,1.0,1.5,1.5,2023-08-27,8,27,6,0,0,0,0,0,0,1,0,1,1
TXN_8176812,5.0,4.0,20.0,2023-06-21,6,21,2,0,0,0,0,1,0,0,0,1,0
TXN_8180793,4.0,1.0,4.0,2023-11-17,11,17,4,0,1,0,0,0,0,0,0,1,0
TXN_8181326,5.0,1.5,7.5,2023-02-28,2,28,1,0,0,0,0,0,0,1,0,0,1
TXN_8182245,5.0,4.0,20.0,2023-10-24,10,24,1,0,0,0,0,1,0,0,0,1,1
TXN_8183734,2.0,1.0,2.0,2023-08-25,8,25,4,0,1,0,0,0,0,0,0,1,0
TXN_8186625,1.0,1.0,1.0,2023-07-21,7,21,4,0,1,0,0,0,0,0,0,1,1
TXN_8187087,3.0,2.0,6.0,2023-01-31,1,31,1,1,0,0,0,0,0,0,0,1,1
TXN_8187222,4.0,2.0,8.0,2023-03-08,3,8,2,1,0,0,0,0,0,0,1,0,0
TXN_8187656,4.0,1.5,6.0,2023-05-01,5,1,0,0,0,0,0,0,0,1,1,0,1
TXN_8188818,2.0,1.5,3.0,2023-10-07,10,7,5,0,0,0,0,0,0,1,0,1,0
TXN_8188857,1.0,3.0,3.0,2023-12-21,12,21,3,0,0,0,0,0,0,0,0,1,0
TXN_8191202,2.0,1.0,2.0,2023-01-14,1,14,5,0,1,0,0,0,0,0,0,1,0
TXN_8192063,4.0,3.0,12.0,2023-02-06,2,6,0,0,0,1,0,0,0,0,0,0,1
TXN_8194534,2.0,2.0,4.0,2023-05-19,5,19,4,1,0,0,0,0,0,0,0,0,1
TXN_8195843,4.0,1.0,4.0,2023-06-02,6,2,4,0,1,0,0,0,0,0,0,1,1
TXN_8196921,4.0,2.0,8.0,2023-05-19,5,19,4,1,0,0,0,0,0,0,1,0,1
TXN_8197935,5.0,4.0,20.0,2023-03-28,3,28,1,0,0,0,0,1,0,0,0,0,0
TXN_8199524,5.0,3.0,15.0,2023-12-01,12,1,4,0,0,0,0,0,0,0,0,0,1
TXN_8199561,4.0,1.0,4.0,2023-07-31,7,31,0,0,1,0,0,0,0,0,0,1,0
TXN_8199829,2.0,3.0,6.0,2023-07-29,7,29,5,0,0,0,0,0,0,0,1,0,1
TXN_8201146,5.0,3.0,15.0,2023-06-26,6,26,0,0,0,1,0,0,0,0,0,0,1
TXN_8203190,2.0,1.5,3.0,2023-06-16,6,16,4,0,0,0,0,0,0,1,0,1,0
TXN_8205107,4.0,4.0,16.0,2023-04-19,4,19,2,0,0,0,0,0,1,0,1,0,1
TXN_8207244,5.0,1.5,7.5,2023-05-04,5,4,3,0,0,0,0,0,0,1,0,0,1
TXN_8208915,2.0,3.0,6.0,2023-05-09,5,9,1,0,0,1,0,0,0,0,0,0,0
TXN_8209124,2.0,2.0,4.0,2023-10-05,10,5,3,1,0,0,0,0,0,0,0,0,1
TXN_8209125,3.0,1.0,3.0,2023-01-30,1,30,0,0,1,0,0,0,0,0,1,0,1
TXN_8209509,4.0,1.0,4.0,2023-11-09,11,9,3,0,1,0,0,0,0,0,0,1,1
TXN_8209794,5.0,2.0,10.0,2023-10-25,10,25,2,1,0,0,0,0,0,0,1,0,1
TXN_8210816,4.0,5.0,20.0,2023-08-12,8,12,5,0,0,0,1,0,0,0,0,1,1
TXN_8211133,2.0,1.5,3.0,2023-08-31,8,31,3,0,0,0,0,0,0,1,1,0,1
TXN_8211146,5.0,4.0,20.0,2023-04-30,4,30,6,0,0,0,0,1,0,0,0,1,1
TXN_8211198,3.0,3.0,9.0,2023-01-24,1,24,1,0,0,1,0,0,0,0,1,0,0
TXN_8211288,1.0,4.0,4.0,2023-04-23,4,23,6,0,0,0,0,0,1,0,0,0,0
TXN_8211303,5.0,5.0,25.0,2023-08-26,8,26,5,0,0,0,1,0,0,0,0,1,1
TXN_8212783,3.0,5.0,15.0,2023-03-30,3,30,3,0,0,0,1,0,0,0,1,0,0
TXN_8214944,3.0,1.5,4.5,2023-11-18,11,18,5,0,0,0,0,0,0,1,1,0,0
TXN_8215595,2.0,1.5,3.0,2023-11-23,11,23,3,0,0,0,0,0,0,1,0,0,1
TXN_8219210,5.0,4.0,20.0,2023-01-12,1,12,3,0,0,0,0,0,1,0,0,0,0
TXN_8219298,5.0,3.0,15.0,2023-09-01,9,1,4,0,0,1,0,0,0,0,1,0,1
TXN_8219472,4.0,1.0,4.0,2023-11-09,11,9,3,0,1,0,0,0,0,0,1,0,1
TXN_8219519,5.0,1.5,7.5,2023-11-29,11,29,2,0,0,0,0,0,0,1,1,0,1
TXN_8220657,2.0,1.5,3.0,2023-08-13,8,13,6,0,0,0,0,0,0,1,0,0,1
TXN_8222593,4.0,4.0,16.0,2023-05-11,5,11,3,0,0,0,0,1,0,0,1,0,0
TXN_8223689,5.0,5.0,25.0,2023-09-08,9,8,4,0,0,0,1,0,0,0,0,1,0
TXN_8224079,5.0,1.0,5.0,2023-10-16,10,16,0,0,1,0,0,0,0,0,0,0,0
TXN_8225343,1.0,4.0,4.0,2023-05-10,5,10,2,0,0,0,0,0,1,0,0,0,0
TXN_8225571,4.0,1.5,6.0,2023-01-17,1,17,1,0,0,0,0,0,0,1,0,1,1
TXN_8226226,1.0,4.0,4.0,2023-07-30,7,30,6,0,0,0,0,1,0,0,0,1,0
TXN_8226985,2.0,2.0,4.0,2023-03-08,3,8,2,1,0,0,0,0,0,0,0,1,0
TXN_8227648,3.0,1.5,4.5,2023-05-31,5,31,2,0,0,0,0,0,0,1,0,1,1
TXN_8228500,3.0,1.5,4.5,2023-04-15,4,15,5,0,0,0,0,0,0,1,0,1,0
TXN_8228865,3.0,3.0,9.0,2023-09-19,9,19,1,0,0,1,0,0,0,0,0,1,0
TXN_8229546,2.0,4.0,8.0,2023-10-16,10,16,0,0,0,0,0,0,1,0,0,0,1
TXN_8230414,4.0,4.0,16.0,2023-11-20,11,20,0,0,0,0,0,1,0,0,0,0,1
TXN_8230936,3.0,3.0,9.0,2023-05-02,5,2,1,0,0,0,0,0,0,0,0,1,0
TXN_8232653,5.0,5.0,25.0,2023-04-21,4,21,4,0,0,0,1,0,0,0,0,0,1
TXN_8233101,2.0,5.0,10.0,2023-02-12,2,12,6,0,0,0,1,0,0,0,0,0,0
TXN_8235381,3.0,1.0,3.0,2023-03-01,3,1,2,0,1,0,0,0,0,0,0,1,0
TXN_8235675,1.0,1.5,1.5,2023-08-08,8,8,1,0,0,0,0,0,0,1,1,0,0
TXN_8236432,1.0,5.0,5.0,2023-12-04,12,4,0,0,0,0,1,0,0,0,0,0,1
TXN_8237192,3.0,4.0,12.0,2023-10-03,10,3,1,0,0,0,0,1,0,0,0,1,0
TXN_8239121,1.0,4.0,4.0,2023-05-11,5,11,3,0,0,0,0,0,1,0,0,1,0
TXN_8240436,5.0,5.0,25.0,2023-07-05,7,5,2,0,0,0,1,0,0,0,0,1,0
TXN_8241649,5.0,1.5,7.5,2023-03-15,3,15,2,0,0,0,0,0,0,1,0,1,0
TXN_8241724,1.0,4.0,4.0,2023-05-14,5,14,6,0,0,0,0,0,1,0,1,0,1
TXN_8242126,4.0,5.0,20.0,2023-11-20,11,20,0,0,0,0,1,0,0,0,0,1,0
TXN_8244640,1.0,1.0,1.0,2023-09-24,9,24,6,0,1,0,0,0,0,0,0,1,1
TXN_8245502,1.0,5.0,5.0,2023-03-16,3,16,3,0,0,0,1,0,0,0,1,0,1
TXN_8245906,1.0,3.0,3.0,2023-02-08,2,8,2,0,0,0,0,0,0,0,0,1,0
TXN_8246369,1.0,3.0,3.0,2023-10-16,10,16,0,0,0,1,0,0,0,0,1,0,0
TXN_8249251,3.0,3.0,9.0,2023-01-01,1,1,6,0,0,0,0,0,0,0,0,1,0
TXN_8249996,4.0,1.0,4.0,2023-09-19,9,19,1,0,1,0,0,0,0,0,0,1,1
TXN_8250427,4.0,2.0,8.0,2023-09-15,9,15,4,1,0,0,0,0,0,0,1,0,1
TXN_8250651,4.0,4.0,16.0,2023-03-13,3,13,0,0,0,0,0,1,0,0,0,1,0
TXN_8250731,2.0,1.0,2.0,2023-08-24,8,24,3,0,1,0,0,0,0,0,0,0,0
TXN_8250845,1.0,1.0,1.0,2023-12-09,12,9,5,0,1,0,0,0,0,0,0,0,0
TXN_8252793,4.0,1.0,4.0,2023-07-28,7,28,4,0,1,0,0,0,0,0,0,1,1
TXN_8253046,1.0,3.0,3.0,2023-12-20,12,20,2,0,0,0,0,0,0,0,0,1,0
TXN_8255965,2.0,3.0,6.0,2023-11-16,11,16,3,0,0,1,0,0,0,0,0,1,0
TXN_8256593,2.0,5.0,10.0,2023-08-09,8,9,2,0,0,0,1,0,0,0,0,1,1
TXN_8257774,5.0,1.0,5.0,2023-03-04,3,4,5,0,1,0,0,0,0,0,0,0,1
TXN_8258400,5.0,5.0,25.0,2023-10-09,10,9,0,0,0,0,1,0,0,0,0,1,1
TXN_8258798,3.0,2.0,6.0,2023-10-18,10,18,2,1,0,0,0,0,0,0,0,0,0
TXN_8259257,2.0,1.5,3.0,2023-12-13,12,13,2,0,0,0,0,0,0,1,0,1,0
TXN_8260297,2.0,5.0,10.0,2023-07-04,7,4,1,0,0,0,1,0,0,0,0,0,0
TXN_8260461,2.0,1.0,2.0,2023-10-29,10,29,6,0,1,0,0,0,0,0,0,1,0
TXN_8261045,3.0,1.5,4.5,2023-01-21,1,21,5,0,0,0,0,0,0,1,0,0,0
TXN_8261380,3.0,3.0,9.0,2023-10-01,10,1,6,0,0,0,0,0,0,0,0,0,0
TXN_8263172,2.0,3.0,6.0,2023-12-30,12,30,5,0,0,1,0,0,0,0,0,1,1
TXN_8265257,1.0,2.0,2.0,2023-10-25,10,25,2,1,0,0,0,0,0,0,0,1,0
TXN_8266662,5.0,2.0,10.0,2023-04-09,4,9,6,1,0,0,0,0,0,0,1,0,1
TXN_8266689,5.0,3.0,15.0,2023-12-03,12,3,6,0,0,0,0,0,0,0,0,0,0
TXN_8267031,2.0,3.0,6.0,2023-03-28,3,28,1,0,0,0,0,0,0,0,0,1,1
TXN_8267034,2.0,3.0,6.0,2023-06-20,6,20,1,0,0,1,0,0,0,0,0,1,1
TXN_8267616,4.0,1.5,6.0,2023-03-01,3,1,2,0,0,0,0,0,0,1,0,0,1
TXN_8267915,2.0,4.0,8.0,2023-03-22,3,22,2,0,0,0,0,1,0,0,1,0,1
TXN_8268061,3.0,5.0,15.0,2023-08-20,8,20,6,0,0,0,1,0,0,0,0,1,1
TXN_8269366,1.0,4.0,4.0,2023-10-31,10,31,1,0,0,0,0,1,0,0,0,1,1
TXN_8269956,5.0,4.0,20.0,2023-08-02,8,2,2,0,0,0,0,0,1,0,0,1,1
TXN_8270768,5.0,3.0,15.0,2023-02-28,2,28,1,0,0,1,0,0,0,0,0,1,1
TXN_8271025,5.0,3.0,15.0,2023-03-09,3,9,3,0,0,1,0,0,0,0,1,0,1
TXN_8271278,1.0,1.5,1.5,2023-07-01,7,1,5,0,0,0,0,0,0,1,0,1,0
TXN_8271541,2.0,4.0,8.0,2023-09-07,9,7,3,0,0,0,0,0,1,0,0,1,0
TXN_8272750,5.0,5.0,25.0,2023-05-18,5,18,3,0,0,0,1,0,0,0,1,0,1
TXN_8273645,2.0,3.0,6.0,2023-11-02,11,2,3,0,0,1,0,0,0,0,0,0,1
TXN_8273780,2.0,5.0,10.0,2023-10-15,10,15,6,0,0,0,1,0,0,0,0,1,1
TXN_8275137,4.0,5.0,20.0,2023-11-16,11,16,3,0,0,0,1,0,0,0,0,0,0
TXN_8275626,2.0,2.0,4.0,2023-09-10,9,10,6,1,0,0,0,0,0,0,0,1,1
TXN_8276063,1.0,2.0,2.0,2023-01-06,1,6,4,1,0,0,0,0,0,0,1,0,1
TXN_8276635,4.0,4.0,16.0,2023-12-16,12,16,5,0,0,0,0,1,0,0,0,1,1
TXN_8277553,3.0,1.5,4.5,2023-09-26,9,26,1,0,0,0,0,0,0,1,0,0,0
TXN_8277583,5.0,1.0,5.0,2023-08-15,8,15,1,0,1,0,0,0,0,0,0,1,1
TXN_8278833,3.0,3.0,9.0,2023-02-26,2,26,6,0,0,0,0,0,0,0,0,1,0
TXN_8278982,5.0,4.0,20.0,2023-09-06,9,6,2,0,0,0,0,0,1,0,1,0,1
TXN_8279269,4.0,4.0,16.0,2023-06-14,6,14,2,0,0,0,0,0,1,0,0,1,0
TXN_8279865,1.0,3.0,3.0,2023-07-18,7,18,1,0,0,1,0,0,0,0,0,0,0
TXN_8279966,3.0,2.0,6.0,2023-08-24,8,24,3,1,0,0,0,0,0,0,0,0,0
TXN_8279992,5.0,3.0,15.0,2023-07-03,7,3,0,0,0,1,0,0,0,0,0,1,1
TXN_8281347,4.0,3.0,12.0,2023-08-11,8,11,4,0,0,1,0,0,0,0,1,0,0
TXN_8282744,2.0,1.5,3.0,2023-06-16,6,16,4,0,0,0,0,0,0,1,0,1,1
TXN_8283199,3.0,3.0,9.0,2023-01-23,1,23,0,0,0,1,0,0,0,0,0,1,1
TXN_8283691,3.0,3.0,9.0,2023-01-25,1,25,2,0,0,1,0,0,0,0,0,1,0
TXN_8284313,5.0,5.0,25.0,2023-11-20,11,20,0,0,0,0,1,0,0,0,0,1,1
TXN_8284384,2.0,3.0,6.0,2023-06-05,6,5,0,0,0,1,0,0,0,0,0,1,1
TXN_8284910,1.0,4.0,4.0,2023-07-19,7,19,2,0,0,0,0,0,1,0,0,0,0
TXN_8285283,5.0,3.0,15.0,2023-09-21,9,21,3,0,0,1,0,0,0,0,0,1,1
TXN_8285304,1.0,1.0,1.0,2023-07-09,7,9,6,0,1,0,0,0,0,0,0,0,1
TXN_8285410,4.0,2.0,8.0,2023-09-10,9,10,6,1,0,0,0,0,0,0,1,0,1
TXN_8285752,4.0,1.0,4.0,2023-01-07,1,7,5,0,1,0,0,0,0,0,0,1,0
TXN_8286164,1.0,4.0,4.0,2023-03-08,3,8,2,0,0,0,0,0,1,0,0,1,0
TXN_8287437,2.0,1.5,3.0,2023-03-16,3,16,3,0,0,0,0,0,0,1,0,1,0
TXN_8292441,1.0,5.0,5.0,2023-09-15,9,15,4,0,0,0,1,0,0,0,0,0,1
TXN_8293691,4.0,2.0,8.0,2023-06-30,6,30,4,1,0,0,0,0,0,0,0,1,1
TXN_8294790,1.0,1.0,1.0,2023-09-01,9,1,4,0,1,0,0,0,0,0,0,1,1
TXN_8295101,4.0,1.5,6.0,2023-10-23,10,23,0,0,0,0,0,0,0,1,0,1,0
TXN_8295765,4.0,3.0,12.0,2023-04-05,4,5,2,0,0,0,0,0,0,0,0,1,1
TXN_8296518,2.0,4.0,8.0,2023-02-08,2,8,2,0,0,0,0,0,1,0,1,0,0
TXN_8297135,2.0,4.0,8.0,2023-09-16,9,16,5,0,0,0,0,1,0,0,0,1,0
TXN_8297751,3.0,5.0,15.0,2023-04-08,4,8,5,0,0,0,1,0,0,0,0,0,1
TXN_8298711,3.0,2.0,6.0,2023-01-26,1,26,3,1,0,0,0,0,0,0,0,0,1
TXN_8300706,2.0,5.0,10.0,2023-12-23,12,23,5,0,0,0,1,0,0,0,0,1,1
TXN_8301190,1.0,2.0,2.0,2023-04-01,4,1,5,1,0,0,0,0,0,0,0,0,1
TXN_8301424,2.0,3.0,6.0,2023-06-27,6,27,1,0,0,1,0,0,0,0,0,1,0
TXN_8304002,1.0,3.0,3.0,2023-05-02,5,2,1,0,0,1,0,0,0,0,1,0,1
TXN_8304399,2.0,1.5,3.0,2023-06-08,6,8,3,0,0,0,0,0,0,1,0,0,0
TXN_8305586,4.0,2.0,8.0,2023-01-06,1,6,4,1,0,0,0,0,0,0,0,0,1
TXN_8305936,3.0,3.0,9.0,2023-08-02,8,2,2,0,0,1,0,0,0,0,0,1,0
TXN_8306028,1.0,5.0,5.0,2023-02-27,2,27,0,0,0,0,1,0,0,0,0,0,1
TXN_8306630,2.0,4.0,8.0,2023-04-26,4,26,2,0,0,0,0,1,0,0,1,0,0
TXN_8308356,1.0,4.0,4.0,2023-11-21,11,21,1,0,0,0,0,0,1,0,0,1,0
TXN_8308672,2.0,5.0,10.0,2023-01-01,1,1,6,0,0,0,1,0,0,0,0,1,1
TXN_8309656,3.0,4.0,12.0,2023-01-04,1,4,2,0,0,0,0,1,0,0,0,1,1
TXN_8313892,3.0,5.0,15.0,2023-11-29,11,29,2,0,0,0,1,0,0,0,1,0,1
TXN_8316135,3.0,5.0,15.0,2023-11-06,11,6,0,0,0,0,1,0,0,0,0,1,1
TXN_8316826,3.0,2.0,6.0,2023-04-17,4,17,0,1,0,0,0,0,0,0,0,1,0
TXN_8316915,5.0,1.0,5.0,2023-05-30,5,30,1,0,1,0,0,0,0,0,0,1,0
TXN_8318388,5.0,3.0,15.0,2023-11-26,11,26,6,0,0,0,0,0,0,0,0,1,0
TXN_8319993,1.0,3.0,3.0,2023-08-06,8,6,6,0,0,1,0,0,0,0,0,1,0
TXN_8320245,3.0,1.5,4.5,2023-04-09,4,9,6,0,0,0,0,0,0,1,0,0,1
TXN_8321092,2.0,3.0,6.0,2023-09-28,9,28,3,0,0,0,0,0,0,0,1,0,0
TXN_8321225,4.0,1.5,6.0,2023-08-20,8,20,6,0,0,0,0,0,0,1,1,0,1
TXN_8321887,5.0,1.0,5.0,2023-03-21,3,21,1,0,1,0,0,0,0,0,0,1,0
TXN_8323012,3.0,1.5,4.5,2023-12-17,12,17,6,0,0,0,0,0,0,1,1,0,0
TXN_8324315,1.0,5.0,5.0,2023-08-07,8,7,0,0,0,0,1,0,0,0,1,0,1
TXN_8324715,5.0,4.0,20.0,2023-03-21,3,21,1,0,0,0,0,1,0,0,1,0,1
TXN_8325221,2.0,2.0,4.0,2023-11-17,11,17,4,1,0,0,0,0,0,0,1,0,1
TXN_8325464,5.0,4.0,20.0,2023-08-02,8,2,2,0,0,0,0,0,1,0,1,0,1
TXN_8325722,2.0,4.0,8.0,2023-05-27,5,27,5,0,0,0,0,1,0,0,0,0,1
TXN_8326905,5.0,2.0,10.0,2023-03-10,3,10,4,1,0,0,0,0,0,0,0,1,1
TXN_8329144,2.0,4.0,8.0,2023-03-04,3,4,5,0,0,0,0,1,0,0,0,1,0
TXN_8330240,4.0,4.0,16.0,2023-06-06,6,6,1,0,0,0,0,1,0,0,0,1,0
TXN_8330446,3.0,4.0,12.0,2023-08-06,8,6,6,0,0,0,0,0,1,0,1,0,0
TXN_8330837,3.0,3.0,9.0,2023-10-13,10,13,4,0,0,1,0,0,0,0,0,1,1
TXN_8331542,4.0,5.0,20.0,2023-12-23,12,23,5,0,0,0,1,0,0,0,0,1,0
TXN_8332592,5.0,3.0,15.0,2023-03-25,3,25,5,0,0,1,0,0,0,0,0,1,0
TXN_8335965,5.0,1.5,7.5,2023-03-21,3,21,1,0,0,0,0,0,0,1,1,0,1
TXN_8336656,5.0,5.0,25.0,2023-12-02,12,2,5,0,0,0,1,0,0,0,0,0,1
TXN_8337899,1.0,1.0,1.0,2023-11-10,11,10,4,0,1,0,0,0,0,0,0,1,0
TXN_8340038,1.0,1.5,1.5,2023-07-15,7,15,5,0,0,0,0,0,0,1,0,1,0
TXN_8341520,3.0,4.0,12.0,2023-06-24,6,24,5,0,0,0,0,1,0,0,0,1,1
TXN_8342990,1.0,1.5,1.5,2023-04-23,4,23,6,0,0,0,0,0,0,1,0,1,1
TXN_8343149,5.0,3.0,15.0,2023-10-28,10,28,5,0,0,1,0,0,0,0,0,1,0
TXN_8343414,2.0,5.0,10.0,2023-02-28,2,28,1,0,0,0,1,0,0,0,1,0,1
TXN_8344035,2.0,4.0,8.0,2023-08-23,8,23,2,0,0,0,0,0,1,0,0,0,1
TXN_8345092,1.0,4.0,4.0,2023-07-24,7,24,0,0,0,0,0,0,1,0,1,0,0
TXN_8345383,5.0,1.5,7.5,2023-10-14,10,14,5,0,0,0,0,0,0,1,0,1,1
TXN_8345649,5.0,1.0,5.0,2023-08-23,8,23,2,0,1,0,0,0,0,0,0,0,0
TXN_8345723,1.0,4.0,4.0,2023-08-27,8,27,6,0,0,0,0,1,0,0,0,1,1
TXN_8347965,1.0,5.0,5.0,2023-03-17,3,17,4,0,0,0,1,0,0,0,0,0,1
TXN_8348710,1.0,2.0,2.0,2023-12-27,12,27,2,1,0,0,0,0,0,0,0,0,0
TXN_8349096,5.0,1.0,5.0,2023-12-12,12,12,1,0,1,0,0,0,0,0,0,1,0
TXN_8352365,5.0,2.0,10.0,2023-08-10,8,10,3,1,0,0,0,0,0,0,0,0,1
TXN_8352416,1.0,5.0,5.0,2023-07-26,7,26,2,0,0,0,1,0,0,0,0,1,0
TXN_8352748,5.0,4.0,20.0,2023-05-01,5,1,0,0,0,0,0,0,1,0,0,0,0
TXN_8353202,4.0,4.0,16.0,2023-06-14,6,14,2,0,0,0,0,1,0,0,0,1,0
TXN_8354174,3.0,2.0,6.0,2023-12-29,12,29,4,1,0,0,0,0,0,0,1,0,0
TXN_8356048,5.0,4.0,20.0,2023-06-05,6,5,0,0,0,0,0,1,0,0,0,0,1
TXN_8356338,5.0,5.0,25.0,2023-08-06,8,6,6,0,0,0,1,0,0,0,1,0,0
TXN_8359674,3.0,5.0,15.0,2023-10-16,10,16,0,0,0,0,1,0,0,0,0,1,1
TXN_8359693,2.0,4.0,8.0,2023-10-23,10,23,0,0,0,0,0,1,0,0,0,1,0
TXN_8360073,4.0,3.0,12.0,2023-06-15,6,15,3,0,0,0,0,0,0,0,0,1,0
TXN_8360779,4.0,1.0,4.0,2023-10-25,10,25,2,0,1,0,0,0,0,0,1,0,0
TXN_8361255,3.0,3.0,9.0,2023-07-29,7,29,5,0,0,0,0,0,0,0,0,0,1
TXN_8361813,3.0,1.0,3.0,2023-08-01,8,1,1,0,1,0,0,0,0,0,0,0,0
TXN_8361821,5.0,1.5,7.5,2023-06-30,6,30,4,0,0,0,0,0,0,1,0,0,0
TXN_8362750,4.0,5.0,20.0,2023-04-01,4,1,5,0,0,0,1,0,0,0,0,1,0
TXN_8363628,1.0,5.0,5.0,2023-04-07,4,7,4,0,0,0,1,0,0,0,0,1,1
TXN_8363711,2.0,4.0,8.0,2023-05-21,5,21,6,0,0,0,0,0,1,0,0,0,0
TXN_8365478,3.0,4.0,12.0,2023-02-06,2,6,0,0,0,0,0,1,0,0,0,0,1
TXN_8365530,4.0,4.0,16.0,2023-03-10,3,10,4,0,0,0,0,1,0,0,1,0,1
TXN_8365857,5.0,4.0,20.0,2023-10-06,10,6,4,0,0,0,0,0,1,0,0,1,1
TXN_8366002,2.0,4.0,8.0,2023-12-26,12,26,1,0,0,0,0,1,0,0,1,0,0
TXN_8367194,1.0,3.0,3.0,2023-02-04,2,4,5,0,0,1,0,0,0,0,0,1,1
TXN_8367716,2.0,1.5,3.0,2023-02-03,2,3,4,0,0,0,0,0,0,1,1,0,1
TXN_8372268,2.0,5.0,10.0,2023-06-15,6,15,3,0,0,0,1,0,0,0,0,0,1
TXN_8374101,5.0,5.0,25.0,2023-08-16,8,16,2,0,0,0,1,0,0,0,1,0,1
TXN_8377178,5.0,2.0,10.0,2023-02-03,2,3,4,1,0,0,0,0,0,0,0,1,1
TXN_8377564,5.0,3.0,15.0,2023-07-14,7,14,4,0,0,0,0,0,0,0,0,1,0
TXN_8377812,2.0,1.5,3.0,2023-03-27,3,27,0,0,0,0,0,0,0,1,0,1,0
TXN_8379141,1.0,5.0,5.0,2023-10-01,10,1,6,0,0,0,1,0,0,0,0,1,0
TXN_8379815,5.0,4.0,20.0,2023-07-31,7,31,0,0,0,0,0,0,1,0,1,0,1
TXN_8379868,3.0,3.0,9.0,2023-01-16,1,16,0,0,0,0,0,0,0,0,0,0,0
TXN_8379880,3.0,3.0,9.0,2023-05-24,5,24,2,0,0,1,0,0,0,0,0,1,1
TXN_8379919,3.0,1.0,3.0,2023-12-04,12,4,0,0,1,0,0,0,0,0,0,1,0
TXN_8382825,5.0,2.0,10.0,2023-01-20,1,20,4,1,0,0,0,0,0,0,0,0,0
TXN_8383484,2.0,3.0,6.0,2023-12-20,12,20,2,0,0,1,0,0,0,0,0,1,0
TXN_8384229,4.0,1.5,6.0,2023-01-08,1,8,6,0,0,0,0,0,0,1,0,1,0
TXN_8384372,4.0,1.5,6.0,2023-08-07,8,7,0,0,0,0,0,0,0,1,0,1,0
TXN_8384428,1.0,1.0,1.0,2023-08-11,8,11,4,0,1,0,0,0,0,0,0,1,0
TXN_8384628,3.0,5.0,15.0,2023-08-22,8,22,1,0,0,0,1,0,0,0,1,0,1
TXN_8384699,3.0,5.0,15.0,2023-12-16,12,16,5,0,0,0,1,0,0,0,0,1,0
TXN_8384806,3.0,4.0,12.0,2023-07-07,7,7,4,0,0,0,0,1,0,0,1,0,1
TXN_8385321,2.0,4.0,8.0,2023-02-08,2,8,2,0,0,0,0,0,1,0,1,0,1
TXN_8385625,4.0,1.5,6.0,2023-12-23,12,23,5,0,0,0,0,0,0,1,0,1,1
TXN_8386253,4.0,1.5,6.0,2023-05-11,5,11,3,0,0,0,0,0,0,1,0,0,1
TXN_8386792,3.0,2.0,6.0,2023-10-05,10,5,3,1,0,0,0,0,0,0,0,1,0
TXN_8388056,1.0,5.0,5.0,2023-06-23,6,23,4,0,0,0,1,0,0,0,1,0,1
TXN_8388122,4.0,1.5,6.0,2023-11-01,11,1,2,0,0,0,0,0,0,1,0,1,0
TXN_8388462,2.0,4.0,8.0,2023-08-19,8,19,5,0,0,0,0,0,1,0,0,1,1
TXN_8392086,4.0,4.0,16.0,2023-07-12,7,12,2,0,0,0,0,0,1,0,0,1,1
TXN_8396271,2.0,1.0,2.0,2023-09-12,9,12,1,0,1,0,0,0,0,0,0,1,0
TXN_8397155,4.0,5.0,20.0,2023-08-16,8,16,2,0,0,0,1,0,0,0,1,0,1
TXN_8397209,3.0,1.5,4.5,2023-10-12,10,12,3,0,0,0,0,0,0,1,0,0,0
TXN_8398059,1.0,3.0,3.0,2023-10-15,10,15,6,0,0,0,0,0,0,0,0,0,1
TXN_8398809,2.0,1.5,3.0,2023-11-25,11,25,5,0,0,0,0,0,0,1,0,1,1
TXN_8399341,5.0,1.5,7.5,2023-03-22,3,22,2,0,0,0,0,0,0,1,0,0,1
TXN_8402606,3.0,1.0,3.0,2023-05-09,5,9,1,0,1,0,0,0,0,0,0,1,1
TXN_8402941,5.0,3.0,15.0,2023-11-26,11,26,6,0,0,0,0,0,0,0,1,0,0
TXN_8404563,1.0,1.5,1.5,2023-01-22,1,22,6,0,0,0,0,0,0,1,0,0,0
TXN_8406851,2.0,3.0,6.0,2023-09-09,9,9,5,0,0,0,0,0,0,0,0,1,0
TXN_8407849,2.0,1.0,2.0,2023-05-05,5,5,4,0,1,0,0,0,0,0,0,1,1
TXN_8407982,2.0,5.0,10.0,2023-09-17,9,17,6,0,0,0,1,0,0,0,0,1,1
TXN_8408103,5.0,4.0,20.0,2023-06-01,6,1,3,0,0,0,0,1,0,0,0,1,1
TXN_8408353,1.0,1.5,1.5,2023-12-13,12,13,2,0,0,0,0,0,0,1,1,0,0
TXN_8409154,4.0,3.0,12.0,2023-06-20,6,20,1,0,0,0,0,0,0,0,0,1,1
TXN_8410376,4.0,2.0,8.0,2023-07-02,7,2,6,1,0,0,0,0,0,0,0,1,0
TXN_8410712,5.0,3.0,15.0,2023-10-23,10,23,0,0,0,1,0,0,0,0,0,1,1
TXN_8410979,3.0,4.0,12.0,2023-05-02,5,2,1,0,0,0,0,0,1,0,0,1,0
TXN_8411549,4.0,1.5,6.0,2023-02-15,2,15,2,0,0,0,0,0,0,1,1,0,0
TXN_8413251,3.0,4.0,12.0,2023-08-18,8,18,4,0,0,0,0,1,0,0,0,0,1
TXN_8413949,1.0,3.0,3.0,2023-10-14,10,14,5,0,0,1,0,0,0,0,1,0,0
TXN_8417552,1.0,2.0,2.0,2023-12-09,12,9,5,1,0,0,0,0,0,0,0,1,1
TXN_8419805,5.0,3.0,15.0,2023-07-24,7,24,0,0,0,0,0,0,0,0,0,1,0
TXN_8419985,3.0,3.0,9.0,2023-08-26,8,26,5,0,0,0,0,0,0,0,0,1,0
TXN_8421481,4.0,2.0,8.0,2023-07-27,7,27,3,1,0,0,0,0,0,0,0,1,1
TXN_8422494,4.0,5.0,20.0,2023-06-08,6,8,3,0,0,0,1,0,0,0,0,0,0
TXN_8423155,1.0,2.0,2.0,2023-07-03,7,3,0,1,0,0,0,0,0,0,0,1,1
TXN_8424417,2.0,4.0,8.0,2023-10-21,10,21,5,0,0,0,0,0,1,0,0,1,1
TXN_8424592,4.0,4.0,16.0,2023-11-09,11,9,3,0,0,0,0,0,1,0,1,0,1
TXN_8425085,1.0,3.0,3.0,2023-12-23,12,23,5,0,0,1,0,0,0,0,1,0,0
TXN_8425819,1.0,4.0,4.0,2023-01-09,1,9,0,0,0,0,0,1,0,0,0,1,1
TXN_8426712,3.0,1.0,3.0,2023-05-22,5,22,0,0,1,0,0,0,0,0,0,0,0
TXN_8427104,2.0,5.0,10.0,2023-10-27,10,27,4,0,0,0,1,0,0,0,0,1,0
TXN_8429412,4.0,4.0,16.0,2023-06-23,6,23,4,0,0,0,0,0,1,0,0,1,1
TXN_8430735,2.0,3.0,6.0,2023-10-25,10,25,2,0,0,1,0,0,0,0,0,1,1
TXN_8430882,2.0,4.0,8.0,2023-06-17,6,17,5,0,0,0,0,1,0,0,0,1,1
TXN_8432045,3.0,3.0,9.0,2023-11-09,11,9,3,0,0,0,0,0,0,0,1,0,1
TXN_8432624,3.0,3.0,9.0,2023-06-24,6,24,5,0,0,1,0,0,0,0,0,0,1
TXN_8434651,4.0,3.0,12.0,2023-01-27,1,27,4,0,0,1,0,0,0,0,0,1,0
TXN_8435360,3.0,1.5,4.5,2023-07-03,7,3,0,0,0,0,0,0,0,1,1,0,0
TXN_8436045,5.0,3.0,15.0,2023-08-08,8,8,1,0,0,0,0,0,0,0,1,0,0
TXN_8436360,2.0,3.0,6.0,2023-12-16,12,16,5,0,0,1,0,0,0,0,0,0,1
TXN_8437157,4.0,4.0,16.0,2023-02-09,2,9,3,0,0,0,0,0,1,0,1,0,1
TXN_8437195,1.0,3.0,3.0,2023-12-10,12,10,6,0,0,0,0,0,0,0,0,0,1
TXN_8441057,4.0,3.0,12.0,2023-11-04,11,4,5,0,0,0,0,0,0,0,1,0,0
TXN_8443384,5.0,4.0,20.0,2023-02-13,2,13,0,0,0,0,0,1,0,0,0,1,0
TXN_8444245,1.0,3.0,3.0,2023-01-30,1,30,0,0,0,1,0,0,0,0,0,0,0
TXN_8445753,4.0,1.5,6.0,2023-04-07,4,7,4,0,0,0,0,0,0,1,0,0,1
TXN_8447640,5.0,4.0,20.0,2023-06-12,6,12,0,0,0,0,0,1,0,0,0,0,0
TXN_8449081,2.0,1.0,2.0,2023-02-24,2,24,4,0,1,0,0,0,0,0,0,1,0
TXN_8453110,3.0,4.0,12.0,2023-06-24,6,24,5,0,0,0,0,0,1,0,0,1,1
TXN_8453282,3.0,1.0,3.0,2023-03-08,3,8,2,0,1,0,0,0,0,0,0,0,1
TXN_8454044,5.0,2.0,10.0,2023-05-27,5,27,5,1,0,0,0,0,0,0,1,0,0
TXN_8455321,3.0,4.0,12.0,2023-01-25,1,25,2,0,0,0,0,0,1,0,0,1,0
TXN_8456072,1.0,4.0,4.0,2023-07-11,7,11,1,0,0,0,0,0,1,0,0,1,0
TXN_8459594,1.0,4.0,4.0,2023-11-07,11,7,1,0,0,0,0,1,0,0,1,0,1
TXN_8460225,5.0,4.0,20.0,2023-02-23,2,23,3,0,0,0,0,0,1,0,0,0,0
TXN_8460786,1.0,2.0,2.0,2023-05-17,5,17,2,1,0,0,0,0,0,0,0,0,1
TXN_8464222,4.0,3.0,12.0,2023-08-17,8,17,3,0,0,0,0,0,0,0,0,0,0
TXN_8465274,3.0,3.0,9.0,2023-02-01,2,1,2,0,0,0,0,0,0,0,0,1,1
TXN_8466519,1.0,1.0,1.0,2023-08-31,8,31,3,0,1,0,0,0,0,0,1,0,1
TXN_8467229,3.0,1.5,4.5,2023-02-02,2,2,3,0,0,0,0,0,0,1,0,1,1
TXN_8467949,5.0,4.0,20.0,2023-03-11,3,11,5,0,0,0,0,0,1,0,1,0,0
TXN_8468071,4.0,1.0,4.0,2023-08-22,8,22,1,0,1,0,0,0,0,0,0,1,1
TXN_8468509,3.0,4.0,12.0,2023-06-13,6,13,1,0,0,0,0,1,0,0,1,0,0
TXN_8469087,2.0,5.0,10.0,2023-11-06,11,6,0,0,0,0,1,0,0,0,0,1,1
TXN_8470187,3.0,3.0,9.0,2023-06-28,6,28,2,0,0,1,0,0,0,0,0,1,1
TXN_8471743,5.0,3.0,15.0,2023-04-06,4,6,3,0,0,0,0,0,0,0,0,1,0
TXN_8472252,1.0,4.0,4.0,2023-02-04,2,4,5,0,0,0,0,0,1,0,0,1,1
TXN_8472308,2.0,1.0,2.0,2023-08-19,8,19,5,0,1,0,0,0,0,0,0,1,1
TXN_8473362,3.0,3.0,9.0,2023-11-22,11,22,2,0,0,1,0,0,0,0,0,1,0
TXN_8476828,3.0,1.5,4.5,2023-10-25,10,25,2,0,0,0,0,0,0,1,0,1,1
TXN_8477415,2.0,5.0,10.0,2023-05-01,5,1,0,0,0,0,1,0,0,0,1,0,1
TXN_8477945,4.0,1.0,4.0,2023-07-19,7,19,2,0,1,0,0,0,0,0,0,1,0
TXN_8482647,5.0,4.0,20.0,2023-01-08,1,8,6,0,0,0,0,1,0,0,1,0,1
TXN_8482887,1.0,5.0,5.0,2023-10-29,10,29,6,0,0,0,1,0,0,0,0,1,1
TXN_8487057,5.0,4.0,20.0,2023-06-01,6,1,3,0,0,0,0,0,1,0,0,0,1
TXN_8487216,1.0,1.5,1.5,2023-07-01,7,1,5,0,0,0,0,0,0,1,0,0,1
TXN_8487985,5.0,3.0,15.0,2023-05-09,5,9,1,0,0,1,0,0,0,0,0,1,1
TXN_8488163,4.0,4.0,16.0,2023-01-19,1,19,3,0,0,0,0,1,0,0,0,1,1
TXN_8488298,3.0,3.0,9.0,2023-11-03,11,3,4,0,0,0,0,0,0,0,0,0,0
TXN_8489120,2.0,1.0,2.0,2023-11-07,11,7,1,0,1,0,0,0,0,0,1,0,1
TXN_8490157,2.0,5.0,10.0,2023-09-06,9,6,2,0,0,0,1,0,0,0,1,0,0
TXN_8491490,2.0,2.0,4.0,2023-01-16,1,16,0,1,0,0,0,0,0,0,0,1,0
TXN_8492074,3.0,1.5,4.5,2023-11-12,11,12,6,0,0,0,0,0,0,1,0,1,0
TXN_8494538,4.0,3.0,12.0,2023-11-08,11,8,2,0,0,0,0,0,0,0,0,1,1
TXN_8494571,5.0,1.0,5.0,2023-02-06,2,6,0,0,1,0,0,0,0,0,0,1,1
TXN_8494583,5.0,1.0,5.0,2023-11-29,11,29,2,0,1,0,0,0,0,0,1,0,0
TXN_8495063,1.0,3.0,3.0,2023-05-31,5,31,2,0,0,1,0,0,0,0,0,0,0
TXN_8495889,1.0,3.0,3.0,2023-06-26,6,26,0,0,0,0,0,0,0,0,0,0,1
TXN_8496788,4.0,3.0,12.0,2023-06-14,6,14,2,0,0,1,0,0,0,0,0,0,0
TXN_8498613,2.0,4.0,8.0,2023-11-08,11,8,2,0,0,0,0,1,0,0,0,1,0
TXN_8499005,5.0,2.0,10.0,2023-10-26,10,26,3,1,0,0,0,0,0,0,0,1,0
TXN_8499618,2.0,3.0,6.0,2023-05-23,5,23,1,0,0,0,0,0,0,0,0,1,1
TXN_8500316,4.0,4.0,16.0,2023-03-10,3,10,4,0,0,0,0,1,0,0,1,0,1
TXN_8501819,2.0,3.0,6.0,2023-03-30,3,30,3,0,0,1,0,0,0,0,0,0,1
TXN_8502079,2.0,1.5,3.0,2023-04-20,4,20,3,0,0,0,0,0,0,1,0,0,1
TXN_8502094,5.0,3.0,15.0,2023-03-21,3,21,1,0,0,1,0,0,0,0,1,0,0
TXN_8502946,3.0,4.0,12.0,2023-09-15,9,15,4,0,0,0,0,0,1,0,0,0,0
TXN_8503406,2.0,4.0,8.0,2023-02-15,2,15,2,0,0,0,0,0,1,0,0,1,1
TXN_8504764,2.0,4.0,8.0,2023-02-19,2,19,6,0,0,0,0,1,0,0,0,1,1
TXN_8505782,2.0,1.0,2.0,2023-11-24,11,24,4,0,1,0,0,0,0,0,0,1,0
TXN_8506937,1.0,5.0,5.0,2023-09-07,9,7,3,0,0,0,1,0,0,0,0,0,0
TXN_8510436,1.0,3.0,3.0,2023-07-19,7,19,2,0,0,0,0,0,0,0,0,1,0
TXN_8510450,4.0,3.0,12.0,2023-01-04,1,4,2,0,0,1,0,0,0,0,0,1,1
TXN_8510511,4.0,2.0,8.0,2023-10-06,10,6,4,1,0,0,0,0,0,0,0,1,0
TXN_8511110,3.0,1.5,4.5,2023-10-17,10,17,1,0,0,0,0,0,0,1,0,1,1
TXN_8512136,1.0,3.0,3.0,2023-08-26,8,26,5,0,0,1,0,0,0,0,0,0,1
TXN_8512204,4.0,4.0,16.0,2023-06-01,6,1,3,0,0,0,0,0,1,0,0,0,1
TXN_8512466,5.0,3.0,15.0,2023-02-10,2,10,4,0,0,0,0,0,0,0,0,1,0
TXN_8514689,5.0,3.0,15.0,2023-04-15,4,15,5,0,0,1,0,0,0,0,0,1,0
TXN_8515063,3.0,1.0,3.0,2023-12-06,12,6,2,0,1,0,0,0,0,0,0,1,1
TXN_8516055,5.0,4.0,20.0,2023-04-17,4,17,0,0,0,0,0,1,0,0,1,0,1
TXN_8517379,4.0,3.0,12.0,2023-09-23,9,23,5,0,0,0,0,0,0,0,0,1,1
TXN_8518516,4.0,4.0,16.0,2023-08-16,8,16,2,0,0,0,0,1,0,0,1,0,1
TXN_8518812,3.0,1.0,3.0,2023-06-22,6,22,3,0,1,0,0,0,0,0,0,1,0
TXN_8519330,4.0,1.0,4.0,2023-03-18,3,18,5,0,1,0,0,0,0,0,0,1,1
TXN_8520687,5.0,5.0,25.0,2023-04-21,4,21,4,0,0,0,1,0,0,0,0,0,1
TXN_8521037,1.0,4.0,4.0,2023-11-21,11,21,1,0,0,0,0,1,0,0,0,1,0
TXN_8522571,2.0,3.0,6.0,2023-09-19,9,19,1,0,0,1,0,0,0,0,1,0,1
TXN_8526084,5.0,3.0,15.0,2023-03-05,3,5,6,0,0,0,0,0,0,0,1,0,1
TXN_8526941,5.0,4.0,20.0,2023-03-16,3,16,3,0,0,0,0,1,0,0,0,0,1
TXN_8528546,3.0,3.0,9.0,2023-12-09,12,9,5,0,0,0,0,0,0,0,0,0,1
TXN_8530924,2.0,4.0,8.0,2023-08-05,8,5,5,0,0,0,0,1,0,0,1,0,0
TXN_8532735,2.0,2.0,4.0,2023-07-28,7,28,4,1,0,0,0,0,0,0,0,0,1
TXN_8533584,2.0,1.0,2.0,2023-03-11,3,11,5,0,1,0,0,0,0,0,0,0,1
TXN_8534360,5.0,3.0,15.0,2023-02-15,2,15,2,0,0,1,0,0,0,0,1,0,0
TXN_8535886,5.0,1.5,7.5,2023-05-13,5,13,5,0,0,0,0,0,0,1,1,0,0
TXN_8536115,1.0,3.0,3.0,2023-07-11,7,11,1,0,0,0,0,0,0,0,1,0,1
TXN_8536578,5.0,3.0,15.0,2023-11-11,11,11,5,0,0,0,0,0,0,0,0,1,0
TXN_8538125,5.0,3.0,15.0,2023-05-30,5,30,1,0,0,0,0,0,0,0,0,1,1
TXN_8538315,1.0,2.0,2.0,2023-07-27,7,27,3,1,0,0,0,0,0,0,0,1,1
TXN_8540115,2.0,1.5,3.0,2023-06-26,6,26,0,0,0,0,0,0,0,1,0,1,0
TXN_8540499,3.0,1.0,3.0,2023-01-22,1,22,6,0,1,0,0,0,0,0,0,0,0
TXN_8540553,1.0,3.0,3.0,2023-07-13,7,13,3,0,0,0,0,0,0,0,0,1,0
TXN_8540794,4.0,3.0,12.0,2023-04-06,4,6,3,0,0,0,0,0,0,0,0,0,1
TXN_8541074,4.0,5.0,20.0,2023-11-08,11,8,2,0,0,0,1,0,0,0,0,1,0
TXN_8541473,3.0,2.0,6.0,2023-08-02,8,2,2,1,0,0,0,0,0,0,0,1,0
TXN_8542781,2.0,3.0,6.0,2023-05-18,5,18,3,0,0,0,0,0,0,0,0,1,0
TXN_8543211,3.0,3.0,9.0,2023-11-30,11,30,3,0,0,1,0,0,0,0,0,1,1
TXN_8545707,5.0,3.0,15.0,2023-02-14,2,14,1,0,0,0,0,0,0,0,0,1,1
TXN_8546777,4.0,3.0,12.0,2023-03-16,3,16,3,0,0,0,0,0,0,0,0,1,0
TXN_8548232,4.0,4.0,16.0,2023-06-21,6,21,2,0,0,0,0,1,0,0,0,1,0
TXN_8549381,5.0,4.0,20.0,2023-02-06,2,6,0,0,0,0,0,1,0,0,0,1,1
TXN_8549600,3.0,2.0,6.0,2023-11-19,11,19,6,1,0,0,0,0,0,0,0,1,1
TXN_8550184,3.0,3.0,9.0,2023-04-05,4,5,2,0,0,1,0,0,0,0,0,1,1
TXN_8551432,4.0,1.5,6.0,2023-01-12,1,12,3,0,0,0,0,0,0,1,0,1,1
TXN_8552898,5.0,2.0,10.0,2023-11-06,11,6,0,1,0,0,0,0,0,0,1,0,1
TXN_8553273,5.0,3.0,15.0,2023-01-15,1,15,6,0,0,1,0,0,0,0,0,0,0
TXN_8554646,2.0,2.0,4.0,2023-01-10,1,10,1,1,0,0,0,0,0,0,0,0,0
TXN_8555334,1.0,2.0,2.0,2023-06-16,6,16,4,1,0,0,0,0,0,0,0,1,0
TXN_8556062,5.0,4.0,20.0,2023-08-07,8,7,0,0,0,0,0,1,0,0,0,1,0
TXN_8556230,5.0,1.0,5.0,2023-05-21,5,21,6,0,1,0,0,0,0,0,0,0,0
TXN_8557847,4.0,4.0,16.0,2023-09-02,9,2,5,0,0,0,0,0,1,0,0,1,1
TXN_8558404,4.0,5.0,20.0,2023-07-15,7,15,5,0,0,0,1,0,0,0,0,1,0
TXN_8559167,5.0,4.0,20.0,2023-12-09,12,9,5,0,0,0,0,1,0,0,0,1,1
TXN_8560548,1.0,4.0,4.0,2023-09-02,9,2,5,0,0,0,0,1,0,0,1,0,1
TXN_8562645,4.0,5.0,20.0,2023-05-18,5,18,3,0,0,0,1,0,0,0,0,1,0
TXN_8562684,5.0,1.5,7.5,2023-06-25,6,25,6,0,0,0,0,0,0,1,0,1,1
TXN_8563346,3.0,2.0,6.0,2023-10-24,10,24,1,1,0,0,0,0,0,0,1,0,0
TXN_8563793,4.0,3.0,12.0,2023-03-26,3,26,6,0,0,1,0,0,0,0,0,1,0
TXN_8565218,1.0,3.0,3.0,2023-05-03,5,3,2,0,0,0,0,0,0,0,0,1,1
TXN_8565799,4.0,4.0,16.0,2023-04-22,4,22,5,0,0,0,0,0,1,0,1,0,0
TXN_8566499,5.0,5.0,25.0,2023-12-27,12,27,2,0,0,0,1,0,0,0,0,1,0
TXN_8566668,5.0,4.0,20.0,2023-02-12,2,12,6,0,0,0,0,1,0,0,0,1,0
TXN_8566683,4.0,4.0,16.0,2023-08-09,8,9,2,0,0,0,0,0,1,0,0,0,1
TXN_8567172,3.0,2.0,6.0,2023-02-05,2,5,6,1,0,0,0,0,0,0,0,1,0
TXN_8567525,2.0,1.0,2.0,2023-12-30,12,30,5,0,1,0,0,0,0,0,0,1,1
TXN_8568597,1.0,3.0,3.0,2023-04-03,4,3,0,0,0,1,0,0,0,0,0,1,1
TXN_8570149,1.0,1.5,1.5,2023-06-03,6,3,5,0,0,0,0,0,0,1,1,0,1
TXN_8570890,4.0,3.0,12.0,2023-04-14,4,14,4,0,0,1,0,0,0,0,0,1,1
TXN_8571235,1.0,3.0,3.0,2023-03-01,3,1,2,0,0,0,0,0,0,0,0,0,1
TXN_8571432,2.0,3.0,6.0,2023-12-07,12,7,3,0,0,1,0,0,0,0,0,0,0
TXN_8571836,3.0,3.0,9.0,2023-12-27,12,27,2,0,0,1,0,0,0,0,0,0,0
TXN_8572783,3.0,5.0,15.0,2023-03-29,3,29,2,0,0,0,1,0,0,0,1,0,0
TXN_8577850,3.0,1.5,4.5,2023-07-10,7,10,0,0,0,0,0,0,0,1,0,1,0
TXN_8578861,5.0,5.0,25.0,2023-05-16,5,16,1,0,0,0,1,0,0,0,0,1,0
TXN_8581124,2.0,5.0,10.0,2023-05-08,5,8,0,0,0,0,1,0,0,0,1,0,1
TXN_8587529,2.0,1.0,2.0,2023-07-09,7,9,6,0,1,0,0,0,0,0,1,0,1
TXN_8587583,1.0,3.0,3.0,2023-10-01,10,1,6,0,0,0,0,0,0,0,0,0,0
TXN_8588174,3.0,5.0,15.0,2023-02-07,2,7,1,0,0,0,1,0,0,0,0,1,0
TXN_8588231,4.0,3.0,12.0,2023-09-02,9,2,5,0,0,0,0,0,0,0,0,1,1
TXN_8588335,4.0,5.0,20.0,2023-09-04,9,4,0,0,0,0,1,0,0,0,1,0,0
TXN_8589003,4.0,1.5,6.0,2023-08-25,8,25,4,0,0,0,0,0,0,1,0,0,1
TXN_8591813,3.0,2.0,6.0,2023-10-31,10,31,1,1,0,0,0,0,0,0,0,0,1
TXN_8592808,1.0,4.0,4.0,2023-04-02,4,2,6,0,0,0,0,0,1,0,1,0,0
TXN_8593064,4.0,4.0,16.0,2023-03-12,3,12,6,0,0,0,0,0,1,0,0,0,1
TXN_8594004,4.0,1.0,4.0,2023-02-25,2,25,5,0,1,0,0,0,0,0,1,0,1
TXN_8595386,4.0,1.0,4.0,2023-08-04,8,4,4,0,1,0,0,0,0,0,1,0,0
TXN_8598575,4.0,4.0,16.0,2023-11-14,11,14,1,0,0,0,0,1,0,0,0,1,0
TXN_8600523,3.0,1.5,4.5,2023-12-29,12,29,4,0,0,0,0,0,0,1,0,1,0
TXN_8605813,1.0,1.0,1.0,2023-06-30,6,30,4,0,1,0,0,0,0,0,0,1,1
TXN_8605958,5.0,4.0,20.0,2023-06-09,6,9,4,0,0,0,0,1,0,0,0,0,1
TXN_8606152,5.0,4.0,20.0,2023-08-05,8,5,5,0,0,0,0,0,1,0,1,0,0
TXN_8606912,5.0,5.0,25.0,2023-03-10,3,10,4,0,0,0,1,0,0,0,0,1,0
TXN_8607376,5.0,2.0,10.0,2023-06-13,6,13,1,1,0,0,0,0,0,0,0,0,0
TXN_8608765,4.0,5.0,20.0,2023-09-02,9,2,5,0,0,0,1,0,0,0,1,0,0
TXN_8608811,5.0,3.0,15.0,2023-01-05,1,5,3,0,0,0,0,0,0,0,1,0,1
TXN_8609510,5.0,3.0,15.0,2023-05-08,5,8,0,0,0,0,0,0,0,0,0,1,1
TXN_8610501,5.0,4.0,20.0,2023-09-29,9,29,4,0,0,0,0,1,0,0,0,0,0
TXN_8611035,5.0,4.0,20.0,2023-05-28,5,28,6,0,0,0,0,1,0,0,0,1,0
TXN_8611913,5.0,1.5,7.5,2023-07-16,7,16,6,0,0,0,0,0,0,1,0,1,0
TXN_8611918,3.0,5.0,15.0,2023-06-27,6,27,1,0,0,0,1,0,0,0,0,0,1
TXN_8612901,3.0,3.0,9.0,2023-03-18,3,18,5,0,0,1,0,0,0,0,0,1,1
TXN_8614868,5.0,4.0,20.0,2023-12-05,12,5,1,0,0,0,0,0,1,0,0,1,1
TXN_8615635,4.0,1.0,4.0,2023-01-12,1,12,3,0,1,0,0,0,0,0,0,1,0
TXN_8616276,2.0,1.5,3.0,2023-07-22,7,22,5,0,0,0,0,0,0,1,0,1,1
TXN_8616557,5.0,4.0,20.0,2023-08-28,8,28,0,0,0,0,0,1,0,0,0,1,0
TXN_8619762,4.0,4.0,16.0,2023-08-05,8,5,5,0,0,0,0,0,1,0,0,0,1
TXN_8620426,3.0,1.0,3.0,2023-11-28,11,28,1,0,1,0,0,0,0,0,1,0,1
TXN_8620592,2.0,4.0,8.0,2023-07-14,7,14,4,0,0,0,0,0,1,0,0,1,0
TXN_8620934,5.0,1.0,5.0,2023-09-10,9,10,6,0,1,0,0,0,0,0,0,1,0
TXN_8621278,2.0,5.0,10.0,2023-02-01,2,1,2,0,0,0,1,0,0,0,0,0,1
TXN_8621589,5.0,3.0,15.0,2023-11-15,11,15,2,0,0,1,0,0,0,0,0,1,0
TXN_8622404,3.0,1.0,3.0,2023-09-21,9,21,3,0,1,0,0,0,0,0,0,1,0
TXN_8623443,3.0,5.0,15.0,2023-09-04,9,4,0,0,0,0,1,0,0,0,1,0,0
TXN_8626161,3.0,4.0,12.0,2023-11-23,11,23,3,0,0,0,0,0,1,0,0,1,0
TXN_8626720,4.0,3.0,12.0,2023-06-02,6,2,4,0,0,1,0,0,0,0,0,0,1
TXN_8627017,4.0,1.5,6.0,2023-01-28,1,28,5,0,0,0,0,0,0,1,0,0,0
TXN_8627869,1.0,3.0,3.0,2023-10-31,10,31,1,0,0,1,0,0,0,0,0,1,0
TXN_8628615,1.0,2.0,2.0,2023-08-03,8,3,3,1,0,0,0,0,0,0,1,0,1
TXN_8628848,1.0,3.0,3.0,2023-01-29,1,29,6,0,0,1,0,0,0,0,1,0,0
TXN_8631468,1.0,3.0,3.0,2023-10-10,10,10,1,0,0,0,0,0,0,0,1,0,0
TXN_8632098,2.0,5.0,10.0,2023-01-06,1,6,4,0,0,0,1,0,0,0,0,1,0
TXN_8632653,2.0,3.0,6.0,2023-12-24,12,24,6,0,0,1,0,0,0,0,0,1,0
TXN_8633758,1.0,5.0,5.0,2023-09-24,9,24,6,0,0,0,1,0,0,0,1,0,1
TXN_8635803,2.0,1.5,3.0,2023-03-17,3,17,4,0,0,0,0,0,0,1,0,0,1
TXN_8639879,2.0,5.0,10.0,2023-03-09,3,9,3,0,0,0,1,0,0,0,0,1,1
TXN_8639973,5.0,1.0,5.0,2023-07-06,7,6,3,0,1,0,0,0,0,0,0,0,1
TXN_8639995,3.0,4.0,12.0,2023-04-18,4,18,1,0,0,0,0,0,1,0,0,0,1
TXN_8640383,2.0,3.0,6.0,2023-10-08,10,8,6,0,0,1,0,0,0,0,0,1,0
TXN_8640655,3.0,2.0,6.0,2023-12-27,12,27,2,1,0,0,0,0,0,0,0,1,1
TXN_8640673,2.0,3.0,6.0,2023-09-11,9,11,0,0,0,1,0,0,0,0,0,0,0
TXN_8643596,5.0,2.0,10.0,2023-03-29,3,29,2,1,0,0,0,0,0,0,1,0,1
TXN_8644119,5.0,4.0,20.0,2023-10-01,10,1,6,0,0,0,0,1,0,0,0,0,0
TXN_8644398,4.0,4.0,16.0,2023-02-08,2,8,2,0,0,0,0,1,0,0,0,1,1
TXN_8647048,2.0,4.0,8.0,2023-11-03,11,3,4,0,0,0,0,1,0,0,1,0,0
TXN_8647575,2.0,1.5,3.0,2023-02-08,2,8,2,0,0,0,0,0,0,1,0,0,0
TXN_8649416,5.0,3.0,15.0,2023-09-21,9,21,3,0,0,0,0,0,0,0,1,0,1
TXN_8650185,5.0,4.0,20.0,2023-06-13,6,13,1,0,0,0,0,0,1,0,0,0,0
TXN_8652021,1.0,3.0,3.0,2023-09-23,9,23,5,0,0,0,0,0,0,0,1,0,0
TXN_8652632,1.0,1.5,1.5,2023-01-12,1,12,3,0,0,0,0,0,0,1,0,1,1
TXN_8654093,3.0,2.0,6.0,2023-11-29,11,29,2,1,0,0,0,0,0,0,0,1,1
TXN_8655424,2.0,1.0,2.0,2023-11-26,11,26,6,0,1,0,0,0,0,0,0,1,0
TXN_8657361,4.0,2.0,8.0,2023-01-24,1,24,1,1,0,0,0,0,0,0,0,0,1
TXN_8658970,3.0,5.0,15.0,2023-09-03,9,3,6,0,0,0,1,0,0,0,1,0,0
TXN_8659330,4.0,1.5,6.0,2023-08-20,8,20,6,0,0,0,0,0,0,1,1,0,1
TXN_8659575,2.0,1.5,3.0,2023-12-17,12,17,6,0,0,0,0,0,0,1,0,1,0
TXN_8659963,4.0,3.0,12.0,2023-01-21,1,21,5,0,0,0,0,0,0,0,0,0,1
TXN_8661276,1.0,1.0,1.0,2023-01-07,1,7,5,0,1,0,0,0,0,0,0,1,0
TXN_8661288,2.0,5.0,10.0,2023-01-27,1,27,4,0,0,0,1,0,0,0,0,1,1
TXN_8664295,2.0,4.0,8.0,2023-02-23,2,23,3,0,0,0,0,0,1,0,1,0,1
TXN_8664315,2.0,5.0,10.0,2023-08-14,8,14,0,0,0,0,1,0,0,0,0,0,0
TXN_8664335,5.0,4.0,20.0,2023-06-12,6,12,0,0,0,0,0,1,0,0,0,1,1
TXN_8666003,4.0,4.0,16.0,2023-06-09,6,9,4,0,0,0,0,0,1,0,0,1,1
TXN_8668590,4.0,1.0,4.0,2023-04-18,4,18,1,0,1,0,0,0,0,0,0,1,1
TXN_8668840,5.0,3.0,15.0,2023-10-03,10,3,1,0,0,0,0,0,0,0,0,1,1
TXN_8668901,2.0,3.0,6.0,2023-06-30,6,30,4,0,0,1,0,0,0,0,1,0,1
TXN_8669012,3.0,1.5,4.5,2023-07-26,7,26,2,0,0,0,0,0,0,1,0,1,1
TXN_8669422,4.0,3.0,12.0,2023-10-15,10,15,6,0,0,0,0,0,0,0,0,0,1
TXN_8672939,1.0,4.0,4.0,2023-11-02,11,2,3,0,0,0,0,0,1,0,0,1,0
TXN_8675052,3.0,1.0,3.0,2023-11-23,11,23,3,0,1,0,0,0,0,0,1,0,1
TXN_8675558,5.0,1.5,7.5,2023-05-23,5,23,1,0,0,0,0,0,0,1,1,0,0
TXN_8675922,4.0,5.0,20.0,2023-03-31,3,31,4,0,0,0,1,0,0,0,0,1,0
TXN_8676485,2.0,5.0,10.0,2023-04-28,4,28,4,0,0,0,1,0,0,0,0,1,0
TXN_8676769,3.0,5.0,15.0,2023-06-16,6,16,4,0,0,0,1,0,0,0,0,1,0
TXN_8680875,2.0,1.5,3.0,2023-07-21,7,21,4,0,0,0,0,0,0,1,0,0,1
TXN_8684125,2.0,5.0,10.0,2023-03-08,3,8,2,0,0,0,1,0,0,0,1,0,0
TXN_8685281,1.0,1.5,1.5,2023-07-30,7,30,6,0,0,0,0,0,0,1,0,1,0
TXN_8685737,2.0,4.0,8.0,2023-11-02,11,2,3,0,0,0,0,0,1,0,0,1,0
TXN_8685846,5.0,1.5,7.5,2023-12-27,12,27,2,0,0,0,0,0,0,1,1,0,0
TXN_8687088,2.0,1.0,2.0,2023-05-11,5,11,3,0,1,0,0,0,0,0,1,0,0
TXN_8687151,5.0,5.0,25.0,2023-06-10,6,10,5,0,0,0,1,0,0,0,0,0,0
TXN_8687294,3.0,4.0,12.0,2023-08-01,8,1,1,0,0,0,0,0,1,0,1,0,1
TXN_8688565,5.0,4.0,20.0,2023-05-23,5,23,1,0,0,0,0,0,1,0,0,1,0
TXN_8688603,2.0,2.0,4.0,2023-05-05,5,5,4,1,0,0,0,0,0,0,0,0,1
TXN_8689246,5.0,4.0,20.0,2023-05-16,5,16,1,0,0,0,0,1,0,0,1,0,0
TXN_8689416,5.0,3.0,15.0,2023-03-19,3,19,6,0,0,1,0,0,0,0,0,0,1
TXN_8690361,3.0,4.0,12.0,2023-07-12,7,12,2,0,0,0,0,0,1,0,0,0,0
TXN_8692094,5.0,2.0,10.0,2023-08-30,8,30,2,1,0,0,0,0,0,0,0,1,1
TXN_8692653,2.0,3.0,6.0,2023-11-01,11,1,2,0,0,1,0,0,0,0,0,0,1
TXN_8693704,5.0,5.0,25.0,2023-05-04,5,4,3,0,0,0,1,0,0,0,0,0,0
TXN_8693747,4.0,4.0,16.0,2023-02-13,2,13,0,0,0,0,0,0,1,0,0,1,0
TXN_8695037,2.0,4.0,8.0,2023-01-24,1,24,1,0,0,0,0,0,1,0,0,1,0
TXN_8696065,3.0,4.0,12.0,2023-11-04,11,4,5,0,0,0,0,0,1,0,1,0,0
TXN_8696094,3.0,4.0,12.0,2023-05-14,5,14,6,0,0,0,0,1,0,0,0,0,1
TXN_8696392,1.0,3.0,3.0,2023-04-16,4,16,6,0,0,1,0,0,0,0,0,1,1
TXN_8696857,1.0,2.0,2.0,2023-10-01,10,1,6,1,0,0,0,0,0,0,0,1,1
TXN_8697749,3.0,1.0,3.0,2023-07-24,7,24,0,0,1,0,0,0,0,0,0,1,1
TXN_8698717,4.0,2.0,8.0,2023-05-11,5,11,3,1,0,0,0,0,0,0,0,1,1
TXN_8699110,3.0,5.0,15.0,2023-10-11,10,11,2,0,0,0,1,0,0,0,0,1,1
TXN_8700156,4.0,1.5,6.0,2023-12-25,12,25,0,0,0,0,0,0,0,1,1,0,0
TXN_8700451,5.0,1.5,7.5,2023-12-12,12,12,1,0,0,0,0,0,0,1,1,0,1
TXN_8700466,4.0,2.0,8.0,2023-04-29,4,29,5,1,0,0,0,0,0,0,0,1,0
TXN_8701045,2.0,3.0,6.0,2023-06-07,6,7,2,0,0,1,0,0,0,0,0,0,0
TXN_8701063,2.0,4.0,8.0,2023-08-23,8,23,2,0,0,0,0,1,0,0,0,1,1
TXN_8703212,2.0,2.0,4.0,2023-04-17,4,17,0,1,0,0,0,0,0,0,1,0,1
TXN_8703771,5.0,3.0,15.0,2023-05-12,5,12,4,0,0,0,0,0,0,0,0,1,0
TXN_8704128,5.0,3.0,15.0,2023-02-25,2,25,5,0,0,1,0,0,0,0,0,1,0
TXN_8704802,3.0,4.0,12.0,2023-08-30,8,30,2,0,0,0,0,0,1,0,0,1,1
TXN_8706498,5.0,4.0,20.0,2023-05-08,5,8,0,0,0,0,0,0,1,0,0,1,0
TXN_8707598,4.0,3.0,12.0,2023-10-22,10,22,6,0,0,1,0,0,0,0,1,0,1
TXN_8708588,5.0,2.0,10.0,2023-06-03,6,3,5,1,0,0,0,0,0,0,0,1,0
TXN_8708666,4.0,3.0,12.0,2023-01-10,1,10,1,0,0,0,0,0,0,0,1,0,1
TXN_8710758,3.0,4.0,12.0,2023-01-12,1,12,3,0,0,0,0,1,0,0,1,0,0
TXN_8712303,2.0,3.0,6.0,2023-08-14,8,14,0,0,0,1,0,0,0,0,1,0,1
TXN_8712307,5.0,3.0,15.0,2023-04-10,4,10,0,0,0,1,0,0,0,0,0,0,0
TXN_8713971,1.0,1.5,1.5,2023-08-26,8,26,5,0,0,0,0,0,0,1,0,0,1
TXN_8714536,4.0,4.0,16.0,2023-05-06,5,6,5,0,0,0,0,0,1,0,0,1,1
TXN_8714850,5.0,3.0,15.0,2023-04-30,4,30,6,0,0,1,0,0,0,0,0,0,0
TXN_8715388,1.0,5.0,5.0,2023-11-04,11,4,5,0,0,0,1,0,0,0,0,1,0
TXN_8715515,5.0,3.0,15.0,2023-07-23,7,23,6,0,0,1,0,0,0,0,1,0,1
TXN_8716594,4.0,5.0,20.0,2023-08-26,8,26,5,0,0,0,1,0,0,0,1,0,1
TXN_8716752,1.0,3.0,3.0,2023-12-05,12,5,1,0,0,1,0,0,0,0,0,1,0
TXN_8718498,5.0,3.0,15.0,2023-04-30,4,30,6,0,0,0,0,0,0,0,1,0,1
TXN_8719561,3.0,3.0,9.0,2023-09-13,9,13,2,0,0,1,0,0,0,0,0,1,1
TXN_8721484,4.0,2.0,8.0,2023-04-03,4,3,0,1,0,0,0,0,0,0,0,1,0
TXN_8722491,4.0,4.0,16.0,2023-04-24,4,24,0,0,0,0,0,0,1,0,0,0,0
TXN_8724474,5.0,5.0,25.0,2023-08-04,8,4,4,0,0,0,1,0,0,0,0,0,1
TXN_8724602,4.0,3.0,12.0,2023-06-26,6,26,0,0,0,1,0,0,0,0,1,0,1
TXN_8724711,3.0,5.0,15.0,2023-02-07,2,7,1,0,0,0,1,0,0,0,0,0,0
TXN_8725610,2.0,4.0,8.0,2023-02-11,2,11,5,0,0,0,0,1,0,0,0,0,1
TXN_8725721,1.0,4.0,4.0,2023-06-04,6,4,6,0,0,0,0,1,0,0,0,0,1
TXN_8726874,2.0,4.0,8.0,2023-09-30,9,30,5,0,0,0,0,1,0,0,0,1,1
TXN_8729570,5.0,1.5,7.5,2023-09-03,9,3,6,0,0,0,0,0,0,1,0,1,0
TXN_8730549,4.0,4.0,16.0,2023-02-04,2,4,5,0,0,0,0,0,1,0,0,0,1
TXN_8731991,4.0,5.0,20.0,2023-01-20,1,20,4,0,0,0,1,0,0,0,1,0,0
TXN_8732269,2.0,3.0,6.0,2023-01-11,1,11,2,0,0,0,0,0,0,0,1,0,1
TXN_8732682,5.0,5.0,25.0,2023-04-07,4,7,4,0,0,0,1,0,0,0,1,0,0
TXN_8732716,3.0,1.5,4.5,2023-12-29,12,29,4,0,0,0,0,0,0,1,0,1,0
TXN_8732935,4.0,1.0,4.0,2023-08-06,8,6,6,0,1,0,0,0,0,0,1,0,1
TXN_8734331,3.0,1.5,4.5,2023-05-17,5,17,2,0,0,0,0,0,0,1,0,1,0
TXN_8734476,1.0,1.5,1.5,2023-09-12,9,12,1,0,0,0,0,0,0,1,0,0,1
TXN_8735418,5.0,2.0,10.0,2023-03-03,3,3,4,1,0,0,0,0,0,0,0,1,1
TXN_8735480,5.0,1.5,7.5,2023-06-02,6,2,4,0,0,0,0,0,0,1,0,0,1
TXN_8735820,2.0,1.5,3.0,2023-12-08,12,8,4,0,0,0,0,0,0,1,1,0,1
TXN_8736069,5.0,1.5,7.5,2023-07-06,7,6,3,0,0,0,0,0,0,1,0,0,1
TXN_8739878,1.0,3.0,3.0,2023-09-27,9,27,2,0,0,1,0,0,0,0,0,1,0
TXN_8740257,5.0,3.0,15.0,2023-06-09,6,9,4,0,0,0,0,0,0,0,0,1,0
TXN_8740501,5.0,5.0,25.0,2023-02-05,2,5,6,0,0,0,1,0,0,0,0,0,0
TXN_8741663,1.0,4.0,4.0,2023-01-21,1,21,5,0,0,0,0,0,1,0,1,0,1
TXN_8742689,5.0,1.5,7.5,2023-01-05,1,5,3,0,0,0,0,0,0,1,0,1,1
TXN_8742742,4.0,3.0,12.0,2023-03-07,3,7,1,0,0,0,0,0,0,0,0,1,1
TXN_8743849,2.0,3.0,6.0,2023-05-04,5,4,3,0,0,1,0,0,0,0,0,1,1
TXN_8744240,4.0,4.0,16.0,2023-06-19,6,19,0,0,0,0,0,1,0,0,0,0,0
TXN_8745942,3.0,1.0,3.0,2023-05-03,5,3,2,0,1,0,0,0,0,0,0,0,1
TXN_8746881,2.0,3.0,6.0,2023-11-07,11,7,1,0,0,0,0,0,0,0,0,1,1
TXN_8748070,2.0,1.0,2.0,2023-07-31,7,31,0,0,1,0,0,0,0,0,1,0,0
TXN_8748633,5.0,4.0,20.0,2023-04-27,4,27,3,0,0,0,0,1,0,0,0,0,1
TXN_8749404,4.0,2.0,8.0,2023-12-16,12,16,5,1,0,0,0,0,0,0,0,1,0
TXN_8749775,5.0,3.0,15.0,2023-10-30,10,30,0,0,0,0,0,0,0,0,0,0,1
TXN_8750849,2.0,3.0,6.0,2023-03-03,3,3,4,0,0,0,0,0,0,0,1,0,1
TXN_8751289,2.0,1.5,3.0,2023-09-10,9,10,6,0,0,0,0,0,0,1,0,0,0
TXN_8751702,5.0,3.0,15.0,2023-02-13,2,13,0,0,0,1,0,0,0,0,0,0,0
TXN_8752130,2.0,3.0,6.0,2023-10-23,10,23,0,0,0,1,0,0,0,0,1,0,1
TXN_8753888,4.0,1.0,4.0,2023-12-25,12,25,0,0,1,0,0,0,0,0,1,0,1
TXN_8754977,3.0,4.0,12.0,2023-10-24,10,24,1,0,0,0,0,1,0,0,0,1,0
TXN_8759461,2.0,1.5,3.0,2023-01-31,1,31,1,0,0,0,0,0,0,1,0,0,0
TXN_8763180,1.0,4.0,4.0,2023-04-16,4,16,6,0,0,0,0,0,1,0,0,1,1
TXN_8763436,4.0,3.0,12.0,2023-04-11,4,11,1,0,0,1,0,0,0,0,0,0,0
TXN_8765822,1.0,3.0,3.0,2023-03-22,3,22,2,0,0,0,0,0,0,0,1,0,1
TXN_8767676,1.0,4.0,4.0,2023-11-30,11,30,3,0,0,0,0,0,1,0,0,1,0
TXN_8771574,3.0,2.0,6.0,2023-05-03,5,3,2,1,0,0,0,0,0,0,0,1,1
TXN_8773639,3.0,2.0,6.0,2023-02-20,2,20,0,1,0,0,0,0,0,0,0,1,1
TXN_8774692,5.0,1.5,7.5,2023-07-12,7,12,2,0,0,0,0,0,0,1,0,1,0
TXN_8776606,4.0,5.0,20.0,2023-07-24,7,24,0,0,0,0,1,0,0,0,0,1,1
TXN_8776634,5.0,3.0,15.0,2023-06-02,6,2,4,0,0,1,0,0,0,0,0,1,0
TXN_8777692,4.0,2.0,8.0,2023-12-06,12,6,2,1,0,0,0,0,0,0,1,0,0
TXN_8778598,3.0,4.0,12.0,2023-09-02,9,2,5,0,0,0,0,1,0,0,0,0,0
TXN_8779771,4.0,2.0,8.0,2023-07-25,7,25,1,1,0,0,0,0,0,0,0,0,0
TXN_8780340,5.0,3.0,15.0,2023-08-29,8,29,1,0,0,0,0,0,0,0,1,0,1
TXN_8782513,5.0,4.0,20.0,2023-10-15,10,15,6,0,0,0,0,1,0,0,0,0,1
TXN_8783484,1.0,4.0,4.0,2023-11-20,11,20,0,0,0,0,0,0,1,0,0,0,0
TXN_8784653,1.0,4.0,4.0,2023-09-12,9,12,1,0,0,0,0,0,1,0,0,0,0
TXN_8785432,2.0,1.0,2.0,2023-08-14,8,14,0,0,1,0,0,0,0,0,0,0,1
TXN_8786159,3.0,2.0,6.0,2023-04-05,4,5,2,1,0,0,0,0,0,0,0,0,0
TXN_8786286,5.0,4.0,20.0,2023-05-28,5,28,6,0,0,0,0,1,0,0,0,1,1
TXN_8786479,4.0,2.0,8.0,2023-05-29,5,29,0,1,0,0,0,0,0,0,0,1,0
TXN_8787149,1.0,3.0,3.0,2023-04-20,4,20,3,0,0,1,0,0,0,0,0,1,1
TXN_8787350,5.0,4.0,20.0,2023-05-21,5,21,6,0,0,0,0,1,0,0,0,0,0
TXN_8788437,1.0,2.0,2.0,2023-11-19,11,19,6,1,0,0,0,0,0,0,0,1,0
TXN_8789116,5.0,5.0,25.0,2023-01-13,1,13,4,0,0,0,1,0,0,0,0,1,1
TXN_8789137,1.0,4.0,4.0,2023-09-25,9,25,0,0,0,0,0,1,0,0,0,1,1
TXN_8789736,2.0,2.0,4.0,2023-05-06,5,6,5,1,0,0,0,0,0,0,1,0,0
TXN_8789986,2.0,3.0,6.0,2023-09-21,9,21,3,0,0,0,0,0,0,0,0,0,1
TXN_8790282,3.0,2.0,6.0,2023-10-18,10,18,2,1,0,0,0,0,0,0,0,1,0
TXN_8791641,5.0,1.5,7.5,2023-01-25,1,25,2,0,0,0,0,0,0,1,1,0,0
TXN_8792638,3.0,1.5,4.5,2023-07-02,7,2,6,0,0,0,0,0,0,1,1,0,1
TXN_8793244,4.0,3.0,12.0,2023-05-08,5,8,0,0,0,0,0,0,0,0,1,0,1
TXN_8794205,4.0,3.0,12.0,2023-10-22,10,22,6,0,0,0,0,0,0,0,1,0,1
TXN_8795794,3.0,4.0,12.0,2023-02-13,2,13,0,0,0,0,0,1,0,0,0,0,0
TXN_8798330,1.0,2.0,2.0,2023-02-16,2,16,3,1,0,0,0,0,0,0,0,1,0
TXN_8799599,1.0,2.0,2.0,2023-09-10,9,10,6,1,0,0,0,0,0,0,1,0,0
TXN_8799945,2.0,2.0,4.0,2023-11-24,11,24,4,1,0,0,0,0,0,0,0,0,0
TXN_8800741,4.0,2.0,8.0,2023-06-26,6,26,0,1,0,0,0,0,0,0,0,1,0
TXN_8800818,2.0,3.0,6.0,2023-09-28,9,28,3,0,0,0,0,0,0,0,0,1,1
TXN_8803798,4.0,4.0,16.0,2023-07-14,7,14,4,0,0,0,0,0,1,0,0,1,1
TXN_8807199,5.0,5.0,25.0,2023-05-30,5,30,1,0,0,0,1,0,0,0,1,0,0
TXN_8807333,5.0,4.0,20.0,2023-03-18,3,18,5,0,0,0,0,1,0,0,0,1,0
TXN_8807429,4.0,1.0,4.0,2023-07-21,7,21,4,0,1,0,0,0,0,0,0,1,0
TXN_8807600,1.0,4.0,4.0,2023-09-24,9,24,6,0,0,0,0,1,0,0,0,0,1
TXN_8808034,2.0,4.0,8.0,2023-08-09,8,9,2,0,0,0,0,0,1,0,0,0,0
TXN_8808162,4.0,4.0,16.0,2023-05-07,5,7,6,0,0,0,0,0,1,0,0,1,1
TXN_8808631,5.0,4.0,20.0,2023-03-26,3,26,6,0,0,0,0,1,0,0,1,0,1
TXN_8809659,2.0,3.0,6.0,2023-01-16,1,16,0,0,0,1,0,0,0,0,0,0,1
TXN_8809853,1.0,2.0,2.0,2023-10-29,10,29,6,1,0,0,0,0,0,0,0,1,1
TXN_8810001,5.0,4.0,20.0,2023-12-23,12,23,5,0,0,0,0,0,1,0,0,1,1
TXN_8810601,2.0,3.0,6.0,2023-08-18,8,18,4,0,0,1,0,0,0,0,0,1,1
TXN_8810855,4.0,4.0,16.0,2023-04-30,4,30,6,0,0,0,0,1,0,0,0,1,1
TXN_8810894,1.0,4.0,4.0,2023-02-20,2,20,0,0,0,0,0,0,1,0,0,1,0
TXN_8811565,5.0,3.0,15.0,2023-10-01,10,1,6,0,0,1,0,0,0,0,1,0,0
TXN_8811902,5.0,1.5,7.5,2023-08-07,8,7,0,0,0,0,0,0,0,1,1,0,0
TXN_8811945,1.0,5.0,5.0,2023-02-18,2,18,5,0,0,0,1,0,0,0,0,1,1
TXN_8813311,5.0,3.0,15.0,2023-10-07,10,7,5,0,0,1,0,0,0,0,0,1,0
TXN_8813764,1.0,1.0,1.0,2023-05-08,5,8,0,0,1,0,0,0,0,0,1,0,0
TXN_8815623,2.0,2.0,4.0,2023-02-03,2,3,4,1,0,0,0,0,0,0,0,1,0
TXN_8817239,5.0,4.0,20.0,2023-01-29,1,29,6,0,0,0,0,1,0,0,0,0,0
TXN_8818168,4.0,3.0,12.0,2023-07-20,7,20,3,0,0,1,0,0,0,0,0,1,0
TXN_8819928,5.0,2.0,10.0,2023-06-03,6,3,5,1,0,0,0,0,0,0,0,1,0
TXN_8821579,4.0,4.0,16.0,2023-12-06,12,6,2,0,0,0,0,0,1,0,0,1,1
TXN_8821839,5.0,4.0,20.0,2023-11-11,11,11,5,0,0,0,0,1,0,0,1,0,1
TXN_8822610,4.0,3.0,12.0,2023-08-05,8,5,5,0,0,0,0,0,0,0,0,0,1
TXN_8826983,5.0,4.0,20.0,2023-01-14,1,14,5,0,0,0,0,0,1,0,0,0,0
TXN_8829698,2.0,3.0,6.0,2023-03-19,3,19,6,0,0,0,0,0,0,0,0,0,1
TXN_8830264,1.0,5.0,5.0,2023-11-23,11,23,3,0,0,0,1,0,0,0,0,0,0
TXN_8830809,5.0,4.0,20.0,2023-07-31,7,31,0,0,0,0,0,1,0,0,0,1,0
TXN_8830813,1.0,2.0,2.0,2023-06-18,6,18,6,1,0,0,0,0,0,0,0,0,0
TXN_8830924,2.0,1.5,3.0,2023-10-25,10,25,2,0,0,0,0,0,0,1,1,0,0
TXN_8831659,1.0,4.0,4.0,2023-01-29,1,29,6,0,0,0,0,1,0,0,1,0,1
TXN_8831813,5.0,4.0,20.0,2023-11-23,11,23,3,0,0,0,0,0,1,0,0,0,1
TXN_8831924,3.0,2.0,6.0,2023-07-12,7,12,2,1,0,0,0,0,0,0,0,1,0
TXN_8833173,4.0,4.0,16.0,2023-03-14,3,14,1,0,0,0,0,0,1,0,0,1,0
TXN_8833319,1.0,5.0,5.0,2023-10-01,10,1,6,0,0,0,1,0,0,0,0,1,1
TXN_8836650,5.0,4.0,20.0,2023-05-22,5,22,0,0,0,0,0,0,1,0,0,1,1
TXN_8837015,3.0,3.0,9.0,2023-06-11,6,11,6,0,0,1,0,0,0,0,1,0,0
TXN_8837131,3.0,4.0,12.0,2023-12-23,12,23,5,0,0,0,0,0,1,0,0,1,0
TXN_8837375,2.0,4.0,8.0,2023-11-21,11,21,1,0,0,0,0,1,0,0,0,1,1
TXN_8837886,3.0,4.0,12.0,2023-04-20,4,20,3,0,0,0,0,0,1,0,0,1,1
TXN_8838566,5.0,3.0,15.0,2023-07-25,7,25,1,0,0,0,0,0,0,0,0,1,0
TXN_8839045,2.0,3.0,6.0,2023-06-13,6,13,1,0,0,0,0,0,0,0,0,1,0
TXN_8841996,2.0,4.0,8.0,2023-12-09,12,9,5,0,0,0,0,1,0,0,0,1,0
TXN_8842223,5.0,4.0,20.0,2023-01-01,1,1,6,0,0,0,0,1,0,0,0,1,0
TXN_8842592,5.0,1.0,5.0,2023-07-10,7,10,0,0,1,0,0,0,0,0,0,1,0
TXN_8843061,1.0,4.0,4.0,2023-11-10,11,10,4,0,0,0,0,0,1,0,0,0,1
TXN_8843108,5.0,3.0,15.0,2023-07-18,7,18,1,0,0,1,0,0,0,0,1,0,0
TXN_8844497,3.0,4.0,12.0,2023-11-18,11,18,5,0,0,0,0,1,0,0,0,1,1
TXN_8845592,5.0,4.0,20.0,2023-11-12,11,12,6,0,0,0,0,1,0,0,1,0,0
TXN_8847610,3.0,3.0,9.0,2023-12-06,12,6,2,0,0,1,0,0,0,0,0,1,1
TXN_8848847,3.0,1.0,3.0,2023-08-15,8,15,1,0,1,0,0,0,0,0,0,0,1
TXN_8850815,5.0,4.0,20.0,2023-07-23,7,23,6,0,0,0,0,0,1,0,0,1,1
TXN_8850984,3.0,4.0,12.0,2023-05-27,5,27,5,0,0,0,0,1,0,0,0,0,1
TXN_8851113,3.0,1.5,4.5,2023-12-23,12,23,5,0,0,0,0,0,0,1,0,1,0
TXN_8852585,4.0,4.0,16.0,2023-01-05,1,5,3,0,0,0,0,1,0,0,1,0,1
TXN_8853027,5.0,4.0,20.0,2023-06-21,6,21,2,0,0,0,0,0,1,0,1,0,0
TXN_8853997,2.0,4.0,8.0,2023-10-09,10,9,0,0,0,0,0,0,1,0,0,1,1
TXN_8854384,5.0,3.0,15.0,2023-08-12,8,12,5,0,0,1,0,0,0,0,0,0,1
TXN_8855046,3.0,3.0,9.0,2023-12-05,12,5,1,0,0,1,0,0,0,0,1,0,1
TXN_8859035,3.0,3.0,9.0,2023-01-19,1,19,3,0,0,0,0,0,0,0,0,1,1
TXN_8859144,1.0,3.0,3.0,2023-01-15,1,15,6,0,0,0,0,0,0,0,0,1,1
TXN_8860052,5.0,3.0,15.0,2023-07-18,7,18,1,0,0,0,0,0,0,0,1,0,1
TXN_8860270,1.0,4.0,4.0,2023-11-06,11,6,0,0,0,0,0,0,1,0,0,0,1
TXN_8861272,1.0,2.0,2.0,2023-03-27,3,27,0,1,0,0,0,0,0,0,0,1,1
TXN_8861275,2.0,4.0,8.0,2023-10-31,10,31,1,0,0,0,0,0,1,0,0,1,0
TXN_8863649,1.0,1.0,1.0,2023-03-05,3,5,6,0,1,0,0,0,0,0,1,0,0
TXN_8866088,4.0,1.5,6.0,2023-07-11,7,11,1,0,0,0,0,0,0,1,0,1,1
TXN_8866974,3.0,4.0,12.0,2023-03-14,3,14,1,0,0,0,0,0,1,0,0,1,1
TXN_8867300,4.0,4.0,16.0,2023-05-06,5,6,5,0,0,0,0,0,1,0,1,0,0
TXN_8867827,1.0,1.5,1.5,2023-01-14,1,14,5,0,0,0,0,0,0,1,0,1,1
TXN_8867957,1.0,4.0,4.0,2023-01-04,1,4,2,0,0,0,0,1,0,0,0,1,1
TXN_8872103,3.0,4.0,12.0,2023-07-02,7,2,6,0,0,0,0,0,1,0,0,1,0
TXN_8872984,5.0,5.0,25.0,2023-08-23,8,23,2,0,0,0,1,0,0,0,1,0,0
TXN_8872997,4.0,4.0,16.0,2023-01-31,1,31,1,0,0,0,0,1,0,0,1,0,0
TXN_8875043,4.0,5.0,20.0,2023-02-21,2,21,1,0,0,0,1,0,0,0,0,1,0
TXN_8875195,5.0,4.0,20.0,2023-08-21,8,21,0,0,0,0,0,1,0,0,1,0,0
TXN_8876618,5.0,3.0,15.0,2023-03-25,3,25,5,0,0,0,0,0,0,0,0,0,0
TXN_8876663,2.0,5.0,10.0,2023-03-23,3,23,3,0,0,0,1,0,0,0,0,1,1
TXN_8877644,2.0,1.0,2.0,2023-09-01,9,1,4,0,1,0,0,0,0,0,0,1,1
TXN_8877714,5.0,3.0,15.0,2023-03-28,3,28,1,0,0,1,0,0,0,0,0,1,0
TXN_8878500,4.0,5.0,20.0,2023-02-24,2,24,4,0,0,0,1,0,0,0,0,1,0
TXN_8878830,4.0,2.0,8.0,2023-10-11,10,11,2,1,0,0,0,0,0,0,1,0,1
TXN_8879936,5.0,3.0,15.0,2023-07-25,7,25,1,0,0,0,0,0,0,0,0,1,1
TXN_8880299,1.0,1.5,1.5,2023-11-16,11,16,3,0,0,0,0,0,0,1,1,0,0
TXN_8882176,4.0,1.0,4.0,2023-03-28,3,28,1,0,1,0,0,0,0,0,0,0,1
TXN_8885727,2.0,1.5,3.0,2023-10-05,10,5,3,0,0,0,0,0,0,1,0,0,1
TXN_8886678,5.0,1.5,7.5,2023-03-27,3,27,0,0,0,0,0,0,0,1,0,0,0
TXN_8886791,2.0,1.5,3.0,2023-07-09,7,9,6,0,0,0,0,0,0,1,0,0,0
TXN_8888153,5.0,2.0,10.0,2023-12-16,12,16,5,1,0,0,0,0,0,0,0,1,0
TXN_8888249,5.0,2.0,10.0,2023-10-17,10,17,1,1,0,0,0,0,0,0,0,1,1
TXN_8892230,5.0,2.0,10.0,2023-03-02,3,2,3,1,0,0,0,0,0,0,0,1,1
TXN_8898121,4.0,1.5,6.0,2023-03-26,3,26,6,0,0,0,0,0,0,1,0,1,0
TXN_8900579,3.0,4.0,12.0,2023-11-01,11,1,2,0,0,0,0,1,0,0,1,0,1
TXN_8900751,1.0,4.0,4.0,2023-01-30,1,30,0,0,0,0,0,1,0,0,0,1,1
TXN_8901988,5.0,1.5,7.5,2023-01-21,1,21,5,0,0,0,0,0,0,1,0,1,0
TXN_8903514,4.0,5.0,20.0,2023-09-14,9,14,3,0,0,0,1,0,0,0,0,1,1
TXN_8903958,2.0,3.0,6.0,2023-11-12,11,12,6,0,0,1,0,0,0,0,0,1,1
TXN_8905718,5.0,1.5,7.5,2023-09-07,9,7,3,0,0,0,0,0,0,1,0,1,0
TXN_8907996,4.0,4.0,16.0,2023-02-19,2,19,6,0,0,0,0,1,0,0,0,0,0
TXN_8908193,5.0,4.0,20.0,2023-04-02,4,2,6,0,0,0,0,0,1,0,0,0,0
TXN_8908224,4.0,2.0,8.0,2023-08-21,8,21,0,1,0,0,0,0,0,0,0,1,1
TXN_8912001,1.0,1.0,1.0,2023-03-27,3,27,0,0,1,0,0,0,0,0,1,0,1
TXN_8912589,3.0,4.0,12.0,2023-10-19,10,19,3,0,0,0,0,0,1,0,0,0,0
TXN_8913153,2.0,4.0,8.0,2023-09-02,9,2,5,0,0,0,0,0,1,0,1,0,1
TXN_8913492,4.0,4.0,16.0,2023-12-25,12,25,0,0,0,0,0,1,0,0,1,0,0
TXN_8914892,5.0,5.0,25.0,2023-03-15,3,15,2,0,0,0,1,0,0,0,0,1,0
TXN_8914956,2.0,1.0,2.0,2023-05-13,5,13,5,0,1,0,0,0,0,0,1,0,1
TXN_8915701,2.0,1.5,3.0,2023-03-21,3,21,1,0,0,0,0,0,0,1,0,1,0
TXN_8916290,5.0,5.0,25.0,2023-07-08,7,8,5,0,0,0,1,0,0,0,0,1,0
TXN_8916446,2.0,1.0,2.0,2023-07-19,7,19,2,0,1,0,0,0,0,0,0,0,0
TXN_8916613,4.0,5.0,20.0,2023-06-19,6,19,0,0,0,0,1,0,0,0,0,1,1
TXN_8917300,1.0,1.0,1.0,2023-03-04,3,4,5,0,1,0,0,0,0,0,0,0,1
TXN_8917565,1.0,2.0,2.0,2023-11-19,11,19,6,1,0,0,0,0,0,0,0,0,0
TXN_8917809,5.0,5.0,25.0,2023-07-29,7,29,5,0,0,0,1,0,0,0,0,0,0
TXN_8917822,2.0,3.0,6.0,2023-12-12,12,12,1,0,0,0,0,0,0,0,0,1,0
TXN_8918253,3.0,4.0,12.0,2023-09-07,9,7,3,0,0,0,0,1,0,0,0,1,0
TXN_8918902,5.0,2.0,10.0,2023-05-22,5,22,0,1,0,0,0,0,0,0,0,1,1
TXN_8918905,5.0,1.0,5.0,2023-06-05,6,5,0,0,1,0,0,0,0,0,0,1,0
TXN_8920751,2.0,1.5,3.0,2023-04-20,4,20,3,0,0,0,0,0,0,1,0,1,1
TXN_8922585,5.0,5.0,25.0,2023-06-22,6,22,3,0,0,0,1,0,0,0,1,0,0
TXN_8925566,2.0,1.5,3.0,2023-08-07,8,7,0,0,0,0,0,0,0,1,0,1,0
TXN_8927252,2.0,1.0,2.0,2023-11-06,11,6,0,0,1,0,0,0,0,0,1,0,0
TXN_8929329,4.0,3.0,12.0,2023-10-29,10,29,6,0,0,1,0,0,0,0,0,1,0
TXN_8929774,3.0,3.0,9.0,2023-10-02,10,2,0,0,0,1,0,0,0,0,0,0,1
TXN_8930109,5.0,1.0,5.0,2023-05-17,5,17,2,0,1,0,0,0,0,0,0,1,1
TXN_8932070,3.0,4.0,12.0,2023-12-03,12,3,6,0,0,0,0,0,1,0,0,1,0
TXN_8932087,1.0,3.0,3.0,2023-10-30,10,30,0,0,0,1,0,0,0,0,0,1,1
TXN_8932759,3.0,4.0,12.0,2023-09-01,9,1,4,0,0,0,0,0,1,0,1,0,1
TXN_8933027,5.0,3.0,15.0,2023-07-14,7,14,4,0,0,1,0,0,0,0,1,0,0
TXN_8933459,1.0,3.0,3.0,2023-12-31,12,31,6,0,0,1,0,0,0,0,0,1,0
TXN_8933679,3.0,5.0,15.0,2023-09-24,9,24,6,0,0,0,1,0,0,0,0,1,0
TXN_8934025,2.0,1.0,2.0,2023-12-18,12,18,0,0,1,0,0,0,0,0,0,1,0
TXN_8934637,1.0,4.0,4.0,2023-01-07,1,7,5,0,0,0,0,0,1,0,0,1,0
TXN_8935781,2.0,2.0,4.0,2023-09-10,9,10,6,1,0,0,0,0,0,0,0,1,1
TXN_8935939,3.0,1.5,4.5,2023-03-27,3,27,0,0,0,0,0,0,0,1,0,1,1
TXN_8936086,4.0,4.0,16.0,2023-11-27,11,27,0,0,0,0,0,1,0,0,0,1,0
TXN_8936591,5.0,1.0,5.0,2023-03-22,3,22,2,0,1,0,0,0,0,0,0,1,0
TXN_8936663,4.0,1.0,4.0,2023-11-12,11,12,6,0,1,0,0,0,0,0,1,0,1
TXN_8936782,5.0,3.0,15.0,2023-04-01,4,1,5,0,0,1,0,0,0,0,0,1,0
TXN_8937461,5.0,1.0,5.0,2023-12-22,12,22,4,0,1,0,0,0,0,0,0,1,1
TXN_8938144,2.0,2.0,4.0,2023-01-27,1,27,4,1,0,0,0,0,0,0,1,0,1
TXN_8938445,3.0,3.0,9.0,2023-11-07,11,7,1,0,0,0,0,0,0,0,0,1,0
TXN_8938663,1.0,2.0,2.0,2023-09-09,9,9,5,1,0,0,0,0,0,0,0,1,0
TXN_8941409,3.0,3.0,9.0,2023-11-12,11,12,6,0,0,0,0,0,0,0,0,1,0
TXN_8941438,4.0,3.0,12.0,2023-07-23,7,23,6,0,0,1,0,0,0,0,0,1,0
TXN_8942133,3.0,5.0,15.0,2023-10-04,10,4,2,0,0,0,1,0,0,0,0,0,1
TXN_8942747,5.0,1.0,5.0,2023-12-14,12,14,3,0,1,0,0,0,0,0,0,1,1
TXN_8942829,5.0,5.0,25.0,2023-03-11,3,11,5,0,0,0,1,0,0,0,0,0,0
TXN_8944175,3.0,5.0,15.0,2023-11-30,11,30,3,0,0,0,1,0,0,0,0,1,0
TXN_8944202,3.0,4.0,12.0,2023-06-08,6,8,3,0,0,0,0,0,1,0,1,0,1
TXN_8944698,3.0,2.0,6.0,2023-09-15,9,15,4,1,0,0,0,0,0,0,1,0,1
TXN_8946323,2.0,1.5,3.0,2023-08-23,8,23,2,0,0,0,0,0,0,1,0,0,1
TXN_8946752,4.0,1.5,6.0,2023-06-08,6,8,3,0,0,0,0,0,0,1,0,0,1
TXN_8947660,1.0,2.0,2.0,2023-09-03,9,3,6,1,0,0,0,0,0,0,0,1,0
TXN_8949453,5.0,4.0,20.0,2023-11-13,11,13,0,0,0,0,0,1,0,0,0,1,1
TXN_8951525,3.0,3.0,9.0,2023-06-08,6,8,3,0,0,1,0,0,0,0,0,1,0
TXN_8952145,3.0,3.0,9.0,2023-01-28,1,28,5,0,0,0,0,0,0,0,1,0,1
TXN_8955259,2.0,4.0,8.0,2023-11-18,11,18,5,0,0,0,0,0,1,0,1,0,1
TXN_8955306,3.0,2.0,6.0,2023-10-14,10,14,5,1,0,0,0,0,0,0,1,0,0
TXN_8955912,1.0,4.0,4.0,2023-11-07,11,7,1,0,0,0,0,1,0,0,0,1,1
TXN_8956534,5.0,2.0,10.0,2023-06-05,6,5,0,1,0,0,0,0,0,0,0,0,1
TXN_8957369,4.0,5.0,20.0,2023-10-18,10,18,2,0,0,0,1,0,0,0,0,1,0
TXN_8958073,1.0,4.0,4.0,2023-03-31,3,31,4,0,0,0,0,0,1,0,0,1,1
TXN_8958593,5.0,3.0,15.0,2023-07-08,7,8,5,0,0,1,0,0,0,0,0,1,0
TXN_8958723,4.0,4.0,16.0,2023-11-12,11,12,6,0,0,0,0,1,0,0,0,1,1
TXN_8961034,2.0,3.0,6.0,2023-01-21,1,21,5,0,0,1,0,0,0,0,0,1,1
TXN_8961155,5.0,3.0,15.0,2023-09-06,9,6,2,0,0,0,0,0,0,0,0,0,1
TXN_8961480,4.0,1.5,6.0,2023-02-18,2,18,5,0,0,0,0,0,0,1,0,0,1
TXN_8963106,5.0,2.0,10.0,2023-04-01,4,1,5,1,0,0,0,0,0,0,0,0,0
TXN_8963470,2.0,5.0,10.0,2023-06-01,6,1,3,0,0,0,1,0,0,0,0,1,0
TXN_8964166,5.0,3.0,15.0,2023-11-10,11,10,4,0,0,1,0,0,0,0,0,0,0
TXN_8964493,1.0,4.0,4.0,2023-02-10,2,10,4,0,0,0,0,0,1,0,0,0,1
TXN_8964522,3.0,3.0,9.0,2023-10-28,10,28,5,0,0,0,0,0,0,0,1,0,1
TXN_8964527,4.0,4.0,16.0,2023-02-22,2,22,2,0,0,0,0,1,0,0,0,1,1
TXN_8964812,4.0,5.0,20.0,2023-10-14,10,14,5,0,0,0,1,0,0,0,0,1,0
TXN_8965025,1.0,5.0,5.0,2023-04-14,4,14,4,0,0,0,1,0,0,0,0,0,0
TXN_8966400,5.0,3.0,15.0,2023-11-29,11,29,2,0,0,0,0,0,0,0,1,0,1
TXN_8966922,4.0,3.0,12.0,2023-11-10,11,10,4,0,0,1,0,0,0,0,0,1,1
TXN_8969428,3.0,5.0,15.0,2023-03-08,3,8,2,0,0,0,1,0,0,0,0,1,1
TXN_8970135,4.0,3.0,12.0,2023-03-26,3,26,6,0,0,1,0,0,0,0,0,1,0
TXN_8970187,1.0,3.0,3.0,2023-03-13,3,13,0,0,0,0,0,0,0,0,0,1,1
TXN_8971366,2.0,3.0,6.0,2023-08-24,8,24,3,0,0,1,0,0,0,0,0,1,0
TXN_8972137,4.0,3.0,12.0,2023-05-15,5,15,0,0,0,0,0,0,0,0,1,0,0
TXN_8972184,4.0,3.0,12.0,2023-08-17,8,17,3,0,0,1,0,0,0,0,0,0,1
TXN_8973007,5.0,2.0,10.0,2023-02-07,2,7,1,1,0,0,0,0,0,0,1,0,1
TXN_8973563,1.0,2.0,2.0,2023-10-08,10,8,6,1,0,0,0,0,0,0,0,1,1
TXN_8976658,2.0,1.5,3.0,2023-08-16,8,16,2,0,0,0,0,0,0,1,1,0,0
TXN_8977555,2.0,3.0,6.0,2023-07-21,7,21,4,0,0,0,0,0,0,0,0,0,0
TXN_8978004,2.0,2.0,4.0,2023-04-01,4,1,5,1,0,0,0,0,0,0,0,1,0
TXN_8978924,5.0,5.0,25.0,2023-10-09,10,9,0,0,0,0,1,0,0,0,0,0,1
TXN_8980468,5.0,4.0,20.0,2023-08-24,8,24,3,0,0,0,0,0,1,0,0,0,1
TXN_8980495,4.0,4.0,16.0,2023-11-17,11,17,4,0,0,0,0,0,1,0,1,0,1
TXN_8982328,1.0,3.0,3.0,2023-10-20,10,20,4,0,0,1,0,0,0,0,1,0,0
TXN_8982764,5.0,3.0,15.0,2023-11-23,11,23,3,0,0,0,0,0,0,0,0,1,1
TXN_8983868,5.0,2.0,10.0,2023-03-10,3,10,4,1,0,0,0,0,0,0,1,0,1
TXN_8984085,1.0,5.0,5.0,2023-08-17,8,17,3,0,0,0,1,0,0,0,0,1,1
TXN_8984991,3.0,4.0,12.0,2023-05-17,5,17,2,0,0,0,0,0,1,0,1,0,0
TXN_8987697,5.0,1.0,5.0,2023-12-19,12,19,1,0,1,0,0,0,0,0,0,0,1
TXN_8988279,2.0,4.0,8.0,2023-08-08,8,8,1,0,0,0,0,0,1,0,0,0,0
TXN_8989148,2.0,1.5,3.0,2023-11-25,11,25,5,0,0,0,0,0,0,1,0,1,1
TXN_8990020,4.0,4.0,16.0,2023-09-09,9,9,5,0,0,0,0,1,0,0,0,1,0
TXN_8990101,5.0,4.0,20.0,2023-11-25,11,25,5,0,0,0,0,0,1,0,0,1,0
TXN_8991609,4.0,5.0,20.0,2023-06-19,6,19,0,0,0,0,1,0,0,0,0,1,0
TXN_8992377,4.0,3.0,12.0,2023-07-12,7,12,2,0,0,0,0,0,0,0,1,0,1
TXN_8993132,3.0,3.0,9.0,2023-01-21,1,21,5,0,0,0,0,0,0,0,0,1,0
TXN_8994477,3.0,2.0,6.0,2023-04-19,4,19,2,1,0,0,0,0,0,0,0,1,0
TXN_8996187,2.0,5.0,10.0,2023-09-28,9,28,3,0,0,0,1,0,0,0,1,0,0
TXN_8997048,1.0,3.0,3.0,2023-12-05,12,5,1,0,0,1,0,0,0,0,0,1,0
TXN_8999006,1.0,4.0,4.0,2023-02-07,2,7,1,0,0,0,0,0,1,0,0,0,0
TXN_8999360,3.0,3.0,9.0,2023-09-27,9,27,2,0,0,1,0,0,0,0,0,0,1
TXN_8999576,5.0,3.0,15.0,2023-04-09,4,9,6,0,0,0,0,0,0,0,0,1,1
TXN_9001088,2.0,2.0,4.0,2023-08-19,8,19,5,1,0,0,0,0,0,0,1,0,1
TXN_9001844,1.0,4.0,4.0,2023-08-02,8,2,2,0,0,0,0,1,0,0,0,0,1
TXN_9004306,4.0,2.0,8.0,2023-05-26,5,26,4,1,0,0,0,0,0,0,1,0,0
TXN_9005396,4.0,3.0,12.0,2023-08-10,8,10,3,0,0,1,0,0,0,0,0,0,0
TXN_9005782,4.0,1.5,6.0,2023-06-18,6,18,6,0,0,0,0,0,0,1,0,1,0
TXN_9007414,3.0,3.0,9.0,2023-12-08,12,8,4,0,0,0,0,0,0,0,0,0,0
TXN_9011816,1.0,3.0,3.0,2023-04-02,4,2,6,0,0,0,0,0,0,0,0,1,1
TXN_9012517,2.0,2.0,4.0,2023-10-21,10,21,5,1,0,0,0,0,0,0,1,0,0
TXN_9014681,3.0,4.0,12.0,2023-01-03,1,3,1,0,0,0,0,0,1,0,0,1,0
TXN_9016451,3.0,1.0,3.0,2023-10-16,10,16,0,0,1,0,0,0,0,0,0,1,0
TXN_9018195,5.0,3.0,15.0,2023-10-07,10,7,5,0,0,0,0,0,0,0,0,0,0
TXN_9018366,5.0,3.0,15.0,2023-03-31,3,31,4,0,0,1,0,0,0,0,0,0,1
TXN_9018535,2.0,1.0,2.0,2023-05-05,5,5,4,0,1,0,0,0,0,0,0,1,1
TXN_9019429,2.0,4.0,8.0,2023-05-11,5,11,3,0,0,0,0,0,1,0,0,1,1
TXN_9020641,4.0,3.0,12.0,2023-06-27,6,27,1,0,0,0,0,0,0,0,1,0,0
TXN_9021000,3.0,2.0,6.0,2023-01-20,1,20,4,1,0,0,0,0,0,0,0,1,0
TXN_9022617,1.0,2.0,2.0,2023-01-23,1,23,0,1,0,0,0,0,0,0,1,0,0
TXN_9023317,1.0,5.0,5.0,2023-09-30,9,30,5,0,0,0,1,0,0,0,0,1,1
TXN_9024186,2.0,3.0,6.0,2023-12-17,12,17,6,0,0,1,0,0,0,0,0,0,1
TXN_9024388,1.0,5.0,5.0,2023-02-27,2,27,0,0,0,0,1,0,0,0,0,0,1
TXN_9024781,4.0,4.0,16.0,2023-09-12,9,12,1,0,0,0,0,0,1,0,0,0,0
TXN_9026468,2.0,4.0,8.0,2023-08-23,8,23,2,0,0,0,0,1,0,0,1,0,1
TXN_9027002,4.0,4.0,16.0,2023-12-31,12,31,6,0,0,0,0,0,1,0,1,0,1
TXN_9028798,2.0,3.0,6.0,2023-05-25,5,25,3,0,0,0,0,0,0,0,0,0,0
TXN_9030656,5.0,3.0,15.0,2023-12-12,12,12,1,0,0,1,0,0,0,0,0,1,1
TXN_9031518,5.0,4.0,20.0,2023-01-13,1,13,4,0,0,0,0,1,0,0,1,0,0
TXN_9033890,1.0,5.0,5.0,2023-08-05,8,5,5,0,0,0,1,0,0,0,1,0,1
TXN_9034955,1.0,1.0,1.0,2023-09-07,9,7,3,0,1,0,0,0,0,0,1,0,0
TXN_9035484,2.0,2.0,4.0,2023-06-29,6,29,3,1,0,0,0,0,0,0,0,0,1
TXN_9036067,5.0,1.0,5.0,2023-10-06,10,6,4,0,1,0,0,0,0,0,1,0,0
TXN_9036453,1.0,4.0,4.0,2023-02-08,2,8,2,0,0,0,0,0,1,0,0,1,1
TXN_9036527,4.0,4.0,16.0,2023-06-27,6,27,1,0,0,0,0,0,1,0,0,1,0
TXN_9038745,3.0,4.0,12.0,2023-06-25,6,25,6,0,0,0,0,0,1,0,0,1,1
TXN_9039165,4.0,4.0,16.0,2023-03-10,3,10,4,0,0,0,0,1,0,0,1,0,1
TXN_9039882,4.0,4.0,16.0,2023-08-31,8,31,3,0,0,0,0,0,1,0,1,0,0
TXN_9040196,3.0,3.0,9.0,2023-06-28,6,28,2,0,0,1,0,0,0,0,0,0,1
TXN_9041537,4.0,4.0,16.0,2023-08-28,8,28,0,0,0,0,0,1,0,0,0,1,1
TXN_9042309,2.0,2.0,4.0,2023-12-03,12,3,6,1,0,0,0,0,0,0,0,0,1
TXN_9043894,1.0,3.0,3.0,2023-07-28,7,28,4,0,0,0,0,0,0,0,0,1,1
TXN_9046415,2.0,4.0,8.0,2023-06-06,6,6,1,0,0,0,0,0,1,0,0,1,0
TXN_9047278,4.0,1.5,6.0,2023-06-20,6,20,1,0,0,0,0,0,0,1,1,0,1
TXN_9050127,5.0,4.0,20.0,2023-02-26,2,26,6,0,0,0,0,1,0,0,1,0,1
TXN_9052231,1.0,4.0,4.0,2023-08-20,8,20,6,0,0,0,0,1,0,0,1,0,0
TXN_9053365,1.0,1.0,1.0,2023-07-15,7,15,5,0,1,0,0,0,0,0,0,1,0
TXN_9054074,1.0,3.0,3.0,2023-10-15,10,15,6,0,0,0,0,0,0,0,1,0,1
TXN_9054741,1.0,3.0,3.0,2023-06-24,6,24,5,0,0,1,0,0,0,0,1,0,1
TXN_9056301,2.0,1.0,2.0,2023-03-02,3,2,3,0,1,0,0,0,0,0,1,0,1
TXN_9059245,1.0,4.0,4.0,2023-07-11,7,11,1,0,0,0,0,0,1,0,0,0,0
TXN_9061106,4.0,3.0,12.0,2023-11-04,11,4,5,0,0,0,0,0,0,0,0,1,1
TXN_9061471,1.0,3.0,3.0,2023-07-13,7,13,3,0,0,0,0,0,0,0,0,1,1
TXN_9063299,4.0,3.0,12.0,2023-06-15,6,15,3,0,0,0,0,0,0,0,0,1,0
TXN_9063624,1.0,2.0,2.0,2023-04-21,4,21,4,1,0,0,0,0,0,0,1,0,0
TXN_9063887,5.0,3.0,15.0,2023-07-15,7,15,5,0,0,0,0,0,0,0,0,1,1
TXN_9065402,1.0,5.0,5.0,2023-12-22,12,22,4,0,0,0,1,0,0,0,0,0,1
TXN_9067597,4.0,5.0,20.0,2023-11-02,11,2,3,0,0,0,1,0,0,0,0,0,1
TXN_9067752,2.0,4.0,8.0,2023-04-24,4,24,0,0,0,0,0,0,1,0,0,1,1
TXN_9068244,5.0,4.0,20.0,2023-10-19,10,19,3,0,0,0,0,1,0,0,0,1,1
TXN_9069297,4.0,1.0,4.0,2023-01-27,1,27,4,0,1,0,0,0,0,0,1,0,0
TXN_9070074,5.0,2.0,10.0,2023-02-03,2,3,4,1,0,0,0,0,0,0,0,1,1
TXN_9071439,3.0,3.0,9.0,2023-02-05,2,5,6,0,0,1,0,0,0,0,1,0,0
TXN_9072093,1.0,1.0,1.0,2023-03-06,3,6,0,0,1,0,0,0,0,0,0,1,0
TXN_9072517,2.0,4.0,8.0,2023-01-09,1,9,0,0,0,0,0,0,1,0,1,0,1
TXN_9072628,4.0,5.0,20.0,2023-12-29,12,29,4,0,0,0,1,0,0,0,0,1,0
TXN_9072817,5.0,1.0,5.0,2023-07-18,7,18,1,0,1,0,0,0,0,0,1,0,1
TXN_9073184,2.0,3.0,6.0,2023-04-14,4,14,4,0,0,0,0,0,0,0,0,1,0
TXN_9073440,2.0,4.0,8.0,2023-08-28,8,28,0,0,0,0,0,1,0,0,1,0,1
TXN_9074075,5.0,3.0,15.0,2023-08-14,8,14,0,0,0,1,0,0,0,0,1,0,1
TXN_9076216,1.0,3.0,3.0,2023-12-17,12,17,6,0,0,0,0,0,0,0,0,0,1
TXN_9077087,1.0,3.0,3.0,2023-05-08,5,8,0,0,0,1,0,0,0,0,0,1,0
TXN_9077843,3.0,1.5,4.5,2023-03-28,3,28,1,0,0,0,0,0,0,1,0,1,1
TXN_9080521,2.0,2.0,4.0,2023-01-24,1,24,1,1,0,0,0,0,0,0,1,0,0
TXN_9081088,2.0,1.5,3.0,2023-02-27,2,27,0,0,0,0,0,0,0,1,0,0,1
TXN_9081115,3.0,3.0,9.0,2023-12-04,12,4,0,0,0,1,0,0,0,0,0,1,1
TXN_9081409,1.0,3.0,3.0,2023-06-16,6,16,4,0,0,1,0,0,0,0,1,0,0
TXN_9081686,5.0,1.0,5.0,2023-06-11,6,11,6,0,1,0,0,0,0,0,0,1,0
TXN_9082461,5.0,3.0,15.0,2023-05-30,5,30,1,0,0,0,0,0,0,0,0,1,0
TXN_9084554,4.0,4.0,16.0,2023-06-08,6,8,3,0,0,0,0,0,1,0,1,0,0
TXN_9086163,2.0,1.0,2.0,2023-07-31,7,31,0,0,1,0,0,0,0,0,0,1,1
TXN_9086541,3.0,5.0,15.0,2023-02-15,2,15,2,0,0,0,1,0,0,0,0,0,0
TXN_9086709,1.0,3.0,3.0,2023-05-04,5,4,3,0,0,0,0,0,0,0,0,1,0
TXN_9086710,2.0,5.0,10.0,2023-10-27,10,27,4,0,0,0,1,0,0,0,0,1,0
TXN_9087344,5.0,1.5,7.5,2023-07-29,7,29,5,0,0,0,0,0,0,1,0,0,0
TXN_9087746,4.0,2.0,8.0,2023-04-03,4,3,0,1,0,0,0,0,0,0,0,1,0
TXN_9089045,5.0,2.0,10.0,2023-03-12,3,12,6,1,0,0,0,0,0,0,0,0,0
TXN_9089797,1.0,2.0,2.0,2023-09-19,9,19,1,1,0,0,0,0,0,0,1,0,1
TXN_9089898,3.0,5.0,15.0,2023-01-11,1,11,2,0,0,0,1,0,0,0,1,0,0
TXN_9090433,2.0,1.0,2.0,2023-07-12,7,12,2,0,1,0,0,0,0,0,0,0,0
TXN_9090875,2.0,3.0,6.0,2023-04-19,4,19,2,0,0,0,0,0,0,0,0,1,0
TXN_9093708,3.0,4.0,12.0,2023-12-08,12,8,4,0,0,0,0,1,0,0,1,0,0
TXN_9094261,2.0,3.0,6.0,2023-05-15,5,15,0,0,0,1,0,0,0,0,0,1,1
TXN_9094628,2.0,2.0,4.0,2023-02-13,2,13,0,1,0,0,0,0,0,0,0,1,0
TXN_9096052,4.0,4.0,16.0,2023-12-28,12,28,3,0,0,0,0,0,1,0,1,0,1
TXN_9096951,3.0,4.0,12.0,2023-06-28,6,28,2,0,0,0,0,0,1,0,0,0,1
TXN_9097321,2.0,3.0,6.0,2023-10-02,10,2,0,0,0,1,0,0,0,0,1,0,0
TXN_9097641,4.0,3.0,12.0,2023-12-16,12,16,5,0,0,0,0,0,0,0,0,0,1
TXN_9097840,3.0,1.5,4.5,2023-02-06,2,6,0,0,0,0,0,0,0,1,1,0,1
TXN_9098841,1.0,3.0,3.0,2023-08-07,8,7,0,0,0,0,0,0,0,0,1,0,1
TXN_9099694,3.0,5.0,15.0,2023-11-18,11,18,5,0,0,0,1,0,0,0,0,1,1
TXN_9100063,2.0,4.0,8.0,2023-09-16,9,16,5,0,0,0,0,1,0,0,0,1,0
TXN_9100081,1.0,3.0,3.0,2023-08-18,8,18,4,0,0,1,0,0,0,0,0,0,1
TXN_9100530,3.0,4.0,12.0,2023-05-21,5,21,6,0,0,0,0,1,0,0,0,1,1
TXN_9101792,5.0,2.0,10.0,2023-06-13,6,13,1,1,0,0,0,0,0,0,0,0,0
TXN_9103318,2.0,4.0,8.0,2023-11-13,11,13,0,0,0,0,0,1,0,0,0,1,0
TXN_9103776,4.0,1.5,6.0,2023-05-03,5,3,2,0,0,0,0,0,0,1,1,0,0
TXN_9104535,4.0,3.0,12.0,2023-04-13,4,13,3,0,0,0,0,0,0,0,0,1,0
TXN_9104545,2.0,3.0,6.0,2023-03-19,3,19,6,0,0,1,0,0,0,0,0,1,1
TXN_9104710,5.0,5.0,25.0,2023-03-20,3,20,0,0,0,0,1,0,0,0,0,0,1
TXN_9104781,2.0,4.0,8.0,2023-07-03,7,3,0,0,0,0,0,1,0,0,0,1,1
TXN_9105374,4.0,3.0,12.0,2023-01-25,1,25,2,0,0,1,0,0,0,0,0,1,0
TXN_9105544,3.0,1.5,4.5,2023-07-08,7,8,5,0,0,0,0,0,0,1,0,1,0
TXN_9107508,1.0,2.0,2.0,2023-06-06,6,6,1,1,0,0,0,0,0,0,0,1,0
TXN_9107676,2.0,4.0,8.0,2023-02-12,2,12,6,0,0,0,0,1,0,0,0,0,0
TXN_9107842,2.0,1.5,3.0,2023-12-04,12,4,0,0,0,0,0,0,0,1,0,0,1
TXN_9110336,5.0,1.0,5.0,2023-04-06,4,6,3,0,1,0,0,0,0,0,0,1,1
TXN_9113574,4.0,2.0,8.0,2023-01-04,1,4,2,1,0,0,0,0,0,0,0,1,0
TXN_9114647,5.0,5.0,25.0,2023-11-19,11,19,6,0,0,0,1,0,0,0,0,1,0
TXN_9115899,2.0,3.0,6.0,2023-02-23,2,23,3,0,0,0,0,0,0,0,1,0,0
TXN_9117434,1.0,3.0,3.0,2023-07-18,7,18,1,0,0,0,0,0,0,0,0,0,0
TXN_9119194,3.0,3.0,9.0,2023-01-29,1,29,6,0,0,0,0,0,0,0,0,0,1
TXN_9120328,5.0,1.5,7.5,2023-10-22,10,22,6,0,0,0,0,0,0,1,1,0,1
TXN_9121241,5.0,4.0,20.0,2023-03-18,3,18,5,0,0,0,0,1,0,0,0,1,1
TXN_9121676,4.0,4.0,16.0,2023-12-25,12,25,0,0,0,0,0,0,1,0,0,1,0
TXN_9121687,2.0,4.0,8.0,2023-05-13,5,13,5,0,0,0,0,1,0,0,1,0,0
TXN_9124680,2.0,1.0,2.0,2023-10-03,10,3,1,0,1,0,0,0,0,0,0,0,1
TXN_9126502,5.0,4.0,20.0,2023-09-22,9,22,4,0,0,0,0,0,1,0,1,0,0
TXN_9126573,4.0,5.0,20.0,2023-06-17,6,17,5,0,0,0,1,0,0,0,0,1,0
TXN_9127105,3.0,3.0,9.0,2023-03-04,3,4,5,0,0,1,0,0,0,0,0,0,0
TXN_9128859,2.0,2.0,4.0,2023-11-28,11,28,1,1,0,0,0,0,0,0,0,1,1
TXN_9129298,1.0,2.0,2.0,2023-12-19,12,19,1,1,0,0,0,0,0,0,1,0,1
TXN_9129403,3.0,4.0,12.0,2023-12-05,12,5,1,0,0,0,0,1,0,0,1,0,1
TXN_9130559,1.0,4.0,4.0,2023-05-28,5,28,6,0,0,0,0,1,0,0,1,0,0
TXN_9131136,2.0,3.0,6.0,2023-03-20,3,20,0,0,0,1,0,0,0,0,1,0,1
TXN_9131153,3.0,4.0,12.0,2023-11-17,11,17,4,0,0,0,0,0,1,0,0,1,1
TXN_9131337,4.0,4.0,16.0,2023-05-24,5,24,2,0,0,0,0,1,0,0,1,0,1
TXN_9134257,3.0,2.0,6.0,2023-05-19,5,19,4,1,0,0,0,0,0,0,0,1,1
TXN_9134335,3.0,3.0,9.0,2023-01-30,1,30,0,0,0,0,0,0,0,0,0,1,1
TXN_9135433,4.0,1.0,4.0,2023-12-18,12,18,0,0,1,0,0,0,0,0,0,1,0
TXN_9137801,5.0,4.0,20.0,2023-06-10,6,10,5,0,0,0,0,1,0,0,1,0,0
TXN_9138791,1.0,3.0,3.0,2023-03-22,3,22,2,0,0,0,0,0,0,0,0,1,0
TXN_9140598,1.0,3.0,3.0,2023-07-10,7,10,0,0,0,1,0,0,0,0,0,1,1
TXN_9143440,4.0,2.0,8.0,2023-03-31,3,31,4,1,0,0,0,0,0,0,0,1,1
TXN_9146123,2.0,2.0,4.0,2023-12-12,12,12,1,1,0,0,0,0,0,0,0,1,1
TXN_9147596,2.0,2.0,4.0,2023-10-08,10,8,6,1,0,0,0,0,0,0,0,1,1
TXN_9151273,2.0,1.5,3.0,2023-04-09,4,9,6,0,0,0,0,0,0,1,0,0,1
TXN_9151321,4.0,4.0,16.0,2023-01-05,1,5,3,0,0,0,0,1,0,0,0,0,0
TXN_9152120,4.0,4.0,16.0,2023-03-28,3,28,1,0,0,0,0,1,0,0,0,0,1
TXN_9152264,1.0,3.0,3.0,2023-03-15,3,15,2,0,0,0,0,0,0,0,0,1,1
TXN_9153854,2.0,4.0,8.0,2023-04-04,4,4,1,0,0,0,0,1,0,0,0,1,0
TXN_9154381,2.0,1.0,2.0,2023-04-21,4,21,4,0,1,0,0,0,0,0,1,0,0
TXN_9154713,4.0,2.0,8.0,2023-03-13,3,13,0,1,0,0,0,0,0,0,1,0,0
TXN_9155044,3.0,4.0,12.0,2023-02-28,2,28,1,0,0,0,0,1,0,0,1,0,0
TXN_9155299,3.0,3.0,9.0,2023-02-09,2,9,3,0,0,1,0,0,0,0,0,1,1
TXN_9157460,4.0,3.0,12.0,2023-01-23,1,23,0,0,0,0,0,0,0,0,0,1,1
TXN_9157625,5.0,1.5,7.5,2023-02-10,2,10,4,0,0,0,0,0,0,1,1,0,1
TXN_9158251,2.0,5.0,10.0,2023-03-24,3,24,4,0,0,0,1,0,0,0,1,0,1
TXN_9159212,3.0,4.0,12.0,2023-01-12,1,12,3,0,0,0,0,0,1,0,0,1,1
TXN_9159655,5.0,1.0,5.0,2023-03-21,3,21,1,0,1,0,0,0,0,0,0,0,0
TXN_9160109,1.0,3.0,3.0,2023-08-03,8,3,3,0,0,0,0,0,0,0,1,0,1
TXN_9161256,2.0,4.0,8.0,2023-01-01,1,1,6,0,0,0,0,0,1,0,0,1,0
TXN_9162014,1.0,3.0,3.0,2023-07-21,7,21,4,0,0,0,0,0,0,0,0,0,1
TXN_9162296,3.0,4.0,12.0,2023-05-10,5,10,2,0,0,0,0,0,1,0,0,0,0
TXN_9163155,4.0,2.0,8.0,2023-04-23,4,23,6,1,0,0,0,0,0,0,1,0,1
TXN_9166449,4.0,1.0,4.0,2023-07-31,7,31,0,0,1,0,0,0,0,0,0,1,1
TXN_9168898,2.0,3.0,6.0,2023-09-28,9,28,3,0,0,1,0,0,0,0,0,0,1
TXN_9169536,5.0,3.0,15.0,2023-06-10,6,10,5,0,0,0,0,0,0,0,0,0,0
TXN_9169782,5.0,3.0,15.0,2023-09-18,9,18,0,0,0,1,0,0,0,0,1,0,1
TXN_9171458,2.0,3.0,6.0,2023-03-29,3,29,2,0,0,0,0,0,0,0,1,0,1
TXN_9172616,4.0,2.0,8.0,2023-11-21,11,21,1,1,0,0,0,0,0,0,0,1,1
TXN_9174916,3.0,2.0,6.0,2023-06-21,6,21,2,1,0,0,0,0,0,0,1,0,1
TXN_9175519,4.0,3.0,12.0,2023-10-05,10,5,3,0,0,0,0,0,0,0,1,0,0
TXN_9175684,3.0,1.5,4.5,2023-09-16,9,16,5,0,0,0,0,0,0,1,0,1,1
TXN_9176288,2.0,1.5,3.0,2023-02-08,2,8,2,0,0,0,0,0,0,1,0,1,0
TXN_9176418,1.0,4.0,4.0,2023-03-02,3,2,3,0,0,0,0,0,1,0,0,1,1
TXN_9176533,3.0,3.0,9.0,2023-10-14,10,14,5,0,0,0,0,0,0,0,1,0,0
TXN_9177867,3.0,1.5,4.5,2023-09-14,9,14,3,0,0,0,0,0,0,1,0,1,0
TXN_9178213,2.0,2.0,4.0,2023-02-27,2,27,0,1,0,0,0,0,0,0,0,1,1
TXN_9178545,4.0,3.0,12.0,2023-01-24,1,24,1,0,0,1,0,0,0,0,0,0,0
TXN_9180345,4.0,4.0,16.0,2023-06-13,6,13,1,0,0,0,0,1,0,0,0,1,1
TXN_9181129,5.0,4.0,20.0,2023-09-25,9,25,0,0,0,0,0,1,0,0,0,1,0
TXN_9181144,3.0,3.0,9.0,2023-10-25,10,25,2,0,0,1,0,0,0,0,0,1,1
TXN_9184804,2.0,1.0,2.0,2023-11-08,11,8,2,0,1,0,0,0,0,0,0,1,1
TXN_9185022,3.0,4.0,12.0,2023-06-19,6,19,0,0,0,0,0,1,0,0,0,1,0
TXN_9186913,2.0,1.0,2.0,2023-10-16,10,16,0,0,1,0,0,0,0,0,1,0,1
TXN_9187008,4.0,1.5,6.0,2023-09-16,9,16,5,0,0,0,0,0,0,1,0,1,0
TXN_9188172,3.0,3.0,9.0,2023-08-27,8,27,6,0,0,1,0,0,0,0,0,1,0
TXN_9188692,3.0,3.0,9.0,2023-12-01,12,1,4,0,0,0,0,0,0,0,1,0,0
TXN_9188733,3.0,5.0,15.0,2023-08-19,8,19,5,0,0,0,1,0,0,0,0,1,0
TXN_9188774,1.0,1.5,1.5,2023-04-14,4,14,4,0,0,0,0,0,0,1,0,1,1
TXN_9190061,5.0,5.0,25.0,2023-06-14,6,14,2,0,0,0,1,0,0,0,0,0,1
TXN_9190969,1.0,2.0,2.0,2023-10-06,10,6,4,1,0,0,0,0,0,0,0,1,0
TXN_9191048,5.0,3.0,15.0,2023-09-18,9,18,0,0,0,0,0,0,0,0,0,1,1
TXN_9191700,5.0,1.5,7.5,2023-10-01,10,1,6,0,0,0,0,0,0,1,0,1,0
TXN_9193760,5.0,5.0,25.0,2023-01-20,1,20,4,0,0,0,1,0,0,0,0,1,0
TXN_9194266,5.0,5.0,25.0,2023-10-30,10,30,0,0,0,0,1,0,0,0,0,0,1
TXN_9196116,2.0,3.0,6.0,2023-07-06,7,6,3,0,0,0,0,0,0,0,0,1,0
TXN_9196229,5.0,4.0,20.0,2023-12-08,12,8,4,0,0,0,0,1,0,0,1,0,0
TXN_9196322,4.0,1.0,4.0,2023-08-12,8,12,5,0,1,0,0,0,0,0,0,1,0
TXN_9196658,1.0,1.0,1.0,2023-06-12,6,12,0,0,1,0,0,0,0,0,0,1,1
TXN_9196694,4.0,3.0,12.0,2023-03-23,3,23,3,0,0,0,0,0,0,0,0,1,0
TXN_9201010,1.0,5.0,5.0,2023-03-15,3,15,2,0,0,0,1,0,0,0,1,0,1
TXN_9201212,4.0,4.0,16.0,2023-06-08,6,8,3,0,0,0,0,0,1,0,0,1,1
TXN_9201988,3.0,2.0,6.0,2023-05-14,5,14,6,1,0,0,0,0,0,0,0,1,0
TXN_9202190,5.0,4.0,20.0,2023-08-25,8,25,4,0,0,0,0,1,0,0,0,1,0
TXN_9202272,3.0,4.0,12.0,2023-11-29,11,29,2,0,0,0,0,1,0,0,0,1,1
TXN_9202496,5.0,3.0,15.0,2023-07-19,7,19,2,0,0,0,0,0,0,0,1,0,0
TXN_9203396,5.0,2.0,10.0,2023-01-08,1,8,6,1,0,0,0,0,0,0,0,1,0
TXN_9203920,4.0,3.0,12.0,2023-11-01,11,1,2,0,0,1,0,0,0,0,0,1,1
TXN_9205425,3.0,4.0,12.0,2023-09-16,9,16,5,0,0,0,0,1,0,0,0,1,1
TXN_9206049,1.0,1.0,1.0,2023-09-17,9,17,6,0,1,0,0,0,0,0,1,0,0
TXN_9206403,1.0,1.0,1.0,2023-12-15,12,15,4,0,1,0,0,0,0,0,1,0,0
TXN_9206923,1.0,4.0,4.0,2023-11-16,11,16,3,0,0,0,0,1,0,0,0,1,1
TXN_9207050,5.0,1.0,5.0,2023-07-21,7,21,4,0,1,0,0,0,0,0,0,1,0
TXN_9208629,1.0,3.0,3.0,2023-03-30,3,30,3,0,0,0,0,0,0,0,1,0,1
TXN_9210096,3.0,4.0,12.0,2023-05-25,5,25,3,0,0,0,0,0,1,0,0,1,0
TXN_9211917,4.0,4.0,16.0,2023-12-17,12,17,6,0,0,0,0,0,1,0,0,1,0
TXN_9212052,4.0,5.0,20.0,2023-10-15,10,15,6,0,0,0,1,0,0,0,0,0,1
TXN_9212178,1.0,3.0,3.0,2023-11-18,11,18,5,0,0,1,0,0,0,0,1,0,1
TXN_9212503,2.0,5.0,10.0,2023-10-08,10,8,6,0,0,0,1,0,0,0,0,1,1
TXN_9213505,2.0,4.0,8.0,2023-11-01,11,1,2,0,0,0,0,1,0,0,0,1,1
TXN_9215670,3.0,2.0,6.0,2023-05-04,5,4,3,1,0,0,0,0,0,0,0,0,1
TXN_9216314,1.0,3.0,3.0,2023-03-07,3,7,1,0,0,0,0,0,0,0,1,0,1
TXN_9216933,4.0,1.0,4.0,2023-05-29,5,29,0,0,1,0,0,0,0,0,0,1,0
TXN_9219961,5.0,2.0,10.0,2023-04-04,4,4,1,1,0,0,0,0,0,0,1,0,0
TXN_9220900,4.0,1.0,4.0,2023-06-19,6,19,0,0,1,0,0,0,0,0,1,0,1
TXN_9223045,5.0,1.5,7.5,2023-10-29,10,29,6,0,0,0,0,0,0,1,1,0,0
TXN_9223242,2.0,4.0,8.0,2023-09-10,9,10,6,0,0,0,0,0,1,0,0,1,0
TXN_9224501,5.0,5.0,25.0,2023-12-08,12,8,4,0,0,0,1,0,0,0,1,0,0
TXN_9228978,5.0,2.0,10.0,2023-02-09,2,9,3,1,0,0,0,0,0,0,0,1,0
TXN_9230208,3.0,3.0,9.0,2023-05-13,5,13,5,0,0,1,0,0,0,0,1,0,1
TXN_9230615,4.0,4.0,16.0,2023-06-01,6,1,3,0,0,0,0,0,1,0,0,1,0
TXN_9231214,4.0,1.5,6.0,2023-05-24,5,24,2,0,0,0,0,0,0,1,0,1,1
TXN_9231480,4.0,1.0,4.0,2023-08-28,8,28,0,0,1,0,0,0,0,0,0,0,1
TXN_9233730,5.0,1.5,7.5,2023-05-28,5,28,6,0,0,0,0,0,0,1,1,0,1
TXN_9233948,4.0,1.0,4.0,2023-03-26,3,26,6,0,1,0,0,0,0,0,0,0,1
TXN_9236713,5.0,1.0,5.0,2023-09-13,9,13,2,0,1,0,0,0,0,0,0,0,0
TXN_9237291,2.0,3.0,6.0,2023-09-22,9,22,4,0,0,1,0,0,0,0,1,0,0
TXN_9238066,5.0,1.5,7.5,2023-09-15,9,15,4,0,0,0,0,0,0,1,0,1,0
TXN_9238666,1.0,1.0,1.0,2023-07-31,7,31,0,0,1,0,0,0,0,0,1,0,1
TXN_9238689,1.0,3.0,3.0,2023-03-09,3,9,3,0,0,0,0,0,0,0,0,1,0
TXN_9239779,1.0,5.0,5.0,2023-01-09,1,9,0,0,0,0,1,0,0,0,0,0,0
TXN_9240476,5.0,2.0,10.0,2023-04-29,4,29,5,1,0,0,0,0,0,0,0,1,1
TXN_9241048,4.0,3.0,12.0,2023-08-27,8,27,6,0,0,0,0,0,0,0,1,0,0
TXN_9244886,1.0,2.0,2.0,2023-02-09,2,9,3,1,0,0,0,0,0,0,1,0,1
TXN_9245124,4.0,1.5,6.0,2023-04-19,4,19,2,0,0,0,0,0,0,1,0,1,0
TXN_9246948,5.0,3.0,15.0,2023-11-11,11,11,5,0,0,0,0,0,0,0,1,0,0
TXN_9246986,4.0,1.5,6.0,2023-09-08,9,8,4,0,0,0,0,0,0,1,0,0,1
TXN_9247075,3.0,5.0,15.0,2023-07-05,7,5,2,0,0,0,1,0,0,0,0,1,0
TXN_9248370,2.0,1.0,2.0,2023-02-17,2,17,4,0,1,0,0,0,0,0,1,0,0
TXN_9249507,4.0,1.0,4.0,2023-11-21,11,21,1,0,1,0,0,0,0,0,1,0,0
TXN_9250024,2.0,1.0,2.0,2023-03-21,3,21,1,0,1,0,0,0,0,0,0,1,0
TXN_9250710,1.0,5.0,5.0,2023-05-28,5,28,6,0,0,0,1,0,0,0,0,0,0
TXN_9251292,2.0,1.5,3.0,2023-01-20,1,20,4,0,0,0,0,0,0,1,0,0,1
TXN_9252414,1.0,1.5,1.5,2023-11-13,11,13,0,0,0,0,0,0,0,1,0,1,0
TXN_9252700,3.0,3.0,9.0,2023-08-24,8,24,3,0,0,1,0,0,0,0,1,0,0
TXN_9253398,2.0,4.0,8.0,2023-12-14,12,14,3,0,0,0,0,1,0,0,0,1,1
TXN_9253541,1.0,1.5,1.5,2023-06-04,6,4,6,0,0,0,0,0,0,1,0,1,0
TXN_9254064,2.0,2.0,4.0,2023-12-10,12,10,6,1,0,0,0,0,0,0,0,0,1
TXN_9256387,5.0,1.5,7.5,2023-05-31,5,31,2,0,0,0,0,0,0,1,0,1,1
TXN_9257475,4.0,3.0,12.0,2023-07-06,7,6,3,0,0,0,0,0,0,0,0,1,1
TXN_9259900,4.0,5.0,20.0,2023-08-07,8,7,0,0,0,0,1,0,0,0,0,1,1
TXN_9262504,3.0,4.0,12.0,2023-12-01,12,1,4,0,0,0,0,0,1,0,1,0,0
TXN_9262803,5.0,3.0,15.0,2023-10-04,10,4,2,0,0,1,0,0,0,0,0,1,0
TXN_9263030,5.0,4.0,20.0,2023-07-03,7,3,0,0,0,0,0,1,0,0,0,0,1
TXN_9263299,2.0,1.0,2.0,2023-10-08,10,8,6,0,1,0,0,0,0,0,1,0,1
TXN_9263967,3.0,1.0,3.0,2023-09-14,9,14,3,0,1,0,0,0,0,0,1,0,0
TXN_9264301,1.0,2.0,2.0,2023-10-24,10,24,1,1,0,0,0,0,0,0,0,0,0
TXN_9265178,4.0,4.0,16.0,2023-03-18,3,18,5,0,0,0,0,1,0,0,0,0,1
TXN_9265313,3.0,3.0,9.0,2023-10-01,10,1,6,0,0,0,0,0,0,0,0,1,0
TXN_9265319,3.0,5.0,15.0,2023-11-15,11,15,2,0,0,0,1,0,0,0,0,0,0
TXN_9265423,1.0,3.0,3.0,2023-10-20,10,20,4,0,0,1,0,0,0,0,0,1,0
TXN_9266394,2.0,1.0,2.0,2023-07-12,7,12,2,0,1,0,0,0,0,0,1,0,0
TXN_9266499,1.0,3.0,3.0,2023-02-16,2,16,3,0,0,0,0,0,0,0,0,1,0
TXN_9268974,2.0,4.0,8.0,2023-10-29,10,29,6,0,0,0,0,1,0,0,0,1,1
TXN_9269683,5.0,4.0,20.0,2023-09-26,9,26,1,0,0,0,0,1,0,0,0,1,0
TXN_9270865,2.0,4.0,8.0,2023-11-06,11,6,0,0,0,0,0,0,1,0,1,0,1
TXN_9271457,3.0,3.0,9.0,2023-02-27,2,27,0,0,0,0,0,0,0,0,0,1,0
TXN_9271577,2.0,3.0,6.0,2023-04-13,4,13,3,0,0,0,0,0,0,0,1,0,0
TXN_9272043,4.0,3.0,12.0,2023-04-20,4,20,3,0,0,0,0,0,0,0,0,1,0
TXN_9273729,1.0,1.5,1.5,2023-12-19,12,19,1,0,0,0,0,0,0,1,0,1,1
TXN_9275800,3.0,4.0,12.0,2023-05-01,5,1,0,0,0,0,0,0,1,0,0,0,1
TXN_9277146,5.0,3.0,15.0,2023-07-11,7,11,1,0,0,0,0,0,0,0,1,0,1
TXN_9277276,4.0,3.0,12.0,2023-09-15,9,15,4,0,0,0,0,0,0,0,1,0,1
TXN_9277534,2.0,4.0,8.0,2023-04-25,4,25,1,0,0,0,0,0,1,0,1,0,0
TXN_9278090,5.0,3.0,15.0,2023-12-28,12,28,3,0,0,0,0,0,0,0,1,0,1
TXN_9278992,4.0,4.0,16.0,2023-12-15,12,15,4,0,0,0,0,0,1,0,0,0,1
TXN_9279347,5.0,4.0,20.0,2023-02-27,2,27,0,0,0,0,0,1,0,0,1,0,0
TXN_9279935,2.0,2.0,4.0,2023-06-02,6,2,4,1,0,0,0,0,0,0,0,1,0
TXN_9281392,2.0,1.0,2.0,2023-08-06,8,6,6,0,1,0,0,0,0,0,0,1,1
TXN_9281586,5.0,4.0,20.0,2023-05-20,5,20,5,0,0,0,0,1,0,0,0,0,0
TXN_9281710,3.0,3.0,9.0,2023-08-05,8,5,5,0,0,1,0,0,0,0,1,0,0
TXN_9281939,3.0,1.5,4.5,2023-05-22,5,22,0,0,0,0,0,0,0,1,0,0,0
TXN_9282265,2.0,5.0,10.0,2023-03-20,3,20,0,0,0,0,1,0,0,0,1,0,1
TXN_9284099,2.0,3.0,6.0,2023-07-20,7,20,3,0,0,0,0,0,0,0,0,1,0
TXN_9284622,1.0,2.0,2.0,2023-05-15,5,15,0,1,0,0,0,0,0,0,1,0,1
TXN_9285475,5.0,1.5,7.5,2023-11-14,11,14,1,0,0,0,0,0,0,1,0,1,1
TXN_9285663,4.0,1.0,4.0,2023-11-18,11,18,5,0,1,0,0,0,0,0,0,1,0
TXN_9285925,5.0,3.0,15.0,2023-06-20,6,20,1,0,0,0,0,0,0,0,0,0,0
TXN_9286019,4.0,4.0,16.0,2023-05-28,5,28,6,0,0,0,0,0,1,0,0,0,1
TXN_9286960,3.0,1.0,3.0,2023-12-26,12,26,1,0,1,0,0,0,0,0,0,0,1
TXN_9287133,5.0,3.0,15.0,2023-04-20,4,20,3,0,0,0,0,0,0,0,0,1,0
TXN_9287350,2.0,4.0,8.0,2023-01-28,1,28,5,0,0,0,0,0,1,0,0,1,0
TXN_9287659,1.0,3.0,3.0,2023-05-13,5,13,5,0,0,0,0,0,0,0,0,1,0
TXN_9287780,2.0,4.0,8.0,2023-09-02,9,2,5,0,0,0,0,0,1,0,0,0,0
TXN_9288156,3.0,2.0,6.0,2023-11-05,11,5,6,1,0,0,0,0,0,0,0,1,0
TXN_9288207,4.0,3.0,12.0,2023-05-16,5,16,1,0,0,0,0,0,0,0,0,1,1
TXN_9288882,3.0,4.0,12.0,2023-04-23,4,23,6,0,0,0,0,1,0,0,0,0,0
TXN_9288999,3.0,1.0,3.0,2023-05-01,5,1,0,0,1,0,0,0,0,0,1,0,0
TXN_9289174,4.0,3.0,12.0,2023-12-30,12,30,5,0,0,0,0,0,0,0,0,1,0
TXN_9289408,4.0,2.0,8.0,2023-09-23,9,23,5,1,0,0,0,0,0,0,0,1,1
TXN_9291130,5.0,1.0,5.0,2023-05-11,5,11,3,0,1,0,0,0,0,0,0,0,0
TXN_9292025,2.0,5.0,10.0,2023-03-25,3,25,5,0,0,0,1,0,0,0,0,1,0
TXN_9292230,4.0,1.5,6.0,2023-07-14,7,14,4,0,0,0,0,0,0,1,1,0,0
TXN_9293877,5.0,3.0,15.0,2023-08-24,8,24,3,0,0,1,0,0,0,0,0,1,1
TXN_9296807,3.0,2.0,6.0,2023-12-20,12,20,2,1,0,0,0,0,0,0,1,0,1
TXN_9298053,5.0,3.0,15.0,2023-06-29,6,29,3,0,0,1,0,0,0,0,0,0,0
TXN_9298882,3.0,4.0,12.0,2023-01-13,1,13,4,0,0,0,0,1,0,0,0,1,1
TXN_9299563,5.0,3.0,15.0,2023-03-27,3,27,0,0,0,1,0,0,0,0,1,0,1
TXN_9300618,3.0,1.5,4.5,2023-03-06,3,6,0,0,0,0,0,0,0,1,1,0,1
TXN_9300970,2.0,3.0,6.0,2023-03-06,3,6,0,0,0,0,0,0,0,0,1,0,1
TXN_9301279,1.0,4.0,4.0,2023-05-27,5,27,5,0,0,0,0,0,1,0,1,0,1
TXN_9306229,2.0,4.0,8.0,2023-09-08,9,8,4,0,0,0,0,0,1,0,0,1,1
TXN_9306482,2.0,4.0,8.0,2023-01-16,1,16,0,0,0,0,0,0,1,0,0,1,1
TXN_9307650,3.0,2.0,6.0,2023-02-22,2,22,2,1,0,0,0,0,0,0,1,0,1
TXN_9309509,5.0,1.5,7.5,2023-11-15,11,15,2,0,0,0,0,0,0,1,0,1,1
TXN_9313535,1.0,1.0,1.0,2023-06-04,6,4,6,0,1,0,0,0,0,0,0,1,1
TXN_9314690,2.0,5.0,10.0,2023-12-11,12,11,0,0,0,0,1,0,0,0,1,0,0
TXN_9315004,5.0,4.0,20.0,2023-12-21,12,21,3,0,0,0,0,1,0,0,0,1,0
TXN_9315119,2.0,5.0,10.0,2023-06-16,6,16,4,0,0,0,1,0,0,0,0,0,1
TXN_9315755,5.0,3.0,15.0,2023-09-26,9,26,1,0,0,0,0,0,0,0,0,0,1
TXN_9316158,5.0,4.0,20.0,2023-10-31,10,31,1,0,0,0,0,1,0,0,0,0,0
TXN_9317529,4.0,3.0,12.0,2023-07-10,7,10,0,0,0,1,0,0,0,0,1,0,1
TXN_9319656,5.0,1.5,7.5,2023-12-22,12,22,4,0,0,0,0,0,0,1,0,1,1
TXN_9320167,5.0,3.0,15.0,2023-11-12,11,12,6,0,0,1,0,0,0,0,1,0,1
TXN_9320353,5.0,5.0,25.0,2023-01-10,1,10,1,0,0,0,1,0,0,0,0,0,0
TXN_9321776,1.0,3.0,3.0,2023-04-23,4,23,6,0,0,0,0,0,0,0,0,1,0
TXN_9323014,3.0,1.0,3.0,2023-08-15,8,15,1,0,1,0,0,0,0,0,0,1,0
TXN_9323215,3.0,1.0,3.0,2023-01-27,1,27,4,0,1,0,0,0,0,0,0,1,1
TXN_9323513,3.0,3.0,9.0,2023-05-04,5,4,3,0,0,0,0,0,0,0,0,1,1
TXN_9325384,5.0,3.0,15.0,2023-04-24,4,24,0,0,0,1,0,0,0,0,0,1,0
TXN_9326761,1.0,1.5,1.5,2023-01-02,1,2,0,0,0,0,0,0,0,1,0,1,1
TXN_9327493,1.0,2.0,2.0,2023-03-27,3,27,0,1,0,0,0,0,0,0,0,1,1
TXN_9327861,5.0,1.5,7.5,2023-07-17,7,17,0,0,0,0,0,0,0,1,1,0,0
TXN_9328595,2.0,1.5,3.0,2023-10-24,10,24,1,0,0,0,0,0,0,1,0,0,1
TXN_9332035,2.0,1.0,2.0,2023-11-02,11,2,3,0,1,0,0,0,0,0,0,1,1
TXN_9333347,5.0,4.0,20.0,2023-09-10,9,10,6,0,0,0,0,0,1,0,0,0,0
TXN_9334593,3.0,4.0,12.0,2023-04-23,4,23,6,0,0,0,0,1,0,0,0,0,0
TXN_9335226,5.0,4.0,20.0,2023-05-08,5,8,0,0,0,0,0,1,0,0,0,1,0
TXN_9336674,4.0,5.0,20.0,2023-01-18,1,18,2,0,0,0,1,0,0,0,0,1,1
TXN_9336980,4.0,5.0,20.0,2023-06-06,6,6,1,0,0,0,1,0,0,0,0,0,0
TXN_9337894,2.0,1.5,3.0,2023-12-30,12,30,5,0,0,0,0,0,0,1,0,1,1
TXN_9338442,1.0,3.0,3.0,2023-12-29,12,29,4,0,0,0,0,0,0,0,0,1,0
TXN_9339037,2.0,1.0,2.0,2023-07-21,7,21,4,0,1,0,0,0,0,0,0,1,1
TXN_9339456,3.0,2.0,6.0,2023-03-29,3,29,2,1,0,0,0,0,0,0,0,1,1
TXN_9340653,1.0,4.0,4.0,2023-10-19,10,19,3,0,0,0,0,0,1,0,0,1,1
TXN_9340973,4.0,1.0,4.0,2023-03-07,3,7,1,0,1,0,0,0,0,0,0,0,1
TXN_9341159,5.0,3.0,15.0,2023-09-29,9,29,4,0,0,0,0,0,0,0,0,1,1
TXN_9342366,3.0,4.0,12.0,2023-02-18,2,18,5,0,0,0,0,0,1,0,1,0,1
TXN_9344399,2.0,1.0,2.0,2023-12-04,12,4,0,0,1,0,0,0,0,0,0,1,1
TXN_9345439,2.0,2.0,4.0,2023-08-07,8,7,0,1,0,0,0,0,0,0,0,0,1
TXN_9347203,5.0,4.0,20.0,2023-04-15,4,15,5,0,0,0,0,1,0,0,0,0,0
TXN_9348280,2.0,4.0,8.0,2023-03-28,3,28,1,0,0,0,0,1,0,0,1,0,0
TXN_9348801,1.0,3.0,3.0,2023-11-29,11,29,2,0,0,0,0,0,0,0,0,1,0
TXN_9349052,4.0,3.0,12.0,2023-10-31,10,31,1,0,0,0,0,0,0,0,0,0,1
TXN_9349657,2.0,1.0,2.0,2023-03-14,3,14,1,0,1,0,0,0,0,0,1,0,0
TXN_9349736,5.0,4.0,20.0,2023-03-18,3,18,5,0,0,0,0,1,0,0,0,0,1
TXN_9350427,5.0,3.0,15.0,2023-01-24,1,24,1,0,0,1,0,0,0,0,0,0,0
TXN_9350833,1.0,3.0,3.0,2023-01-17,1,17,1,0,0,0,0,0,0,0,0,0,1
TXN_9352671,2.0,4.0,8.0,2023-02-10,2,10,4,0,0,0,0,1,0,0,0,0,1
TXN_9352814,4.0,1.5,6.0,2023-09-10,9,10,6,0,0,0,0,0,0,1,0,0,0
TXN_9354349,1.0,3.0,3.0,2023-02-12,2,12,6,0,0,1,0,0,0,0,1,0,0
TXN_9354616,4.0,1.5,6.0,2023-01-27,1,27,4,0,0,0,0,0,0,1,0,1,1
TXN_9356512,3.0,5.0,15.0,2023-06-06,6,6,1,0,0,0,1,0,0,0,1,0,0
TXN_9357808,4.0,4.0,16.0,2023-05-20,5,20,5,0,0,0,0,1,0,0,0,0,1
TXN_9358399,5.0,1.5,7.5,2023-06-16,6,16,4,0,0,0,0,0,0,1,1,0,0
TXN_9358958,1.0,4.0,4.0,2023-05-08,5,8,0,0,0,0,0,0,1,0,0,1,1
TXN_9360886,1.0,4.0,4.0,2023-07-25,7,25,1,0,0,0,0,1,0,0,0,1,0
TXN_9362728,1.0,4.0,4.0,2023-12-26,12,26,1,0,0,0,0,1,0,0,0,1,0
TXN_9362958,1.0,3.0,3.0,2023-07-19,7,19,2,0,0,1,0,0,0,0,0,0,0
TXN_9362993,3.0,2.0,6.0,2023-10-22,10,22,6,1,0,0,0,0,0,0,0,0,0
TXN_9363711,5.0,2.0,10.0,2023-11-23,11,23,3,1,0,0,0,0,0,0,0,1,1
TXN_9363990,3.0,3.0,9.0,2023-01-17,1,17,1,0,0,0,0,0,0,0,1,0,0
TXN_9364172,4.0,1.5,6.0,2023-03-18,3,18,5,0,0,0,0,0,0,1,0,1,1
TXN_9365447,2.0,1.5,3.0,2023-12-10,12,10,6,0,0,0,0,0,0,1,0,0,0
TXN_9365558,4.0,5.0,20.0,2023-02-12,2,12,6,0,0,0,1,0,0,0,1,0,1
TXN_9365766,4.0,3.0,12.0,2023-02-13,2,13,0,0,0,0,0,0,0,0,0,1,0
TXN_9367492,2.0,1.5,3.0,2023-06-19,6,19,0,0,0,0,0,0,0,1,0,0,0
TXN_9367729,2.0,2.0,4.0,2023-10-10,10,10,1,1,0,0,0,0,0,0,0,1,1
TXN_9368550,3.0,3.0,9.0,2023-09-26,9,26,1,0,0,0,0,0,0,0,0,1,1
TXN_9370294,2.0,3.0,6.0,2023-04-23,4,23,6,0,0,0,0,0,0,0,1,0,1
TXN_9370304,4.0,4.0,16.0,2023-09-01,9,1,4,0,0,0,0,0,1,0,0,1,1
TXN_9370771,5.0,3.0,15.0,2023-08-21,8,21,0,0,0,1,0,0,0,0,0,0,0
TXN_9372046,3.0,2.0,6.0,2023-04-10,4,10,0,1,0,0,0,0,0,0,1,0,0
TXN_9373436,4.0,5.0,20.0,2023-04-06,4,6,3,0,0,0,1,0,0,0,0,1,0
TXN_9374286,5.0,2.0,10.0,2023-08-07,8,7,0,1,0,0,0,0,0,0,0,0,0
TXN_9375445,2.0,4.0,8.0,2023-10-22,10,22,6,0,0,0,0,0,1,0,0,1,0
TXN_9375649,4.0,1.0,4.0,2023-03-06,3,6,0,0,1,0,0,0,0,0,0,1,0
TXN_9376428,1.0,5.0,5.0,2023-10-30,10,30,0,0,0,0,1,0,0,0,1,0,1
TXN_9378562,3.0,3.0,9.0,2023-09-06,9,6,2,0,0,1,0,0,0,0,0,1,1
TXN_9382156,5.0,1.5,7.5,2023-06-02,6,2,4,0,0,0,0,0,0,1,0,1,1
TXN_9382596,5.0,4.0,20.0,2023-11-18,11,18,5,0,0,0,0,0,1,0,1,0,1
TXN_9384397,2.0,4.0,8.0,2023-10-31,10,31,1,0,0,0,0,1,0,0,0,0,1
TXN_9386165,2.0,4.0,8.0,2023-06-01,6,1,3,0,0,0,0,1,0,0,0,1,0
TXN_9388222,1.0,1.0,1.0,2023-04-21,4,21,4,0,1,0,0,0,0,0,0,1,0
TXN_9389300,3.0,5.0,15.0,2023-01-14,1,14,5,0,0,0,1,0,0,0,1,0,1
TXN_9389434,5.0,3.0,15.0,2023-06-16,6,16,4,0,0,0,0,0,0,0,0,1,0
TXN_9389963,5.0,4.0,20.0,2023-02-28,2,28,1,0,0,0,0,1,0,0,0,1,1
TXN_9390188,1.0,1.5,1.5,2023-06-20,6,20,1,0,0,0,0,0,0,1,0,1,1
TXN_9390740,2.0,3.0,6.0,2023-12-06,12,6,2,0,0,0,0,0,0,0,0,0,0
TXN_9391494,1.0,2.0,2.0,2023-12-17,12,17,6,1,0,0,0,0,0,0,0,1,1
TXN_9392028,5.0,5.0,25.0,2023-01-13,1,13,4,0,0,0,1,0,0,0,1,0,0
TXN_9393467,5.0,3.0,15.0,2023-09-25,9,25,0,0,0,0,0,0,0,0,0,0,0
TXN_9395087,1.0,1.5,1.5,2023-06-12,6,12,0,0,0,0,0,0,0,1,0,0,0
TXN_9395223,4.0,1.0,4.0,2023-12-29,12,29,4,0,1,0,0,0,0,0,1,0,0
TXN_9395554,4.0,2.0,8.0,2023-03-31,3,31,4,1,0,0,0,0,0,0,0,0,1
TXN_9397870,2.0,3.0,6.0,2023-05-23,5,23,1,0,0,0,0,0,0,0,0,1,1
TXN_9399452,4.0,3.0,12.0,2023-12-03,12,3,6,0,0,0,0,0,0,0,1,0,0
TXN_9400181,5.0,4.0,20.0,2023-06-03,6,3,5,0,0,0,0,1,0,0,0,0,0
TXN_9400245,1.0,5.0,5.0,2023-02-24,2,24,4,0,0,0,1,0,0,0,0,1,0
TXN_9401522,4.0,4.0,16.0,2023-11-16,11,16,3,0,0,0,0,1,0,0,0,1,0
TXN_9402270,3.0,2.0,6.0,2023-02-09,2,9,3,1,0,0,0,0,0,0,0,1,0
TXN_9403115,1.0,1.5,1.5,2023-04-17,4,17,0,0,0,0,0,0,0,1,0,1,1
TXN_9403754,5.0,3.0,15.0,2023-06-19,6,19,0,0,0,0,0,0,0,0,1,0,1
TXN_9406938,1.0,5.0,5.0,2023-10-09,10,9,0,0,0,0,1,0,0,0,0,1,1
TXN_9407000,4.0,4.0,16.0,2023-10-03,10,3,1,0,0,0,0,1,0,0,0,1,1
TXN_9407169,1.0,4.0,4.0,2023-01-28,1,28,5,0,0,0,0,1,0,0,0,1,0
TXN_9407636,4.0,4.0,16.0,2023-10-01,10,1,6,0,0,0,0,0,1,0,0,0,0
TXN_9408993,1.0,4.0,4.0,2023-08-19,8,19,5,0,0,0,0,1,0,0,0,1,0
TXN_9409405,3.0,2.0,6.0,2023-02-11,2,11,5,1,0,0,0,0,0,0,0,1,0
TXN_9409728,2.0,1.5,3.0,2023-03-06,3,6,0,0,0,0,0,0,0,1,0,1,0
TXN_9410981,2.0,1.0,2.0,2023-02-07,2,7,1,0,1,0,0,0,0,0,0,1,1
TXN_9411395,5.0,2.0,10.0,2023-05-12,5,12,4,1,0,0,0,0,0,0,0,1,1
TXN_9415451,3.0,3.0,9.0,2023-01-04,1,4,2,0,0,0,0,0,0,0,0,1,1
TXN_9417252,2.0,4.0,8.0,2023-08-17,8,17,3,0,0,0,0,1,0,0,1,0,0
TXN_9417344,3.0,1.5,4.5,2023-11-09,11,9,3,0,0,0,0,0,0,1,0,1,1
TXN_9417438,1.0,5.0,5.0,2023-01-05,1,5,3,0,0,0,1,0,0,0,0,1,0
TXN_9421441,2.0,4.0,8.0,2023-06-20,6,20,1,0,0,0,0,1,0,0,0,0,1
TXN_9421618,3.0,3.0,9.0,2023-02-21,2,21,1,0,0,0,0,0,0,0,0,0,0
TXN_9423451,1.0,2.0,2.0,2023-10-22,10,22,6,1,0,0,0,0,0,0,0,1,0
TXN_9425096,5.0,4.0,20.0,2023-06-12,6,12,0,0,0,0,0,0,1,0,1,0,0
TXN_9425610,3.0,4.0,12.0,2023-01-08,1,8,6,0,0,0,0,1,0,0,0,0,0
TXN_9425645,3.0,3.0,9.0,2023-03-19,3,19,6,0,0,0,0,0,0,0,1,0,1
TXN_9428611,4.0,5.0,20.0,2023-07-13,7,13,3,0,0,0,1,0,0,0,0,1,1
TXN_9429128,4.0,2.0,8.0,2023-12-19,12,19,1,1,0,0,0,0,0,0,1,0,0
TXN_9430262,5.0,2.0,10.0,2023-03-16,3,16,3,1,0,0,0,0,0,0,1,0,0
TXN_9431971,1.0,4.0,4.0,2023-07-17,7,17,0,0,0,0,0,0,1,0,1,0,0
TXN_9432268,4.0,5.0,20.0,2023-01-25,1,25,2,0,0,0,1,0,0,0,0,0,1
TXN_9432588,5.0,2.0,10.0,2023-07-26,7,26,2,1,0,0,0,0,0,0,0,0,1
TXN_9432758,3.0,1.0,3.0,2023-10-02,10,2,0,0,1,0,0,0,0,0,0,0,1
TXN_9433035,1.0,4.0,4.0,2023-03-26,3,26,6,0,0,0,0,1,0,0,0,0,0
TXN_9433769,4.0,3.0,12.0,2023-08-13,8,13,6,0,0,0,0,0,0,0,0,1,1
TXN_9436284,3.0,2.0,6.0,2023-03-28,3,28,1,1,0,0,0,0,0,0,1,0,1
TXN_9436342,4.0,3.0,12.0,2023-11-26,11,26,6,0,0,1,0,0,0,0,0,1,0
TXN_9437049,5.0,1.0,5.0,2023-06-01,6,1,3,0,1,0,0,0,0,0,0,0,1
TXN_9438576,1.0,1.0,1.0,2023-05-05,5,5,4,0,1,0,0,0,0,0,1,0,0
TXN_9443285,2.0,3.0,6.0,2023-05-27,5,27,5,0,0,0,0,0,0,0,1,0,1
TXN_9444461,2.0,4.0,8.0,2023-05-28,5,28,6,0,0,0,0,1,0,0,0,1,0
TXN_9444736,5.0,1.5,7.5,2023-04-23,4,23,6,0,0,0,0,0,0,1,1,0,1
TXN_9447946,2.0,4.0,8.0,2023-10-21,10,21,5,0,0,0,0,0,1,0,1,0,0
TXN_9449037,4.0,2.0,8.0,2023-04-30,4,30,6,1,0,0,0,0,0,0,0,1,1
TXN_9450903,3.0,4.0,12.0,2023-04-07,4,7,4,0,0,0,0,0,1,0,0,1,1
TXN_9452225,1.0,1.5,1.5,2023-02-26,2,26,6,0,0,0,0,0,0,1,0,1,0
TXN_9452261,5.0,3.0,15.0,2023-11-29,11,29,2,0,0,0,0,0,0,0,0,1,1
TXN_9452972,3.0,4.0,12.0,2023-02-10,2,10,4,0,0,0,0,1,0,0,0,1,1
TXN_9454212,5.0,3.0,15.0,2023-11-19,11,19,6,0,0,1,0,0,0,0,0,0,0
TXN_9454387,2.0,5.0,10.0,2023-01-02,1,2,0,0,0,0,1,0,0,0,0,0,1
TXN_9455679,5.0,5.0,25.0,2023-05-18,5,18,3,0,0,0,1,0,0,0,1,0,1
TXN_9455977,1.0,1.5,1.5,2023-03-10,3,10,4,0,0,0,0,0,0,1,0,1,1
TXN_9456357,3.0,3.0,9.0,2023-02-21,2,21,1,0,0,0,0,0,0,0,1,0,0
TXN_9456575,5.0,1.5,7.5,2023-06-10,6,10,5,0,0,0,0,0,0,1,0,0,0
TXN_9461396,5.0,4.0,20.0,2023-05-23,5,23,1,0,0,0,0,0,1,0,0,1,0
TXN_9461980,1.0,5.0,5.0,2023-04-14,4,14,4,0,0,0,1,0,0,0,1,0,0
TXN_9464398,4.0,3.0,12.0,2023-09-25,9,25,0,0,0,0,0,0,0,0,1,0,1
TXN_9464961,4.0,4.0,16.0,2023-11-23,11,23,3,0,0,0,0,1,0,0,0,0,0
TXN_9465300,2.0,1.5,3.0,2023-09-01,9,1,4,0,0,0,0,0,0,1,1,0,0
TXN_9468033,1.0,3.0,3.0,2023-12-13,12,13,2,0,0,1,0,0,0,0,1,0,1
TXN_9469529,2.0,2.0,4.0,2023-08-09,8,9,2,1,0,0,0,0,0,0,0,0,1
TXN_9469533,4.0,1.0,4.0,2023-05-22,5,22,0,0,1,0,0,0,0,0,0,0,0
TXN_9469735,1.0,3.0,3.0,2023-12-31,12,31,6,0,0,0,0,0,0,0,0,0,0
TXN_9470260,5.0,2.0,10.0,2023-10-07,10,7,5,1,0,0,0,0,0,0,0,1,0
TXN_9470590,1.0,5.0,5.0,2023-04-11,4,11,1,0,0,0,1,0,0,0,1,0,1
TXN_9470612,3.0,3.0,9.0,2023-04-30,4,30,6,0,0,0,0,0,0,0,0,1,1
TXN_9470768,5.0,4.0,20.0,2023-09-27,9,27,2,0,0,0,0,0,1,0,1,0,1
TXN_9472241,3.0,5.0,15.0,2023-06-30,6,30,4,0,0,0,1,0,0,0,0,0,1
TXN_9474082,3.0,5.0,15.0,2023-03-22,3,22,2,0,0,0,1,0,0,0,0,1,0
TXN_9475783,5.0,4.0,20.0,2023-02-11,2,11,5,0,0,0,0,1,0,0,1,0,1
TXN_9477344,2.0,1.0,2.0,2023-09-30,9,30,5,0,1,0,0,0,0,0,1,0,0
TXN_9477892,3.0,3.0,9.0,2023-08-21,8,21,0,0,0,0,0,0,0,0,1,0,0
TXN_9478033,2.0,3.0,6.0,2023-04-08,4,8,5,0,0,0,0,0,0,0,0,1,0
TXN_9480564,4.0,1.0,4.0,2023-06-12,6,12,0,0,1,0,0,0,0,0,0,0,0
TXN_9480851,3.0,3.0,9.0,2023-03-21,3,21,1,0,0,0,0,0,0,0,0,1,0
TXN_9482559,1.0,1.0,1.0,2023-08-04,8,4,4,0,1,0,0,0,0,0,0,1,0
TXN_9484436,1.0,5.0,5.0,2023-01-20,1,20,4,0,0,0,1,0,0,0,1,0,0
TXN_9485101,2.0,1.0,2.0,2023-11-01,11,1,2,0,1,0,0,0,0,0,0,0,1
TXN_9486849,1.0,3.0,3.0,2023-03-17,3,17,4,0,0,0,0,0,0,0,0,0,1
TXN_9487214,5.0,2.0,10.0,2023-03-25,3,25,5,1,0,0,0,0,0,0,0,1,0
TXN_9487384,1.0,3.0,3.0,2023-11-27,11,27,0,0,0,0,0,0,0,0,1,0,1
TXN_9487821,1.0,5.0,5.0,2023-05-24,5,24,2,0,0,0,1,0,0,0,0,1,1
TXN_9489176,5.0,3.0,15.0,2023-01-10,1,10,1,0,0,1,0,0,0,0,0,1,0
TXN_9489442,3.0,2.0,6.0,2023-02-06,2,6,0,1,0,0,0,0,0,0,1,0,1
TXN_9489495,1.0,2.0,2.0,2023-05-20,5,20,5,1,0,0,0,0,0,0,1,0,1
TXN_9490163,4.0,5.0,20.0,2023-02-23,2,23,3,0,0,0,1,0,0,0,1,0,1
TXN_9490465,3.0,4.0,12.0,2023-05-06,5,6,5,0,0,0,0,0,1,0,0,1,1
TXN_9491244,5.0,3.0,15.0,2023-04-19,4,19,2,0,0,1,0,0,0,0,0,1,0
TXN_9493077,4.0,3.0,12.0,2023-01-10,1,10,1,0,0,0,0,0,0,0,1,0,1
TXN_9495855,2.0,3.0,6.0,2023-04-18,4,18,1,0,0,1,0,0,0,0,0,0,0
TXN_9495930,2.0,2.0,4.0,2023-10-23,10,23,0,1,0,0,0,0,0,0,0,1,1
TXN_9496018,5.0,1.5,7.5,2023-01-05,1,5,3,0,0,0,0,0,0,1,0,1,1
TXN_9496697,1.0,1.5,1.5,2023-09-27,9,27,2,0,0,0,0,0,0,1,0,0,0
TXN_9496791,4.0,5.0,20.0,2023-07-19,7,19,2,0,0,0,1,0,0,0,1,0,0
TXN_9497634,3.0,3.0,9.0,2023-07-20,7,20,3,0,0,1,0,0,0,0,0,0,0
TXN_9498325,1.0,5.0,5.0,2023-04-04,4,4,1,0,0,0,1,0,0,0,1,0,0
TXN_9499313,5.0,3.0,15.0,2023-03-02,3,2,3,0,0,1,0,0,0,0,0,1,1
TXN_9500986,2.0,1.0,2.0,2023-05-10,5,10,2,0,1,0,0,0,0,0,0,1,1
TXN_9502077,3.0,4.0,12.0,2023-12-21,12,21,3,0,0,0,0,0,1,0,0,1,0
TXN_9502424,4.0,3.0,12.0,2023-09-06,9,6,2,0,0,0,0,0,0,0,0,0,1
TXN_9503145,5.0,3.0,15.0,2023-09-21,9,21,3,0,0,1,0,0,0,0,0,1,1
TXN_9505924,4.0,3.0,12.0,2023-03-17,3,17,4,0,0,0,0,0,0,0,0,1,0
TXN_9506076,5.0,5.0,25.0,2023-01-17,1,17,1,0,0,0,1,0,0,0,0,1,0
TXN_9506372,4.0,3.0,12.0,2023-11-06,11,6,0,0,0,0,0,0,0,0,0,1,1
TXN_9506595,3.0,1.5,4.5,2023-07-10,7,10,0,0,0,0,0,0,0,1,0,0,0
TXN_9507002,1.0,4.0,4.0,2023-05-08,5,8,0,0,0,0,0,0,1,0,0,0,1
TXN_9507397,3.0,1.0,3.0,2023-10-26,10,26,3,0,1,0,0,0,0,0,1,0,1
TXN_9507568,4.0,4.0,16.0,2023-10-12,10,12,3,0,0,0,0,0,1,0,1,0,0
TXN_9508880,4.0,2.0,8.0,2023-10-26,10,26,3,1,0,0,0,0,0,0,0,1,0
TXN_9510130,4.0,5.0,20.0,2023-03-06,3,6,0,0,0,0,1,0,0,0,0,0,0
TXN_9511794,1.0,1.0,1.0,2023-06-10,6,10,5,0,1,0,0,0,0,0,0,0,1
TXN_9512112,4.0,2.0,8.0,2023-05-25,5,25,3,1,0,0,0,0,0,0,0,0,1
TXN_9513509,1.0,4.0,4.0,2023-04-27,4,27,3,0,0,0,0,1,0,0,1,0,1
TXN_9514452,5.0,2.0,10.0,2023-07-29,7,29,5,1,0,0,0,0,0,0,1,0,1
TXN_9514836,3.0,2.0,6.0,2023-03-29,3,29,2,1,0,0,0,0,0,0,0,1,0
TXN_9514996,2.0,4.0,8.0,2023-07-25,7,25,1,0,0,0,0,1,0,0,1,0,1
TXN_9517146,5.0,5.0,25.0,2023-10-30,10,30,0,0,0,0,1,0,0,0,0,0,1
TXN_9517380,4.0,1.5,6.0,2023-10-29,10,29,6,0,0,0,0,0,0,1,0,0,0
TXN_9517548,3.0,2.0,6.0,2023-01-25,1,25,2,1,0,0,0,0,0,0,0,0,1
TXN_9518691,2.0,5.0,10.0,2023-03-30,3,30,3,0,0,0,1,0,0,0,1,0,1
TXN_9520855,4.0,3.0,12.0,2023-01-11,1,11,2,0,0,0,0,0,0,0,1,0,1
TXN_9522045,3.0,2.0,6.0,2023-05-30,5,30,1,1,0,0,0,0,0,0,0,1,1
TXN_9522690,4.0,1.0,4.0,2023-07-23,7,23,6,0,1,0,0,0,0,0,1,0,0
TXN_9523335,4.0,1.0,4.0,2023-01-29,1,29,6,0,1,0,0,0,0,0,1,0,1
TXN_9523369,3.0,2.0,6.0,2023-08-25,8,25,4,1,0,0,0,0,0,0,0,1,1
TXN_9525078,5.0,5.0,25.0,2023-07-23,7,23,6,0,0,0,1,0,0,0,0,1,1
TXN_9526867,2.0,1.0,2.0,2023-10-21,10,21,5,0,1,0,0,0,0,0,0,1,1
TXN_9529846,5.0,4.0,20.0,2023-09-23,9,23,5,0,0,0,0,0,1,0,0,1,0
TXN_9530003,1.0,5.0,5.0,2023-08-24,8,24,3,0,0,0,1,0,0,0,0,1,0
TXN_9531201,2.0,4.0,8.0,2023-05-28,5,28,6,0,0,0,0,1,0,0,0,1,0
TXN_9531434,1.0,1.0,1.0,2023-10-09,10,9,0,0,1,0,0,0,0,0,1,0,1
TXN_9531812,2.0,4.0,8.0,2023-02-04,2,4,5,0,0,0,0,1,0,0,0,1,0
TXN_9533792,3.0,1.0,3.0,2023-09-01,9,1,4,0,1,0,0,0,0,0,0,1,0
TXN_9534685,1.0,5.0,5.0,2023-04-27,4,27,3,0,0,0,1,0,0,0,0,1,1
TXN_9535721,5.0,3.0,15.0,2023-08-03,8,3,3,0,0,0,0,0,0,0,0,1,0
TXN_9536472,5.0,3.0,15.0,2023-11-12,11,12,6,0,0,1,0,0,0,0,0,1,1
TXN_9537106,3.0,4.0,12.0,2023-10-11,10,11,2,0,0,0,0,1,0,0,0,1,1
TXN_9538738,4.0,2.0,8.0,2023-09-25,9,25,0,1,0,0,0,0,0,0,0,0,0
TXN_9540340,2.0,4.0,8.0,2023-11-15,11,15,2,0,0,0,0,1,0,0,0,0,0
TXN_9540864,2.0,1.0,2.0,2023-08-07,8,7,0,0,1,0,0,0,0,0,0,1,1
TXN_9541057,4.0,3.0,12.0,2023-04-24,4,24,0,0,0,1,0,0,0,0,0,0,0
TXN_9544977,4.0,1.0,4.0,2023-07-04,7,4,1,0,1,0,0,0,0,0,0,1,0
TXN_9546556,5.0,3.0,15.0,2023-08-18,8,18,4,0,0,0,0,0,0,0,0,0,0
TXN_9546951,4.0,4.0,16.0,2023-12-14,12,14,3,0,0,0,0,1,0,0,0,1,0
TXN_9547091,3.0,1.0,3.0,2023-10-08,10,8,6,0,1,0,0,0,0,0,1,0,1
TXN_9547654,2.0,1.0,2.0,2023-11-19,11,19,6,0,1,0,0,0,0,0,0,1,0
TXN_9548077,2.0,1.5,3.0,2023-07-05,7,5,2,0,0,0,0,0,0,1,0,0,0
TXN_9549021,2.0,5.0,10.0,2023-11-25,11,25,5,0,0,0,1,0,0,0,1,0,0
TXN_9549208,1.0,2.0,2.0,2023-10-30,10,30,0,1,0,0,0,0,0,0,0,1,0
TXN_9549381,1.0,3.0,3.0,2023-11-23,11,23,3,0,0,1,0,0,0,0,0,1,0
TXN_9550508,5.0,4.0,20.0,2023-11-18,11,18,5,0,0,0,0,0,1,0,0,1,1
TXN_9550629,1.0,4.0,4.0,2023-02-06,2,6,0,0,0,0,0,0,1,0,0,0,0
TXN_9550664,2.0,5.0,10.0,2023-06-29,6,29,3,0,0,0,1,0,0,0,0,1,1
TXN_9551491,1.0,5.0,5.0,2023-07-13,7,13,3,0,0,0,1,0,0,0,0,1,0
TXN_9551638,3.0,5.0,15.0,2023-06-25,6,25,6,0,0,0,1,0,0,0,0,0,1
TXN_9552845,3.0,4.0,12.0,2023-02-18,2,18,5,0,0,0,0,1,0,0,0,0,1
TXN_9553579,2.0,3.0,6.0,2023-10-03,10,3,1,0,0,0,0,0,0,0,1,0,0
TXN_9554670,4.0,3.0,12.0,2023-06-20,6,20,1,0,0,1,0,0,0,0,1,0,0
TXN_9555291,3.0,4.0,12.0,2023-09-21,9,21,3,0,0,0,0,0,1,0,1,0,1
TXN_9555958,4.0,4.0,16.0,2023-09-30,9,30,5,0,0,0,0,0,1,0,0,1,1
TXN_9561380,1.0,4.0,4.0,2023-08-11,8,11,4,0,0,0,0,1,0,0,0,1,1
TXN_9561441,5.0,1.5,7.5,2023-11-11,11,11,5,0,0,0,0,0,0,1,0,0,0
TXN_9561832,3.0,4.0,12.0,2023-10-29,10,29,6,0,0,0,0,1,0,0,0,1,0
TXN_9563024,3.0,1.0,3.0,2023-09-27,9,27,2,0,1,0,0,0,0,0,0,1,0
TXN_9563685,1.0,5.0,5.0,2023-07-28,7,28,4,0,0,0,1,0,0,0,1,0,0
TXN_9564123,4.0,3.0,12.0,2023-03-23,3,23,3,0,0,0,0,0,0,0,1,0,0
TXN_9564495,4.0,3.0,12.0,2023-08-01,8,1,1,0,0,0,0,0,0,0,0,1,1
TXN_9565246,5.0,2.0,10.0,2023-12-28,12,28,3,1,0,0,0,0,0,0,0,0,1
TXN_9565465,3.0,1.5,4.5,2023-12-26,12,26,1,0,0,0,0,0,0,1,1,0,0
TXN_9566593,2.0,3.0,6.0,2023-09-30,9,30,5,0,0,0,0,0,0,0,0,1,0
TXN_9567719,5.0,4.0,20.0,2023-01-24,1,24,1,0,0,0,0,1,0,0,0,1,0
TXN_9567915,1.0,3.0,3.0,2023-06-30,6,30,4,0,0,0,0,0,0,0,0,1,1
TXN_9571019,2.0,2.0,4.0,2023-06-22,6,22,3,1,0,0,0,0,0,0,0,0,0
TXN_9575926,3.0,4.0,12.0,2023-12-12,12,12,1,0,0,0,0,1,0,0,1,0,0
TXN_9576057,5.0,1.5,7.5,2023-03-03,3,3,4,0,0,0,0,0,0,1,0,1,1
TXN_9576454,1.0,3.0,3.0,2023-09-23,9,23,5,0,0,1,0,0,0,0,1,0,0
TXN_9577271,5.0,4.0,20.0,2023-09-30,9,30,5,0,0,0,0,1,0,0,0,0,0
TXN_9577339,2.0,3.0,6.0,2023-03-10,3,10,4,0,0,0,0,0,0,0,0,1,0
TXN_9579181,1.0,4.0,4.0,2023-05-24,5,24,2,0,0,0,0,1,0,0,0,1,0
TXN_9579637,4.0,1.5,6.0,2023-06-26,6,26,0,0,0,0,0,0,0,1,0,1,0
TXN_9579691,5.0,1.0,5.0,2023-01-16,1,16,0,0,1,0,0,0,0,0,1,0,0
TXN_9579740,3.0,3.0,9.0,2023-03-05,3,5,6,0,0,0,0,0,0,0,0,1,1
TXN_9579984,5.0,5.0,25.0,2023-12-25,12,25,0,0,0,0,1,0,0,0,1,0,0
TXN_9580673,2.0,3.0,6.0,2023-06-25,6,25,6,0,0,1,0,0,0,0,1,0,0
TXN_9582506,2.0,1.0,2.0,2023-04-28,4,28,4,0,1,0,0,0,0,0,1,0,1
TXN_9582818,1.0,4.0,4.0,2023-10-27,10,27,4,0,0,0,0,0,1,0,0,0,0
TXN_9583176,5.0,1.0,5.0,2023-05-03,5,3,2,0,1,0,0,0,0,0,0,1,0
TXN_9587015,3.0,5.0,15.0,2023-06-25,6,25,6,0,0,0,1,0,0,0,0,1,0
TXN_9587445,4.0,2.0,8.0,2023-08-24,8,24,3,1,0,0,0,0,0,0,0,1,0
TXN_9587704,5.0,3.0,15.0,2023-07-29,7,29,5,0,0,1,0,0,0,0,0,0,1
TXN_9587814,3.0,3.0,9.0,2023-01-25,1,25,2,0,0,1,0,0,0,0,0,0,0
TXN_9587884,2.0,1.5,3.0,2023-01-05,1,5,3,0,0,0,0,0,0,1,1,0,1
TXN_9590819,3.0,2.0,6.0,2023-11-21,11,21,1,1,0,0,0,0,0,0,0,1,0
TXN_9592941,5.0,1.5,7.5,2023-04-08,4,8,5,0,0,0,0,0,0,1,0,1,0
TXN_9596023,5.0,2.0,10.0,2023-11-30,11,30,3,1,0,0,0,0,0,0,0,1,1
TXN_9596100,4.0,3.0,12.0,2023-05-04,5,4,3,0,0,1,0,0,0,0,0,0,1
TXN_9597063,2.0,2.0,4.0,2023-07-20,7,20,3,1,0,0,0,0,0,0,0,1,0
TXN_9598764,2.0,3.0,6.0,2023-09-06,9,6,2,0,0,1,0,0,0,0,1,0,0
TXN_9599703,2.0,3.0,6.0,2023-09-25,9,25,0,0,0,0,0,0,0,0,0,1,0
TXN_9600016,4.0,1.0,4.0,2023-05-06,5,6,5,0,1,0,0,0,0,0,0,1,1
TXN_9601220,3.0,1.0,3.0,2023-04-20,4,20,3,0,1,0,0,0,0,0,0,1,1
TXN_9603131,5.0,4.0,20.0,2023-08-19,8,19,5,0,0,0,0,0,1,0,0,1,0
TXN_9603263,5.0,1.0,5.0,2023-05-02,5,2,1,0,1,0,0,0,0,0,0,0,0
TXN_9603773,2.0,1.0,2.0,2023-10-10,10,10,1,0,1,0,0,0,0,0,1,0,0
TXN_9603912,5.0,3.0,15.0,2023-12-23,12,23,5,0,0,1,0,0,0,0,0,1,1
TXN_9605972,3.0,3.0,9.0,2023-09-30,9,30,5,0,0,0,0,0,0,0,0,1,1
TXN_9606045,2.0,1.5,3.0,2023-10-14,10,14,5,0,0,0,0,0,0,1,0,1,0
TXN_9607633,2.0,1.0,2.0,2023-08-25,8,25,4,0,1,0,0,0,0,0,0,1,1
TXN_9608095,1.0,2.0,2.0,2023-12-07,12,7,3,1,0,0,0,0,0,0,1,0,0
TXN_9608271,2.0,2.0,4.0,2023-10-24,10,24,1,1,0,0,0,0,0,0,0,1,0
TXN_9610933,3.0,1.5,4.5,2023-05-20,5,20,5,0,0,0,0,0,0,1,0,0,0
TXN_9612533,2.0,3.0,6.0,2023-01-26,1,26,3,0,0,0,0,0,0,0,0,1,0
TXN_9612877,1.0,4.0,4.0,2023-03-07,3,7,1,0,0,0,0,0,1,0,0,0,0
TXN_9614646,3.0,2.0,6.0,2023-03-18,3,18,5,1,0,0,0,0,0,0,1,0,0
TXN_9616828,2.0,2.0,4.0,2023-12-20,12,20,2,1,0,0,0,0,0,0,0,1,1
TXN_9617421,1.0,1.5,1.5,2023-08-21,8,21,0,0,0,0,0,0,0,1,0,1,0
TXN_9617454,1.0,4.0,4.0,2023-08-22,8,22,1,0,0,0,0,0,1,0,0,1,1
TXN_9618563,1.0,4.0,4.0,2023-02-24,2,24,4,0,0,0,0,0,1,0,0,1,1
TXN_9618881,5.0,2.0,10.0,2023-02-15,2,15,2,1,0,0,0,0,0,0,0,1,0
TXN_9618962,3.0,2.0,6.0,2023-11-08,11,8,2,1,0,0,0,0,0,0,1,0,1
TXN_9619442,4.0,3.0,12.0,2023-05-23,5,23,1,0,0,0,0,0,0,0,0,1,0
TXN_9620080,4.0,3.0,12.0,2023-10-02,10,2,0,0,0,1,0,0,0,0,0,1,1
TXN_9622300,1.0,5.0,5.0,2023-06-23,6,23,4,0,0,0,1,0,0,0,0,0,1
TXN_9623460,3.0,4.0,12.0,2023-01-17,1,17,1,0,0,0,0,1,0,0,0,1,0
TXN_9625287,2.0,3.0,6.0,2023-07-08,7,8,5,0,0,1,0,0,0,0,0,0,0
TXN_9626053,1.0,5.0,5.0,2023-08-11,8,11,4,0,0,0,1,0,0,0,0,0,1
TXN_9626624,3.0,4.0,12.0,2023-10-10,10,10,1,0,0,0,0,0,1,0,0,0,0
TXN_9626920,2.0,1.5,3.0,2023-12-16,12,16,5,0,0,0,0,0,0,1,1,0,0
TXN_9627891,2.0,2.0,4.0,2023-01-09,1,9,0,1,0,0,0,0,0,0,1,0,0
TXN_9629256,4.0,3.0,12.0,2023-11-07,11,7,1,0,0,0,0,0,0,0,0,1,0
TXN_9629448,2.0,1.5,3.0,2023-02-22,2,22,2,0,0,0,0,0,0,1,0,1,0
TXN_9629541,5.0,4.0,20.0,2023-12-18,12,18,0,0,0,0,0,1,0,0,0,1,0
TXN_9630958,5.0,4.0,20.0,2023-12-26,12,26,1,0,0,0,0,0,1,0,0,1,0
TXN_9632482,2.0,3.0,6.0,2023-08-27,8,27,6,0,0,0,0,0,0,0,1,0,0
TXN_9638367,1.0,2.0,2.0,2023-07-22,7,22,5,1,0,0,0,0,0,0,0,1,1
TXN_9639025,5.0,2.0,10.0,2023-12-06,12,6,2,1,0,0,0,0,0,0,0,1,0
TXN_9639089,4.0,3.0,12.0,2023-05-14,5,14,6,0,0,1,0,0,0,0,1,0,0
TXN_9639317,3.0,3.0,9.0,2023-12-28,12,28,3,0,0,0,0,0,0,0,0,0,1
TXN_9640865,2.0,1.0,2.0,2023-03-18,3,18,5,0,1,0,0,0,0,0,0,0,1
TXN_9641364,3.0,1.0,3.0,2023-03-04,3,4,5,0,1,0,0,0,0,0,0,1,0
TXN_9642066,3.0,4.0,12.0,2023-08-31,8,31,3,0,0,0,0,1,0,0,1,0,0
TXN_9643180,2.0,2.0,4.0,2023-06-10,6,10,5,1,0,0,0,0,0,0,0,0,0
TXN_9643918,3.0,1.0,3.0,2023-07-21,7,21,4,0,1,0,0,0,0,0,1,0,0
TXN_9644830,1.0,1.0,1.0,2023-11-24,11,24,4,0,1,0,0,0,0,0,0,1,0
TXN_9646000,2.0,3.0,6.0,2023-12-14,12,14,3,0,0,0,0,0,0,0,0,1,0
TXN_9646452,5.0,3.0,15.0,2023-09-16,9,16,5,0,0,1,0,0,0,0,1,0,0
TXN_9647494,2.0,4.0,8.0,2023-10-21,10,21,5,0,0,0,0,0,1,0,1,0,1
TXN_9648941,2.0,2.0,4.0,2023-06-30,6,30,4,1,0,0,0,0,0,0,0,0,1
TXN_9649503,1.0,3.0,3.0,2023-01-02,1,2,0,0,0,0,0,0,0,0,1,0,1
TXN_9649878,5.0,3.0,15.0,2023-12-24,12,24,6,0,0,0,0,0,0,0,0,0,1
TXN_9653377,2.0,4.0,8.0,2023-07-31,7,31,0,0,0,0,0,1,0,0,0,1,1
TXN_9653700,1.0,3.0,3.0,2023-03-12,3,12,6,0,0,1,0,0,0,0,1,0,1
TXN_9655021,3.0,2.0,6.0,2023-04-22,4,22,5,1,0,0,0,0,0,0,0,1,1
TXN_9655661,1.0,3.0,3.0,2023-06-07,6,7,2,0,0,1,0,0,0,0,0,1,1
TXN_9656325,2.0,2.0,4.0,2023-03-31,3,31,4,1,0,0,0,0,0,0,1,0,1
TXN_9657636,1.0,3.0,3.0,2023-07-08,7,8,5,0,0,0,0,0,0,0,0,0,1
TXN_9657902,1.0,3.0,3.0,2023-10-30,10,30,0,0,0,1,0,0,0,0,0,1,0
TXN_9657957,2.0,4.0,8.0,2023-11-27,11,27,0,0,0,0,0,0,1,0,0,1,0
TXN_9658354,3.0,1.5,4.5,2023-11-12,11,12,6,0,0,0,0,0,0,1,1,0,0
TXN_9658905,5.0,1.5,7.5,2023-05-16,5,16,1,0,0,0,0,0,0,1,0,0,1
TXN_9659401,3.0,1.0,3.0,2023-06-02,6,2,4,0,1,0,0,0,0,0,0,1,1
TXN_9660030,5.0,3.0,15.0,2023-11-24,11,24,4,0,0,0,0,0,0,0,1,0,0
TXN_9660362,2.0,3.0,6.0,2023-08-16,8,16,2,0,0,0,0,0,0,0,1,0,1
TXN_9660737,5.0,1.0,5.0,2023-05-19,5,19,4,0,1,0,0,0,0,0,0,0,1
TXN_9662568,5.0,1.5,7.5,2023-10-30,10,30,0,0,0,0,0,0,0,1,0,0,1
TXN_9662632,4.0,5.0,20.0,2023-08-10,8,10,3,0,0,0,1,0,0,0,0,1,0
TXN_9662827,1.0,1.5,1.5,2023-09-30,9,30,5,0,0,0,0,0,0,1,0,1,1
TXN_9663098,2.0,3.0,6.0,2023-06-10,6,10,5,0,0,1,0,0,0,0,0,0,0
TXN_9663990,1.0,3.0,3.0,2023-01-06,1,6,4,0,0,1,0,0,0,0,0,1,0
TXN_9664173,1.0,4.0,4.0,2023-03-20,3,20,0,0,0,0,0,1,0,0,0,0,0
TXN_9665245,1.0,1.0,1.0,2023-10-17,10,17,1,0,1,0,0,0,0,0,1,0,1
TXN_9666257,2.0,3.0,6.0,2023-09-27,9,27,2,0,0,1,0,0,0,0,0,1,0
TXN_9667219,4.0,3.0,12.0,2023-10-09,10,9,0,0,0,1,0,0,0,0,0,0,0
TXN_9667721,5.0,1.5,7.5,2023-04-29,4,29,5,0,0,0,0,0,0,1,1,0,1
TXN_9668108,1.0,3.0,3.0,2023-01-20,1,20,4,0,0,0,0,0,0,0,0,0,0
TXN_9668265,3.0,1.0,3.0,2023-06-20,6,20,1,0,1,0,0,0,0,0,1,0,1
TXN_9668584,2.0,1.0,2.0,2023-12-13,12,13,2,0,1,0,0,0,0,0,0,1,0
TXN_9669616,4.0,2.0,8.0,2023-06-03,6,3,5,1,0,0,0,0,0,0,0,1,0
TXN_9669749,4.0,5.0,20.0,2023-03-26,3,26,6,0,0,0,1,0,0,0,1,0,1
TXN_9672367,2.0,1.0,2.0,2023-12-21,12,21,3,0,1,0,0,0,0,0,0,1,0
TXN_9673343,2.0,4.0,8.0,2023-06-22,6,22,3,0,0,0,0,1,0,0,0,0,0
TXN_9673685,1.0,5.0,5.0,2023-12-11,12,11,0,0,0,0,1,0,0,0,0,0,0
TXN_9675838,2.0,3.0,6.0,2023-02-06,2,6,0,0,0,0,0,0,0,0,0,1,1
TXN_9675940,5.0,3.0,15.0,2023-06-02,6,2,4,0,0,1,0,0,0,0,1,0,0
TXN_9676096,3.0,3.0,9.0,2023-04-05,4,5,2,0,0,0,0,0,0,0,0,1,1
TXN_9676940,2.0,3.0,6.0,2023-08-16,8,16,2,0,0,1,0,0,0,0,1,0,1
TXN_9677376,4.0,4.0,16.0,2023-08-15,8,15,1,0,0,0,0,0,1,0,0,1,0
TXN_9678108,3.0,5.0,15.0,2023-10-10,10,10,1,0,0,0,1,0,0,0,0,1,1
TXN_9679675,1.0,2.0,2.0,2023-07-07,7,7,4,1,0,0,0,0,0,0,0,0,1
TXN_9679889,3.0,4.0,12.0,2023-06-18,6,18,6,0,0,0,0,1,0,0,1,0,0
TXN_9680054,3.0,3.0,9.0,2023-03-14,3,14,1,0,0,0,0,0,0,0,0,1,0
TXN_9681369,5.0,5.0,25.0,2023-10-23,10,23,0,0,0,0,1,0,0,0,0,0,1
TXN_9681880,3.0,2.0,6.0,2023-03-21,3,21,1,1,0,0,0,0,0,0,0,0,0
TXN_9682798,3.0,3.0,9.0,2023-09-15,9,15,4,0,0,0,0,0,0,0,0,0,0
TXN_9684465,5.0,3.0,15.0,2023-02-15,2,15,2,0,0,0,0,0,0,0,1,0,1
TXN_9684822,1.0,3.0,3.0,2023-11-18,11,18,5,0,0,1,0,0,0,0,0,1,0
TXN_9685326,3.0,4.0,12.0,2023-04-07,4,7,4,0,0,0,0,0,1,0,0,1,1
TXN_9685491,4.0,2.0,8.0,2023-09-20,9,20,2,1,0,0,0,0,0,0,0,0,1
TXN_9685716,2.0,1.0,2.0,2023-02-26,2,26,6,0,1,0,0,0,0,0,0,1,1
TXN_9688601,1.0,3.0,3.0,2023-10-16,10,16,0,0,0,1,0,0,0,0,0,1,0
TXN_9689507,3.0,5.0,15.0,2023-06-10,6,10,5,0,0,0,1,0,0,0,0,0,0
TXN_9690114,2.0,2.0,4.0,2023-12-01,12,1,4,1,0,0,0,0,0,0,1,0,1
TXN_9690711,2.0,1.0,2.0,2023-09-13,9,13,2,0,1,0,0,0,0,0,1,0,0
TXN_9691018,2.0,4.0,8.0,2023-07-21,7,21,4,0,0,0,0,1,0,0,0,1,0
TXN_9691151,4.0,2.0,8.0,2023-08-23,8,23,2,1,0,0,0,0,0,0,0,1,0
TXN_9691364,3.0,1.0,3.0,2023-03-02,3,2,3,0,1,0,0,0,0,0,1,0,0
TXN_9691873,2.0,3.0,6.0,2023-02-15,2,15,2,0,0,1,0,0,0,0,0,1,1
TXN_9691955,3.0,3.0,9.0,2023-11-03,11,3,4,0,0,1,0,0,0,0,1,0,0
TXN_9693344,4.0,1.5,6.0,2023-01-15,1,15,6,0,0,0,0,0,0,1,1,0,1
TXN_9694799,3.0,1.5,4.5,2023-04-14,4,14,4,0,0,0,0,0,0,1,0,0,1
TXN_9695128,1.0,3.0,3.0,2023-12-21,12,21,3,0,0,0,0,0,0,0,0,0,0
TXN_9696074,4.0,2.0,8.0,2023-06-24,6,24,5,1,0,0,0,0,0,0,0,1,1
TXN_9696138,3.0,3.0,9.0,2023-12-01,12,1,4,0,0,1,0,0,0,0,0,1,1
TXN_9697154,3.0,1.5,4.5,2023-10-08,10,8,6,0,0,0,0,0,0,1,1,0,0
TXN_9697670,3.0,3.0,9.0,2023-12-29,12,29,4,0,0,0,0,0,0,0,0,0,1
TXN_9699083,1.0,4.0,4.0,2023-02-12,2,12,6,0,0,0,0,0,1,0,0,0,0
TXN_9699174,3.0,4.0,12.0,2023-01-03,1,3,1,0,0,0,0,0,1,0,0,1,0
TXN_9699948,5.0,2.0,10.0,2023-04-18,4,18,1,1,0,0,0,0,0,0,0,0,0
TXN_9701622,5.0,1.0,5.0,2023-09-24,9,24,6,0,1,0,0,0,0,0,0,1,0
TXN_9702662,4.0,4.0,16.0,2023-07-10,7,10,0,0,0,0,0,1,0,0,0,1,1
TXN_9703120,3.0,2.0,6.0,2023-11-02,11,2,3,1,0,0,0,0,0,0,1,0,1
TXN_9703331,2.0,3.0,6.0,2023-09-09,9,9,5,0,0,0,0,0,0,0,0,0,0
TXN_9703722,5.0,4.0,20.0,2023-01-11,1,11,2,0,0,0,0,1,0,0,0,1,1
TXN_9705971,2.0,3.0,6.0,2023-09-02,9,2,5,0,0,1,0,0,0,0,1,0,1
TXN_9706608,1.0,4.0,4.0,2023-05-22,5,22,0,0,0,0,0,0,1,0,0,0,1
TXN_9707159,5.0,3.0,15.0,2023-11-10,11,10,4,0,0,0,0,0,0,0,1,0,0
TXN_9708144,3.0,4.0,12.0,2023-04-18,4,18,1,0,0,0,0,0,1,0,0,0,1
TXN_9710307,2.0,1.5,3.0,2023-01-24,1,24,1,0,0,0,0,0,0,1,0,1,1
TXN_9710430,3.0,4.0,12.0,2023-01-10,1,10,1,0,0,0,0,1,0,0,1,0,1
TXN_9710982,4.0,4.0,16.0,2023-03-03,3,3,4,0,0,0,0,0,1,0,0,1,0
TXN_9714116,4.0,4.0,16.0,2023-11-17,11,17,4,0,0,0,0,1,0,0,0,1,0
TXN_9714665,1.0,5.0,5.0,2023-11-11,11,11,5,0,0,0,1,0,0,0,0,1,1
TXN_9715885,4.0,4.0,16.0,2023-06-16,6,16,4,0,0,0,0,0,1,0,0,0,0
TXN_9716971,4.0,5.0,20.0,2023-06-21,6,21,2,0,0,0,1,0,0,0,0,1,0
TXN_9718216,4.0,3.0,12.0,2023-07-07,7,7,4,0,0,1,0,0,0,0,0,1,1
TXN_9719921,5.0,5.0,25.0,2023-07-28,7,28,4,0,0,0,1,0,0,0,1,0,0
TXN_9720012,5.0,4.0,20.0,2023-09-25,9,25,0,0,0,0,0,0,1,0,0,0,0
TXN_9720549,1.0,1.0,1.0,2023-07-30,7,30,6,0,1,0,0,0,0,0,1,0,0
TXN_9723120,5.0,1.5,7.5,2023-01-26,1,26,3,0,0,0,0,0,0,1,1,0,1
TXN_9723314,4.0,2.0,8.0,2023-10-10,10,10,1,1,0,0,0,0,0,0,0,0,0
TXN_9725369,3.0,2.0,6.0,2023-02-10,2,10,4,1,0,0,0,0,0,0,0,1,1
TXN_9725461,3.0,4.0,12.0,2023-11-25,11,25,5,0,0,0,0,0,1,0,1,0,0
TXN_9728062,1.0,2.0,2.0,2023-05-01,5,1,0,1,0,0,0,0,0,0,0,0,0
TXN_9728414,1.0,1.5,1.5,2023-01-11,1,11,2,0,0,0,0,0,0,1,1,0,1
TXN_9728454,4.0,3.0,12.0,2023-01-03,1,3,1,0,0,1,0,0,0,0,0,1,1
TXN_9728789,3.0,1.0,3.0,2023-03-29,3,29,2,0,1,0,0,0,0,0,0,0,0
TXN_9729178,3.0,2.0,6.0,2023-05-28,5,28,6,1,0,0,0,0,0,0,1,0,0
TXN_9729280,3.0,1.5,4.5,2023-11-06,11,6,0,0,0,0,0,0,0,1,1,0,0
TXN_9731164,1.0,5.0,5.0,2023-12-07,12,7,3,0,0,0,1,0,0,0,0,0,1
TXN_9731530,4.0,1.5,6.0,2023-06-23,6,23,4,0,0,0,0,0,0,1,1,0,1
TXN_9731999,4.0,4.0,16.0,2023-11-26,11,26,6,0,0,0,0,1,0,0,0,1,1
TXN_9732454,5.0,4.0,20.0,2023-07-28,7,28,4,0,0,0,0,0,1,0,0,0,0
TXN_9737090,3.0,4.0,12.0,2023-06-01,6,1,3,0,0,0,0,1,0,0,0,1,0
TXN_9737509,5.0,1.5,7.5,2023-11-27,11,27,0,0,0,0,0,0,0,1,0,1,0
TXN_9738339,1.0,3.0,3.0,2023-07-09,7,9,6,0,0,1,0,0,0,0,0,0,0
TXN_9738758,1.0,2.0,2.0,2023-12-31,12,31,6,1,0,0,0,0,0,0,0,0,0
TXN_9743274,5.0,1.5,7.5,2023-01-25,1,25,2,0,0,0,0,0,0,1,0,1,0
TXN_9744862,4.0,3.0,12.0,2023-09-19,9,19,1,0,0,1,0,0,0,0,0,0,0
TXN_9745609,3.0,5.0,15.0,2023-02-05,2,5,6,0,0,0,1,0,0,0,0,1,0
TXN_9749175,1.0,3.0,3.0,2023-09-07,9,7,3,0,0,0,0,0,0,0,1,0,0
TXN_9749333,5.0,1.0,5.0,2023-02-27,2,27,0,0,1,0,0,0,0,0,0,0,0
TXN_9749790,3.0,1.5,4.5,2023-10-17,10,17,1,0,0,0,0,0,0,1,0,1,1
TXN_9752207,4.0,4.0,16.0,2023-10-15,10,15,6,0,0,0,0,1,0,0,0,1,0
TXN_9752586,2.0,1.5,3.0,2023-06-14,6,14,2,0,0,0,0,0,0,1,0,1,1
TXN_9755352,5.0,4.0,20.0,2023-05-13,5,13,5,0,0,0,0,1,0,0,1,0,0
TXN_9756401,3.0,5.0,15.0,2023-02-04,2,4,5,0,0,0,1,0,0,0,0,0,0
TXN_9759221,3.0,2.0,6.0,2023-06-23,6,23,4,1,0,0,0,0,0,0,0,0,1
TXN_9759896,4.0,1.5,6.0,2023-12-02,12,2,5,0,0,0,0,0,0,1,1,0,1
TXN_9761314,4.0,4.0,16.0,2023-12-14,12,14,3,0,0,0,0,0,1,0,1,0,1
TXN_9762035,1.0,4.0,4.0,2023-08-21,8,21,0,0,0,0,0,0,1,0,0,0,1
TXN_9762385,3.0,1.5,4.5,2023-05-19,5,19,4,0,0,0,0,0,0,1,0,1,1
TXN_9764251,4.0,1.0,4.0,2023-06-18,6,18,6,0,1,0,0,0,0,0,1,0,1
TXN_9769410,1.0,5.0,5.0,2023-07-22,7,22,5,0,0,0,1,0,0,0,0,0,0
TXN_9772498,4.0,3.0,12.0,2023-08-21,8,21,0,0,0,0,0,0,0,0,0,0,0
TXN_9772556,5.0,2.0,10.0,2023-10-20,10,20,4,1,0,0,0,0,0,0,0,1,1
TXN_9773606,2.0,1.5,3.0,2023-12-04,12,4,0,0,0,0,0,0,0,1,0,0,1
TXN_9773646,4.0,3.0,12.0,2023-04-01,4,1,5,0,0,0,0,0,0,0,1,0,1
TXN_9774186,3.0,1.5,4.5,2023-07-03,7,3,0,0,0,0,0,0,0,1,0,1,0
TXN_9774251,2.0,3.0,6.0,2023-06-16,6,16,4,0,0,0,0,0,0,0,0,1,1
TXN_9774691,3.0,3.0,9.0,2023-04-11,4,11,1,0,0,0,0,0,0,0,1,0,1
TXN_9775900,4.0,3.0,12.0,2023-08-29,8,29,1,0,0,1,0,0,0,0,0,1,0
TXN_9775984,2.0,3.0,6.0,2023-10-09,10,9,0,0,0,1,0,0,0,0,1,0,0
TXN_9778251,4.0,1.5,6.0,2023-11-09,11,9,3,0,0,0,0,0,0,1,0,1,1
TXN_9778859,3.0,1.0,3.0,2023-06-05,6,5,0,0,1,0,0,0,0,0,0,0,1
TXN_9781679,2.0,4.0,8.0,2023-09-08,9,8,4,0,0,0,0,1,0,0,1,0,1
TXN_9781961,1.0,2.0,2.0,2023-12-01,12,1,4,1,0,0,0,0,0,0,1,0,0
TXN_9782087,4.0,4.0,16.0,2023-07-27,7,27,3,0,0,0,0,1,0,0,1,0,0
TXN_9783452,3.0,3.0,9.0,2023-04-11,4,11,1,0,0,1,0,0,0,0,0,0,0
TXN_9783697,1.0,4.0,4.0,2023-07-14,7,14,4,0,0,0,0,1,0,0,0,1,1
TXN_9786525,5.0,3.0,15.0,2023-02-19,2,19,6,0,0,0,0,0,0,0,0,1,1
TXN_9788956,4.0,3.0,12.0,2023-04-11,4,11,1,0,0,1,0,0,0,0,0,0,1
TXN_9789310,4.0,4.0,16.0,2023-05-09,5,9,1,0,0,0,0,1,0,0,1,0,0
TXN_9789876,4.0,5.0,20.0,2023-09-05,9,5,1,0,0,0,1,0,0,0,0,0,1
TXN_9790731,2.0,3.0,6.0,2023-06-02,6,2,4,0,0,0,0,0,0,0,0,1,0
TXN_9791421,1.0,4.0,4.0,2023-07-15,7,15,5,0,0,0,0,1,0,0,0,0,1
TXN_9792093,1.0,4.0,4.0,2023-09-28,9,28,3,0,0,0,0,1,0,0,0,1,0
TXN_9792412,4.0,1.5,6.0,2023-06-15,6,15,3,0,0,0,0,0,0,1,0,1,1
TXN_9793353,3.0,2.0,6.0,2023-08-21,8,21,0,1,0,0,0,0,0,0,1,0,1
TXN_9793806,3.0,1.5,4.5,2023-04-25,4,25,1,0,0,0,0,0,0,1,0,1,1
TXN_9798525,2.0,2.0,4.0,2023-11-05,11,5,6,1,0,0,0,0,0,0,0,1,1
TXN_9799633,4.0,3.0,12.0,2023-11-07,11,7,1,0,0,1,0,0,0,0,0,0,0
TXN_9799798,5.0,2.0,10.0,2023-05-23,5,23,1,1,0,0,0,0,0,0,1,0,1
TXN_9800351,3.0,1.5,4.5,2023-06-16,6,16,4,0,0,0,0,0,0,1,0,0,1
TXN_9801552,4.0,4.0,16.0,2023-04-20,4,20,3,0,0,0,0,1,0,0,1,0,1
TXN_9802771,2.0,4.0,8.0,2023-02-11,2,11,5,0,0,0,0,0,1,0,0,1,0
TXN_9802838,1.0,1.5,1.5,2023-02-15,2,15,2,0,0,0,0,0,0,1,0,1,1
TXN_9803409,4.0,1.0,4.0,2023-01-24,1,24,1,0,1,0,0,0,0,0,0,0,0
TXN_9809696,1.0,4.0,4.0,2023-01-05,1,5,3,0,0,0,0,0,1,0,0,1,1
TXN_9810581,1.0,3.0,3.0,2023-11-20,11,20,0,0,0,1,0,0,0,0,0,0,0
TXN_9810604,2.0,3.0,6.0,2023-04-02,4,2,6,0,0,0,0,0,0,0,0,1,1
TXN_9810868,1.0,1.0,1.0,2023-10-05,10,5,3,0,1,0,0,0,0,0,1,0,1
TXN_9811007,5.0,1.0,5.0,2023-03-07,3,7,1,0,1,0,0,0,0,0,1,0,1
TXN_9811033,3.0,1.0,3.0,2023-11-30,11,30,3,0,1,0,0,0,0,0,0,0,1
TXN_9812021,5.0,1.5,7.5,2023-02-12,2,12,6,0,0,0,0,0,0,1,1,0,0
TXN_9813095,2.0,3.0,6.0,2023-06-12,6,12,0,0,0,1,0,0,0,0,0,0,0
TXN_9813938,5.0,4.0,20.0,2023-06-30,6,30,4,0,0,0,0,1,0,0,0,0,0
TXN_9813943,2.0,5.0,10.0,2023-04-06,4,6,3,0,0,0,1,0,0,0,0,0,0
TXN_9814511,1.0,3.0,3.0,2023-01-05,1,5,3,0,0,1,0,0,0,0,1,0,1
TXN_9814929,3.0,3.0,9.0,2023-10-01,10,1,6,0,0,0,0,0,0,0,0,1,0
TXN_9815454,5.0,3.0,15.0,2023-12-05,12,5,1,0,0,1,0,0,0,0,0,1,1
TXN_9815521,3.0,4.0,12.0,2023-05-26,5,26,4,0,0,0,0,1,0,0,1,0,0
TXN_9816901,2.0,2.0,4.0,2023-12-07,12,7,3,1,0,0,0,0,0,0,0,0,0
TXN_9817102,3.0,2.0,6.0,2023-02-22,2,22,2,1,0,0,0,0,0,0,1,0,0
TXN_9817135,1.0,5.0,5.0,2023-03-25,3,25,5,0,0,0,1,0,0,0,0,1,0
TXN_9817602,2.0,4.0,8.0,2023-12-26,12,26,1,0,0,0,0,1,0,0,1,0,1
TXN_9818163,2.0,1.5,3.0,2023-10-23,10,23,0,0,0,0,0,0,0,1,0,1,1
TXN_9818498,3.0,4.0,12.0,2023-09-01,9,1,4,0,0,0,0,0,1,0,1,0,1
TXN_9819697,3.0,4.0,12.0,2023-05-16,5,16,1,0,0,0,0,0,1,0,0,1,0
TXN_9822173,5.0,3.0,15.0,2023-05-22,5,22,0,0,0,0,0,0,0,0,0,1,0
TXN_9822317,3.0,1.5,4.5,2023-09-25,9,25,0,0,0,0,0,0,0,1,0,0,0
TXN_9824238,5.0,1.5,7.5,2023-07-14,7,14,4,0,0,0,0,0,0,1,0,0,0
TXN_9825905,1.0,2.0,2.0,2023-01-04,1,4,2,1,0,0,0,0,0,0,0,1,0
TXN_9826170,2.0,3.0,6.0,2023-12-06,12,6,2,0,0,1,0,0,0,0,0,0,0
TXN_9827492,3.0,1.5,4.5,2023-07-13,7,13,3,0,0,0,0,0,0,1,0,1,0
TXN_9830755,5.0,1.0,5.0,2023-06-24,6,24,5,0,1,0,0,0,0,0,0,1,1
TXN_9831537,4.0,3.0,12.0,2023-08-07,8,7,0,0,0,0,0,0,0,0,1,0,0
TXN_9833195,2.0,2.0,4.0,2023-03-03,3,3,4,1,0,0,0,0,0,0,0,0,1
TXN_9833245,1.0,1.0,1.0,2023-04-30,4,30,6,0,1,0,0,0,0,0,0,1,1
TXN_9833793,1.0,1.0,1.0,2023-12-01,12,1,4,0,1,0,0,0,0,0,0,1,1
TXN_9834329,1.0,4.0,4.0,2023-09-17,9,17,6,0,0,0,0,0,1,0,0,0,0
TXN_9834415,2.0,1.0,2.0,2023-12-28,12,28,3,0,1,0,0,0,0,0,1,0,0
TXN_9835620,2.0,3.0,6.0,2023-06-09,6,9,4,0,0,1,0,0,0,0,0,0,0
TXN_9835676,2.0,1.0,2.0,2023-03-30,3,30,3,0,1,0,0,0,0,0,0,1,1
TXN_9836829,5.0,1.0,5.0,2023-10-15,10,15,6,0,1,0,0,0,0,0,0,1,1
TXN_9836934,3.0,1.0,3.0,2023-03-13,3,13,0,0,1,0,0,0,0,0,0,1,0
TXN_9837568,5.0,5.0,25.0,2023-04-17,4,17,0,0,0,0,1,0,0,0,0,0,0
TXN_9839214,1.0,3.0,3.0,2023-12-25,12,25,0,0,0,1,0,0,0,0,0,1,0
TXN_9840274,5.0,4.0,20.0,2023-02-25,2,25,5,0,0,0,0,1,0,0,0,1,1
TXN_9841222,5.0,4.0,20.0,2023-04-23,4,23,6,0,0,0,0,1,0,0,1,0,0
TXN_9841397,4.0,2.0,8.0,2023-12-28,12,28,3,1,0,0,0,0,0,0,0,0,0
TXN_9843421,3.0,3.0,9.0,2023-09-06,9,6,2,0,0,1,0,0,0,0,0,1,0
TXN_9843811,2.0,3.0,6.0,2023-03-01,3,1,2,0,0,1,0,0,0,0,1,0,1
TXN_9844453,2.0,1.5,3.0,2023-01-09,1,9,0,0,0,0,0,0,0,1,0,1,1
TXN_9844703,2.0,1.5,3.0,2023-05-18,5,18,3,0,0,0,0,0,0,1,0,1,0
TXN_9845746,1.0,3.0,3.0,2023-09-23,9,23,5,0,0,0,0,0,0,0,0,1,0
TXN_9847116,3.0,5.0,15.0,2023-07-28,7,28,4,0,0,0,1,0,0,0,0,0,1
TXN_9849760,2.0,3.0,6.0,2023-09-01,9,1,4,0,0,0,0,0,0,0,1,0,1
TXN_9850541,4.0,1.0,4.0,2023-09-02,9,2,5,0,1,0,0,0,0,0,0,0,1
TXN_9850842,3.0,1.5,4.5,2023-01-23,1,23,0,0,0,0,0,0,0,1,0,1,0
TXN_9852820,2.0,5.0,10.0,2023-08-27,8,27,6,0,0,0,1,0,0,0,1,0,0
TXN_9853220,5.0,1.0,5.0,2023-04-02,4,2,6,0,1,0,0,0,0,0,1,0,0
TXN_9853577,2.0,4.0,8.0,2023-04-30,4,30,6,0,0,0,0,1,0,0,1,0,0
TXN_9855567,3.0,1.0,3.0,2023-05-25,5,25,3,0,1,0,0,0,0,0,1,0,0
TXN_9857674,5.0,1.5,7.5,2023-06-12,6,12,0,0,0,0,0,0,0,1,0,1,1
TXN_9857832,3.0,1.5,4.5,2023-03-31,3,31,4,0,0,0,0,0,0,1,0,0,0
TXN_9858152,2.0,4.0,8.0,2023-01-28,1,28,5,0,0,0,0,0,1,0,0,1,0
TXN_9858627,4.0,3.0,12.0,2023-01-22,1,22,6,0,0,1,0,0,0,0,0,1,1
TXN_9859715,5.0,4.0,20.0,2023-07-11,7,11,1,0,0,0,0,0,1,0,0,1,0
TXN_9860308,2.0,4.0,8.0,2023-02-20,2,20,0,0,0,0,0,0,1,0,0,1,0
TXN_9861083,5.0,4.0,20.0,2023-01-21,1,21,5,0,0,0,0,1,0,0,1,0,0
TXN_9861432,2.0,1.0,2.0,2023-12-09,12,9,5,0,1,0,0,0,0,0,0,0,1
TXN_9861782,4.0,4.0,16.0,2023-07-15,7,15,5,0,0,0,0,1,0,0,1,0,0
TXN_9863114,5.0,3.0,15.0,2023-02-01,2,1,2,0,0,1,0,0,0,0,0,1,1
TXN_9864890,3.0,4.0,12.0,2023-12-06,12,6,2,0,0,0,0,1,0,0,0,1,0
TXN_9865855,3.0,2.0,6.0,2023-04-18,4,18,1,1,0,0,0,0,0,0,0,1,1
TXN_9866728,1.0,3.0,3.0,2023-10-26,10,26,3,0,0,1,0,0,0,0,0,0,0
TXN_9867586,4.0,4.0,16.0,2023-06-02,6,2,4,0,0,0,0,0,1,0,0,1,0
TXN_9867948,2.0,4.0,8.0,2023-10-07,10,7,5,0,0,0,0,0,1,0,0,1,0
TXN_9868114,2.0,4.0,8.0,2023-11-12,11,12,6,0,0,0,0,0,1,0,1,0,0
TXN_9868382,2.0,2.0,4.0,2023-06-02,6,2,4,1,0,0,0,0,0,0,0,1,1
TXN_9869593,2.0,3.0,6.0,2023-10-03,10,3,1,0,0,0,0,0,0,0,0,1,1
TXN_9871036,1.0,4.0,4.0,2023-07-02,7,2,6,0,0,0,0,0,1,0,1,0,1
TXN_9871971,3.0,4.0,12.0,2023-10-06,10,6,4,0,0,0,0,0,1,0,0,1,1
TXN_9872258,4.0,3.0,12.0,2023-07-24,7,24,0,0,0,1,0,0,0,0,0,0,1
TXN_9874192,3.0,4.0,12.0,2023-11-30,11,30,3,0,0,0,0,0,1,0,0,1,0
TXN_9874256,3.0,3.0,9.0,2023-02-17,2,17,4,0,0,1,0,0,0,0,0,1,0
TXN_9874588,2.0,4.0,8.0,2023-06-04,6,4,6,0,0,0,0,1,0,0,0,1,1
TXN_9874775,1.0,1.5,1.5,2023-09-02,9,2,5,0,0,0,0,0,0,1,0,0,0
TXN_9875865,3.0,1.0,3.0,2023-10-23,10,23,0,0,1,0,0,0,0,0,0,1,1
TXN_9878237,1.0,3.0,3.0,2023-10-06,10,6,4,0,0,0,0,0,0,0,1,0,0
TXN_9878649,5.0,4.0,20.0,2023-09-18,9,18,0,0,0,0,0,0,1,0,0,0,1
TXN_9879996,4.0,2.0,8.0,2023-03-01,3,1,2,1,0,0,0,0,0,0,0,1,0
TXN_9880967,3.0,1.0,3.0,2023-01-15,1,15,6,0,1,0,0,0,0,0,1,0,0
TXN_9881555,5.0,3.0,15.0,2023-04-09,4,9,6,0,0,1,0,0,0,0,0,0,0
TXN_9882625,1.0,4.0,4.0,2023-03-26,3,26,6,0,0,0,0,1,0,0,0,0,0
TXN_9883214,3.0,3.0,9.0,2023-04-04,4,4,1,0,0,1,0,0,0,0,0,1,1
TXN_9884180,1.0,5.0,5.0,2023-05-19,5,19,4,0,0,0,1,0,0,0,0,0,1
TXN_9886794,1.0,3.0,3.0,2023-06-06,6,6,1,0,0,0,0,0,0,0,0,0,0
TXN_9889005,3.0,3.0,9.0,2023-12-16,12,16,5,0,0,0,0,0,0,0,0,1,1
TXN_9890279,4.0,4.0,16.0,2023-09-06,9,6,2,0,0,0,0,0,1,0,0,1,0
TXN_9890734,4.0,4.0,16.0,2023-04-17,4,17,0,0,0,0,0,0,1,0,0,1,1
TXN_9890874,5.0,4.0,20.0,2023-09-02,9,2,5,0,0,0,0,1,0,0,0,0,0
TXN_9891576,3.0,4.0,12.0,2023-04-28,4,28,4,0,0,0,0,1,0,0,0,1,1
TXN_9894204,2.0,2.0,4.0,2023-08-08,8,8,1,1,0,0,0,0,0,0,0,0,1
TXN_9894745,2.0,1.5,3.0,2023-08-28,8,28,0,0,0,0,0,0,0,1,0,0,1
TXN_9894831,5.0,3.0,15.0,2023-07-05,7,5,2,0,0,0,0,0,0,0,0,1,0
TXN_9896694,4.0,4.0,16.0,2023-02-16,2,16,3,0,0,0,0,1,0,0,0,0,1
TXN_9897215,3.0,3.0,9.0,2023-11-22,11,22,2,0,0,0,0,0,0,0,1,0,1
TXN_9897583,2.0,2.0,4.0,2023-01-20,1,20,4,1,0,0,0,0,0,0,0,1,1
TXN_9899571,2.0,5.0,10.0,2023-02-18,2,18,5,0,0,0,1,0,0,0,1,0,1
TXN_9901097,1.0,2.0,2.0,2023-01-07,1,7,5,1,0,0,0,0,0,0,0,0,1
TXN_9901424,3.0,1.0,3.0,2023-05-30,5,30,1,0,1,0,0,0,0,0,0,1,0
TXN_9904042,4.0,4.0,16.0,2023-06-09,6,9,4,0,0,0,0,0,1,0,1,0,0
TXN_9904091,4.0,5.0,20.0,2023-05-20,5,20,5,0,0,0,1,0,0,0,0,1,1
TXN_9904214,5.0,4.0,20.0,2023-03-13,3,13,0,0,0,0,0,1,0,0,0,1,1
TXN_9904505,2.0,4.0,8.0,2023-06-07,6,7,2,0,0,0,0,0,1,0,0,1,1
TXN_9904662,1.0,4.0,4.0,2023-11-19,11,19,6,0,0,0,0,0,1,0,0,1,0
TXN_9905396,1.0,5.0,5.0,2023-08-20,8,20,6,0,0,0,1,0,0,0,0,1,1
TXN_9906002,3.0,4.0,12.0,2023-07-13,7,13,3,0,0,0,0,0,1,0,0,1,0
TXN_9907306,3.0,1.0,3.0,2023-09-06,9,6,2,0,1,0,0,0,0,0,0,1,1
TXN_9907327,2.0,5.0,10.0,2023-10-07,10,7,5,0,0,0,1,0,0,0,1,0,1
TXN_9908225,5.0,4.0,20.0,2023-01-04,1,4,2,0,0,0,0,0,1,0,1,0,0
TXN_9910333,2.0,3.0,6.0,2023-09-15,9,15,4,0,0,0,0,0,0,0,0,1,0
TXN_9910573,2.0,5.0,10.0,2023-01-28,1,28,5,0,0,0,1,0,0,0,1,0,1
TXN_9911345,1.0,1.0,1.0,2023-04-14,4,14,4,0,1,0,0,0,0,0,0,1,1
TXN_9911498,4.0,2.0,8.0,2023-03-27,3,27,0,1,0,0,0,0,0,0,0,0,0
TXN_9913877,2.0,2.0,4.0,2023-05-09,5,9,1,1,0,0,0,0,0,0,1,0,1
TXN_9914084,1.0,2.0,2.0,2023-06-16,6,16,4,1,0,0,0,0,0,0,0,1,1
TXN_9914747,5.0,2.0,10.0,2023-12-05,12,5,1,1,0,0,0,0,0,0,1,0,1
TXN_9917989,4.0,4.0,16.0,2023-10-20,10,20,4,0,0,0,0,0,1,0,0,1,1
TXN_9918597,4.0,4.0,16.0,2023-10-17,10,17,1,0,0,0,0,0,1,0,0,1,0
TXN_9921277,1.0,3.0,3.0,2023-01-29,1,29,6,0,0,0,0,0,0,0,0,1,1
TXN_9921392,5.0,2.0,10.0,2023-06-28,6,28,2,1,0,0,0,0,0,0,1,0,1
TXN_9921708,1.0,3.0,3.0,2023-07-20,7,20,3,0,0,0,0,0,0,0,0,0,1
TXN_9923613,4.0,4.0,16.0,2023-11-08,11,8,2,0,0,0,0,1,0,0,0,1,0
TXN_9923860,2.0,1.0,2.0,2023-11-16,11,16,3,0,1,0,0,0,0,0,1,0,0
TXN_9923952,4.0,1.0,4.0,2023-08-08,8,8,1,0,1,0,0,0,0,0,0,1,1
TXN_9924732,2.0,4.0,8.0,2023-01-18,1,18,2,0,0,0,0,1,0,0,1,0,0
TXN_9926931,5.0,1.0,5.0,2023-01-26,1,26,3,0,1,0,0,0,0,0,0,1,1
TXN_9927061,2.0,1.0,2.0,2023-10-17,10,17,1,0,1,0,0,0,0,0,1,0,1
TXN_9927220,5.0,3.0,15.0,2023-09-14,9,14,3,0,0,1,0,0,0,0,0,0,0
TXN_9928337,1.0,3.0,3.0,2023-11-05,11,5,6,0,0,1,0,0,0,0,0,1,1
TXN_9928409,4.0,4.0,16.0,2023-06-17,6,17,5,0,0,0,0,1,0,0,1,0,0
TXN_9928552,5.0,4.0,20.0,2023-06-13,6,13,1,0,0,0,0,1,0,0,1,0,1
TXN_9929033,2.0,2.0,4.0,2023-02-17,2,17,4,1,0,0,0,0,0,0,0,0,1
TXN_9929732,4.0,4.0,16.0,2023-10-04,10,4,2,0,0,0,0,1,0,0,1,0,0
TXN_9931637,2.0,3.0,6.0,2023-09-17,9,17,6,0,0,0,0,0,0,0,0,0,1
TXN_9933628,5.0,4.0,20.0,2023-07-20,7,20,3,0,0,0,0,0,1,0,0,0,0
TXN_9934619,1.0,1.0,1.0,2023-02-11,2,11,5,0,1,0,0,0,0,0,0,1,0
TXN_9938260,4.0,4.0,16.0,2023-03-03,3,3,4,0,0,0,0,0,1,0,0,1,0
TXN_9938977,5.0,3.0,15.0,2023-12-18,12,18,0,0,0,0,0,0,0,0,0,0,0
TXN_9940220,2.0,3.0,6.0,2023-03-05,3,5,6,0,0,1,0,0,0,0,0,1,1
TXN_9940829,3.0,4.0,12.0,2023-04-04,4,4,1,0,0,0,0,0,1,0,0,1,0
TXN_9941872,3.0,5.0,15.0,2023-04-08,4,8,5,0,0,0,1,0,0,0,0,1,1
TXN_9942247,2.0,2.0,4.0,2023-10-15,10,15,6,1,0,0,0,0,0,0,0,0,1
TXN_9942517,4.0,2.0,8.0,2023-04-29,4,29,5,1,0,0,0,0,0,0,0,1,0
TXN_9942634,5.0,1.5,7.5,2023-01-17,1,17,1,0,0,0,0,0,0,1,0,0,1
TXN_9943050,1.0,1.5,1.5,2023-05-16,5,16,1,0,0,0,0,0,0,1,0,1,1
TXN_9943917,3.0,4.0,12.0,2023-01-16,1,16,0,0,0,0,0,1,0,0,1,0,0
TXN_9944141,5.0,3.0,15.0,2023-07-18,7,18,1,0,0,1,0,0,0,0,1,0,1
TXN_9944500,3.0,4.0,12.0,2023-01-03,1,3,1,0,0,0,0,0,1,0,0,0,0
TXN_9944730,1.0,1.5,1.5,2023-04-10,4,10,0,0,0,0,0,0,0,1,0,1,1
TXN_9944832,3.0,2.0,6.0,2023-12-25,12,25,0,1,0,0,0,0,0,0,0,1,1
TXN_9945457,4.0,1.0,4.0,2023-06-28,6,28,2,0,1,0,0,0,0,0,0,0,0
TXN_9945729,2.0,5.0,10.0,2023-02-03,2,3,4,0,0,0,1,0,0,0,0,1,0
TXN_9947324,2.0,4.0,8.0,2023-08-22,8,22,1,0,0,0,0,1,0,0,0,1,1
TXN_9947479,5.0,4.0,20.0,2023-09-27,9,27,2,0,0,0,0,0,1,0,0,0,1
TXN_9948425,3.0,3.0,9.0,2023-11-21,11,21,1,0,0,0,0,0,0,0,1,0,1
TXN_9948645,1.0,5.0,5.0,2023-08-29,8,29,1,0,0,0,1,0,0,0,1,0,1
TXN_9948753,2.0,1.5,3.0,2023-05-09,5,9,1,0,0,0,0,0,0,1,0,1,1
TXN_9949241,1.0,5.0,5.0,2023-07-26,7,26,2,0,0,0,1,0,0,0,0,0,0
TXN_9950775,4.0,5.0,20.0,2023-02-20,2,20,0,0,0,0,1,0,0,0,1,0,1
TXN_9951411,1.0,2.0,2.0,2023-08-09,8,9,2,1,0,0,0,0,0,0,0,0,0
TXN_9952441,1.0,4.0,4.0,2023-09-05,9,5,1,0,0,0,0,0,1,0,0,0,0
TXN_9952479,1.0,4.0,4.0,2023-12-06,12,6,2,0,0,0,0,1,0,0,0,1,1
TXN_9954652,2.0,2.0,4.0,2023-09-12,9,12,1,1,0,0,0,0,0,0,0,0,0
TXN_9956154,4.0,3.0,12.0,2023-05-11,5,11,3,0,0,0,0,0,0,0,0,1,0
TXN_9956671,3.0,3.0,9.0,2023-05-05,5,5,4,0,0,0,0,0,0,0,1,0,1
TXN_9959765,4.0,3.0,12.0,2023-02-19,2,19,6,0,0,1,0,0,0,0,0,0,1
TXN_9959813,4.0,4.0,16.0,2023-09-05,9,5,1,0,0,0,0,1,0,0,0,1,0
TXN_9960577,1.0,4.0,4.0,2023-06-24,6,24,5,0,0,0,0,1,0,0,0,0,0
TXN_9965686,4.0,3.0,12.0,2023-10-02,10,2,0,0,0,0,0,0,0,0,1,0,1
TXN_9967728,4.0,2.0,8.0,2023-01-30,1,30,0,1,0,0,0,0,0,0,0,1,0
TXN_9968926,2.0,3.0,6.0,2023-03-15,3,15,2,0,0,1,0,0,0,0,0,1,1
TXN_9968943,1.0,4.0,4.0,2023-07-25,7,25,1,0,0,0,0,0,1,0,0,1,0
TXN_9969283,3.0,4.0,12.0,2023-10-26,10,26,3,0,0,0,0,1,0,0,0,1,1
TXN_9969706,5.0,3.0,15.0,2023-03-17,3,17,4,0,0,0,0,0,0,0,0,1,0
TXN_9969836,5.0,1.0,5.0,2023-04-06,4,6,3,0,1,0,0,0,0,0,0,1,1
TXN_9970195,2.0,2.0,4.0,2023-11-10,11,10,4,1,0,0,0,0,0,0,0,1,0
TXN_9970653,5.0,4.0,20.0,2023-12-30,12,30,5,0,0,0,0,1,0,0,0,1,1
TXN_9970964,2.0,4.0,8.0,2023-07-07,7,7,4,0,0,0,0,0,1,0,1,0,1
TXN_9970966,5.0,2.0,10.0,2023-09-09,9,9,5,1,0,0,0,0,0,0,0,1,0
TXN_9971927,3.0,4.0,12.0,2023-08-07,8,7,0,0,0,0,0,0,1,0,0,1,1
TXN_9972525,4.0,2.0,8.0,2023-07-31,7,31,0,1,0,0,0,0,0,0,0,1,0
TXN_9975079,2.0,4.0,8.0,2023-08-26,8,26,5,0,0,0,0,0,1,0,0,0,1
TXN_9975321,2.0,5.0,10.0,2023-03-25,3,25,5,0,0,0,1,0,0,0,0,1,0
TXN_9976598,4.0,3.0,12.0,2023-01-10,1,10,1,0,0,1,0,0,0,0,1,0,1
TXN_9981953,3.0,4.0,12.0,2023-02-03,2,3,4,0,0,0,0,0,1,0,0,1,1
TXN_9982090,5.0,1.5,7.5,2023-06-03,6,3,5,0,0,0,0,0,0,1,0,1,0
TXN_9983356,2.0,4.0,8.0,2023-09-20,9,20,2,0,0,0,0,1,0,0,0,1,1
TXN_9983518,2.0,1.5,3.0,2023-07-18,7,18,1,0,0,0,0,0,0,1,1,0,0
TXN_9983530,3.0,4.0,12.0,2023-01-04,1,4,2,0,0,0,0,0,1,0,0,1,1
TXN_9987017,5.0,1.0,5.0,2023-03-14,3,14,1,0,1,0,0,0,0,0,0,0,1
TXN_9987991,4.0,4.0,16.0,2023-02-21,2,21,1,0,0,0,0,0,1,0,1,0,1
TXN_9988801,5.0,4.0,20.0,2023-10-20,10,20,4,0,0,0,0,0,1,0,0,0,0
TXN_9989239,5.0,1.5,7.5,2023-04-28,4,28,4,0,0,0,0,0,0,1,0,1,0
TXN_9989242,4.0,4.0,16.0,2023-09-12,9,12,1,0,0,0,0,1,0,0,0,1,0
TXN_9989415,5.0,4.0,20.0,2023-05-26,5,26,4,0,0,0,0,0,1,0,1,0,1
TXN_9989458,3.0,4.0,12.0,2023-02-16,2,16,3,0,0,0,0,0,1,0,0,0,1
TXN_9989719,2.0,4.0,8.0,2023-11-26,11,26,6,0,0,0,0,0,1,0,1,0,1
TXN_9991225,5.0,3.0,15.0,2023-02-03,2,3,4,0,0,0,0,0,0,0,1,0,1
TXN_9991468,4.0,3.0,12.0,2023-11-30,11,30,3,0,0,1,0,0,0,0,1,0,0
TXN_9992148,3.0,1.5,4.5,2023-01-14,1,14,5,0,0,0,0,0,0,1,0,0,1
TXN_9996195,5.0,3.0,15.0,2023-03-16,3,16,3,0,0,1,0,0,0,0,0,1,0
TXN_9996968,1.0,4.0,4.0,2023-10-14,10,14,5,0,0,0,0,1,0,0,0,0,0
TXN_9997263,2.0,1.0,2.0,2023-03-05,3,5,6,0,1,0,0,0,0,0,0,1,0
TXN_9997620,2.0,1.0,2.0,2023-12-11,12,11,0,0,1,0,0,0,0,0,0,0,1
TXN_9999113,4.0,3.0,12.0,2023-05-27,5,27,5,0,0,1,0,0,0,0,0,0,1
